[{"name":"theme_info","theme_name":"Jewelias","theme_author":"Halothemes","theme_version":"1.0.0","theme_documentation_url":"https:\/\/help.shopify.com\/manual\/using-themes\/sections","theme_support_url":"https:\/\/www.halothemes.com\/support\/"},{"name":"Welcome","settings":[{"type":"paragraph","content":"Theme settings allow designers to provide an easy way for any user to customize the look and feel of their shop without having to delve into HTML or CSS code. Please see our [help page on theme settings](http:\/\/docs.shopify.com\/themes\/theme-templates\/settings) to learn more about how you can make your theme customizable."}]},{"name":"Multiple Layout","settings":[{"type":"header","content":"Product Details Page"},{"type":"radio","id":"layout_product","label":"Product Details Layout","options":[{"value":"default","label":"Default"},{"value":"pr_gallery","label":"Vertical Tab Without Sidebar"}],"default":"default"}]},{"name":"Multi Languages","settings":[{"type":"checkbox","id":"enable_multilang_shopify","label":"Enable Multi Languages","default":true},{"type":"text","id":"lange_1","label":"Language 1","default":"German"},{"type":"image","id":"i-lang-1.png","label":"Language 1 Icon","max-width":23,"max-height":16,"info":"23px x 16px .png"},{"type":"text","id":"lange_2","label":"Language 2","default":"English"},{"type":"image","id":"i-lang-2.png","label":"Language 2 Icon","max-width":23,"max-height":16,"info":"23px x 16px .png"},{"type":"text","id":"lange_3","label":"Language 3"},{"type":"image","id":"i-lang-3.png","label":"Language 3 Icon","max-width":23,"max-height":16,"info":"23px x 16px .png"},{"type":"text","id":"lange_4","label":"Language 4"},{"type":"image","id":"i-lang-4.png","label":"Language 4 Icon","max-width":23,"max-height":16,"info":"23px x 16px .png"},{"type":"text","id":"lange_5","label":"Language 5"},{"type":"image","id":"i-lang-5.png","label":"Language 5 Icon","max-width":23,"max-height":16,"info":"23px x 16px .png"},{"type":"text","id":"lange_6","label":"Language 6"},{"type":"image","id":"i-lang-6.png","label":"Language 6 Icon","max-width":23,"max-height":16,"info":"23px x 16px .png"}]},{"name":"Sticky Add To Cart","settings":[{"type":"checkbox","id":"display_sticky","label":"Display?","default":true},{"type":"checkbox","id":"display_sticky_mb","label":"Display Mobile ?","default":true},{"type":"checkbox","id":"display_countdown","label":"Display Countdown?","default":true},{"type":"text","id":"text_countdown","label":"Text Countdown","default":"Limited-Time Offers, End in:"},{"type":"color","id":"bg_sticky","label":"Background Color","default":"#fff"},{"type":"color","id":"color_sticky","label":"Text Color","default":"#5a5a5a"},{"type":"color","id":"sticky_text_color_countdown","label":"Countdown Text Color","default":"#2d2d2d"},{"type":"color","id":"sticky_clock_text_color_countdown","label":"Countdown Clock Color","default":"#191919"},{"type":"color","id":"sticky_wishlist_color","label":"Wishlist Icon Color","default":"#d41d42"}]},{"name":"Social media","settings":[{"type":"header","content":"Social accounts"},{"type":"text","id":"social_facebook_link","label":"Facebook","info":"https:\/\/facebook.com\/shopify"},{"type":"text","id":"social_twitter_link","label":"Twitter","info":"https:\/\/twitter.com\/shopify"},{"type":"text","id":"social_vimeo_link","label":"Vimeo","info":"https:\/\/vimeo.com\/shopify"},{"type":"text","id":"social_instagram_link","label":"Instagram","info":"http:\/\/instagram.com\/shopify"},{"type":"text","id":"social_google_plus_link","label":"Google Plus","info":"https:\/\/plus.google.com\/+shopify"},{"type":"text","id":"social_pinterest_link","label":"Pinterest","info":"https:\/\/pinterest.com\/shopify"},{"type":"text","id":"social_tumblr_link","label":"Tumblr","info":"http:\/\/shopify.tumblr.com"},{"type":"text","id":"social_snapchat_link","label":"Snapchat","info":"https:\/\/www.snapchat.com\/add\/shopify"},{"type":"text","id":"social_youtube_link","label":"YouTube","info":"https:\/\/www.youtube.com\/shopify"}]},{"name":"Background","settings":[{"type":"radio","id":"bg_body_img","label":"Background image","options":[{"value":"bg-body.png","label":"Uploaded image"},{"value":"none","label":"Solid color (no image)"}]},{"type":"color","id":"bg_body_color","label":"Background color","default":"#fff"},{"type":"radio","id":"bg_body_position_x","label":"Horizontal position","options":[{"value":"left","label":"Left"},{"value":"center","label":"Center"},{"value":"right","label":"Right"}]},{"type":"radio","id":"bg_body_position_y","label":"Vertical position","options":[{"value":"top","label":"Top"},{"value":"center","label":"Center"},{"value":"bottom","label":"Bottom"}]},{"type":"select","id":"bg_body_repeat","label":"Repeat","options":[{"value":"repeat","label":"Horizontally and vertically"},{"value":"repeat-x","label":"Horizontally only"},{"value":"repeat-y","label":"Vertically only"},{"value":"no-repeat","label":"Don't repeat"}]},{"type":"select","id":"bg_body_attachment","label":"Attachment","options":[{"value":"scroll","label":"Scroll"},{"value":"fixed","label":"Fixed"}]},{"type":"image","id":"bg-body.png","label":"Upload a new image","max-width":2000,"max-height":2000}]},{"name":"General","settings":[{"type":"image_picker","id":"favicon","label":"Favicon","info":"16px x 16px .png"},{"type":"text","id":"body_font_size","label":"Body Font Size","default":"12","info":"Default Value: 12"},{"type":"header","content":"Open Graph Share"},{"type":"checkbox","id":"enable_opengraph","label":"Enable Open Graph?","default":true},{"type":"image_picker","id":"image_share","label":"Image Share Homepage","info":"Minimum size: 200x200"},{"type":"header","content":"Back To Top Button"},{"type":"checkbox","id":"enable_backtotop","label":"Enable?","default":true},{"type":"header","content":"Color"},{"type":"color","id":"body_color","label":"Body Color","default":"#5a5a5a","info":"Default Value: #5a5a5a"},{"type":"color","id":"link_color","label":"Link Color","default":"#5a5a5a","info":"Default Value: #5a5a5a"},{"type":"color","id":"link_color_hover","label":"Link Color When Hover","default":"#87724f","info":"Default Value: #87724f"},{"type":"header","content":"Breadcrumb"},{"type":"checkbox","id":"display_breadcrumb","label":"Display Breadcrumb?","default":true},{"type":"color","id":"breadcrumb_color","label":"Breadcrumb Color","default":"#787878","info":"Default Value: #787878"},{"type":"select","id":"breadcrumb_text_transform","label":"Breadcrumb Text Transform","options":[{"value":"uppercase","label":"Uppercase"},{"value":"capitalize","label":"Capitalize"},{"value":"lowercase","label":"Lowercase"}],"default":"capitalize","info":"Default Value: Capitalize"},{"type":"header","content":"Header and Title"},{"type":"color","id":"page_title_color","label":"Page Title Color","default":"#191919","info":"Default Value: #191919"},{"type":"color","id":"color_des","label":"Color Description","default":"#5a5a5a"},{"type":"header","content":"Multiple Filter Choices"},{"type":"checkbox","id":"enable_sidebar_multiple_choice","label":"Enable","default":true,"info":"User can select multiple colors (size, brand...) or only one color (size, brand...)?"},{"type":"header","content":"border color"},{"type":"color","id":"color_border","label":"Border Color","default":"#c7c7c7"},{"type":"header","content":"Image"},{"type":"checkbox","id":"enable_hover_image","label":"Enable blur effect when hover over banners\/images","default":true},{"type":"header","content":"arrow"},{"type":"color","id":"slick_arrow_color","label":"Color Arrow","default":"#000000"},{"type":"header","content":"dots"},{"type":"color","id":"dots_color","label":"Color Dots","default":"#c5c5c5"},{"type":"color","id":"dots_border_color","label":"Color Active Dots","default":"#c5c5c5"},{"type":"header","content":"Close Icons","info":"Use for Quick View Popup, Add To Cart Popup"},{"type":"color","id":"close_color","label":"Color Close","default":"#fff"},{"type":"color","id":"close_bg","label":"Background Close","default":"#000"},{"type":"color","id":"close_color_hover","label":"Color Hover Close","default":"#fff"},{"type":"color","id":"close_bg_hover","label":"Background Hover Close","default":"#ee3520"},{"type":"header","content":"Close Icons Mobile","info":"Use for Menu Popup, Customer Login Popup and Sidebar Popup"},{"type":"color","id":"close_mobile_bg","label":"Background Close Mobile","default":"#e02858"},{"type":"color","id":"close_mobile_color","label":"Color Close Mobile","default":"#ffffff"},{"type":"header","content":"Back To Top Button"},{"type":"color","id":"back_to_top_bg","label":"Background Back To Top","default":"#bbbbbb"},{"type":"color","id":"back_to_top_color","label":"Color Back To Top","default":"#ffffff"},{"type":"color","id":"back_to_top_border","label":"Border Back To Top","default":"#bbbbbb"},{"type":"color","id":"back_to_top_bg_hover","label":"Background Hover Back To Top","default":"#000000"},{"type":"color","id":"back_to_top_color_hover","label":"Color Hover Back To Top","default":"#ffffff"},{"type":"color","id":"back_to_top_border_hover","label":"Border Hover Back To Top","default":"#000000"},{"type":"header","content":"Color Swatch"},{"type":"checkbox","id":"use_color_swatch","label":"Use Color Swatch?","default":true},{"type":"checkbox","id":"use_variant_swatch","label":"Use Variant images for Swatch ","default":true,"info":"(Note: to show Variant images for Swatch, you must choose both of above options)"},{"type":"header","content":"Terms And Conditions Checkbox"},{"type":"checkbox","id":"enable_checkbox","label":"Show Checkbox","default":true},{"type":"text","id":"checkbox_text","label":"Terms and conditions text","default":"I agree with the terms and conditions"}]},{"name":"Button","settings":[{"type":"header","content":"Button 1","info":"Use for  Select Option, Add To Cart in Mega Menu, Sidebar Featured Products; Login in My Account Dropdown; Shop Now in Weekly’s Special; Follow us on Instagram in Instagram; Add To Wish List in Collection Page (List View);..."},{"type":"color","id":"btn_1_bg_color","label":"Button 1 Background Color","default":"#fff","info":"Default Value: #fff"},{"type":"color","id":"btn_1_border_color","label":"Button 1 Border Color","default":"#646464","info":"Default Value: #646464"},{"type":"color","id":"btn_1_text_color","label":"Button 1 Text Color","default":"#191919","info":"Default Value: #191919"},{"type":"header","content":"Hovering Button 1"},{"type":"color","id":"btn_2_bg_color","label":"Hover Background Color","default":"#0f0f0f","info":"Default Value: #0f0f0f"},{"type":"color","id":"btn_2_border_color","label":"Hover Border Color","default":"#0f0f0f","info":"Default Value: #0f0f0f"},{"type":"color","id":"btn_2_text_color","label":"Hover Text Color","default":"#fff","info":"Default Value: #fff"},{"type":"header","content":"Button 2","info":"Use for Checkout Now in Cart Dropdown; Register in My Account Dropdown; Select Option, Add To Cart in Collection page (List View), Sticky Add To Cart; Add to cart in Product Detail; Subscribe Button in Newsletter Popup;..."},{"type":"color","id":"btn_3_bg_color","label":"Background Color","default":"#0f0f0f","info":"Default Value: #0f0f0f"},{"type":"color","id":"btn_3_border_color","label":"Border Color","default":"#0f0f0f","info":"Default Value: #0f0f0f"},{"type":"color","id":"btn_3_text_color","label":"Text Color","default":"#fff","info":"Default Value: #fff"},{"type":"header","content":"Hovering Button 2"},{"type":"color","id":"btn_4_bg_color","label":"Hover Background Color","default":"#fff","info":"Default Value: #fff"},{"type":"color","id":"btn_4_border_color","label":"Hover Border Bottom Color","default":"#646464","info":"Default Value: #646464"},{"type":"color","id":"btn_4_text_color","label":"Hover Text Color","default":"#191919","info":"Default Value: #191919"},{"type":"header","content":"Button 3","info":"Use for Shop Now in Mega Menu Style 2"},{"type":"color","id":"btn_5_bg_color","label":"Button 5 Background Color","default":"#87724f","info":"Default Value: #87724f"},{"type":"color","id":"btn_5_border_color","label":"Button 5 Border Color","default":"#87724f","info":"Default Value: #87724f"},{"type":"color","id":"btn_5_text_color","label":"Button 5 Text Color","default":"#ffffff","info":"Default Value: #ffffff"},{"type":"header","content":"Hovering Button 3"},{"type":"color","id":"btn_6_bg_color","label":"Hover Background Color","default":"#fff","info":"Default Value: #fff"},{"type":"color","id":"btn_6_border_color","label":"Hover Border Color","default":"#87724f","info":"Default Value: #87724f"},{"type":"color","id":"btn_6_text_color","label":"Hover Text Color","default":"#87724f","info":"Default Value: #87724f"},{"type":"header","content":"Button 4","info":"Use for Add To Wish List, Buy It Now in Product Detail"},{"type":"color","id":"btn_7_bg_color","label":"Background Color","default":"#d41d42","info":"Default Value: #d41d42"},{"type":"color","id":"btn_7_border_color","label":"Border Color","default":"#d41d42","info":"Default Value: #d41d42"},{"type":"color","id":"btn_7_text_color","label":"Text Color","default":"#fff","info":"Default Value: #fff"},{"type":"header","content":"Hovering Button 4"},{"type":"color","id":"btn_8_bg_color","label":"Hover Background Color","default":"#fff","info":"Default Value: #fff"},{"type":"color","id":"btn_8_border_color","label":"Hover Border Color","default":"#d41d42","info":"Default Value: #d41d42"},{"type":"color","id":"btn_8_text_color","label":"Hover Text Color","default":"#d41d42","info":"Default Value: #d41d42"},{"type":"header","content":"Button Show More","info":"Use for Button Show More, Load More"},{"type":"color","id":"bg_show_more","label":"Background Color","default":"#ffffff","info":"Default Value: #ffffff"},{"type":"color","id":"border_show_more","label":"Border Color","default":"#a0a0a0","info":"Default Value: #a0a0a0"},{"type":"color","id":"color_show_more","label":"Text Color","default":"#787878","info":"Default Value: #787878"},{"type":"header","content":"Hovering Button Show More","info":"Use for Show More, Load More"},{"type":"color","id":"bg_show_more_hover","label":"Hover Background Color","default":"#87724f","info":"Default Value: #87724f"},{"type":"color","id":"border_show_more_hover","label":"Hover Border Color","default":"#87724f","info":"Default Value: #87724f"},{"type":"color","id":"color_show_more_hover","label":"Hover Text Color","default":"#ffffff","info":"Default Value: #ffffff"},{"type":"header","content":"Button Disabled","info":"Use for Button No More Product, Out Of Stock"},{"type":"color","id":"disabled_btn_bg","label":"Background Color","default":"#c9c9c9","info":"Default Value: #c9c9c9"},{"type":"color","id":"disabled_btn_border","label":"Border Color","default":"#c9c9c9","info":"Default Value: #c9c9c9"},{"type":"color","id":"disabled_btn_color","label":"Text Color","default":"#fff","info":"Default Value: #fff"}]},{"name":"Newsletter Popup","settings":[{"type":"checkbox","id":"display_popup_newsletter","label":"Display Newsletter Popup?","default":true},{"type":"select","id":"when_to_show","label":"When To Show","options":[{"value":"first_time","label":"With 'No, thanks' Option"},{"value":"all_the_time","label":"Without 'No, thanks' Option"}],"default":"first_time","info":"Default Value: With 'No, thanks' Option"},{"type":"text","id":"popup_newsletter_expire","label":"Newsletter Popup shows again after (days)","default":"1"},{"type":"image_picker","id":"newsletter","label":"Upload a new newsletter image","info":"Recommended Image: Width x Height (319 x 360)PX"},{"type":"text","id":"popup_newsletter_title","label":"Newsletter Popup Title"},{"type":"text","id":"popup_newsletter_sub_title","label":"Newsletter Popup Sub Title"},{"type":"text","id":"popup_newsletter_message","label":"Newsletter Popup Message"},{"type":"checkbox","id":"display_popup_newsletter_text_note","label":"Display Popup Newsletter Text Note?","default":true},{"type":"text","id":"popup_newsletter_text_note","label":"Popup Newsletter Text Note"},{"type":"header","content":"Social"},{"type":"checkbox","id":"display_popup_social","label":"Display Popup Newsletter?","default":true},{"type":"text","id":"newssletter_success_text","label":"Successfully Subscribed Text","default":"You have successfully subscribed!"},{"type":"text","id":"newssletter_error_text","label":"Error Subscribed Text","default":"This email has been registered"}]},{"name":"Wishlist","settings":[{"type":"checkbox","id":"enable_wishlist","label":"Enable wishlist","default":true}]},{"name":"Product Item","settings":[{"type":"header","content":"Product Image"},{"type":"checkbox","id":"image_swap","label":"Use Image Swap","default":true},{"type":"checkbox","id":"product_image_resize","label":"Resize image?","info":"If your images don't have the same size, pleases turn on resize image to have better look."},{"type":"checkbox","id":"product_image_crop","label":"Crop image? (Resize Image First)","info":"All product images will have same height"},{"type":"range","id":"product_image_height","label":"Image Height (%)","info":"Use for resize\/crop image","min":50,"max":150,"step":10,"default":130},{"type":"header","content":"Vendor"},{"type":"checkbox","id":"show_vendor","label":"Show product vendors","default":false},{"type":"color","id":"color_vendor","label":"Color Vendor","default":"#000"},{"type":"header","content":"Reviews"},{"type":"checkbox","id":"display_product_reviews","label":"Show Reviews","default":true},{"type":"color","id":"color_no_reviews","label":"Color No Reviews","default":"#eaeaea"},{"type":"color","id":"color_has_reviews","label":"Color Has Reviews","default":"#fcb813"},{"type":"header","content":"Color Variant"},{"type":"checkbox","id":"display_item_swatch","label":"Show Color Variant","default":true},{"type":"color","id":"border_item_swatch","label":"Border Color Swatch","default":"#cbcbcb"},{"type":"color","id":"border_active_item_swatch","label":"Border Color active Swatch ","default":"#ef6454"},{"type":"header","content":"Size Variant"},{"type":"checkbox","id":"display_item_size","label":"Show Size Variant","default":true},{"type":"color","id":"color_size","label":"Color Size Variant","default":"#ffffff"},{"type":"color","id":"hv_color_size","label":"Hover Color Size Variant","default":"#fff"},{"type":"header","content":"Product title"},{"type":"select","id":"product_name_text_transform","label":"Product Name Text Transform","options":[{"value":"none","label":"None"},{"value":"uppercase","label":"Uppercase"},{"value":"capitalize","label":"Capitalize"},{"value":"lowercase","label":"Lowercase"}],"default":"none","info":"Default Value: None"},{"type":"color","id":"color_title_product","label":"Color Title Product","default":"#000"},{"type":"color","id":"color_title_product_hover","label":"Hover Color Title Product","default":"#178dc9"},{"type":"header","content":"label"},{"type":"color","id":"sale_text","label":"Sale Text","default":"#fff"},{"type":"color","id":"bg_sale","label":"Background Sale","default":"#e82b1a"},{"type":"color","id":"new_text","label":"New Text","default":"#fff"},{"type":"color","id":"bg_new","label":"Background New","default":"#178dc9"},{"type":"color","id":"sold_out_text","label":"Sold out Text","default":"#fff"},{"type":"color","id":"bg_sold_out","label":"Background Sold out","default":"#a4a4a4"},{"type":"header","content":"price"},{"type":"color","id":"color_price","label":"Color Price","default":"#000"},{"type":"color","id":"color_price_sale","label":"Color Price Sale","default":"#e82b1a"},{"type":"color","id":"color_compare_price","label":"Color Compare Price","default":"#aaaaaa"},{"type":"header","content":"Quick View"},{"type":"color","id":"color_quick_view","label":"Color Quick View","default":"#fff"},{"type":"color","id":"hv_color_quick_view","label":"Color Quick View Hover","default":"#fff"},{"type":"header","content":"Wishlist"},{"type":"color","id":"color_wishlist","label":"Color Wishlist Icon","default":"#ff8c23"},{"type":"color","id":"color_active_wishlist","label":"Color active Wishlist Icon","default":"#f26b5b"},{"type":"header","content":"Add To Cart button"},{"type":"checkbox","id":"display_add_to_cart","label":"Show Add To Cart","default":true},{"type":"checkbox","id":"display_add_to_cart_mb","label":"Show Add To Cart on Mobile","default":true},{"type":"color","id":"bg_add_to_cart","label":"Background Color","default":"#fff"},{"type":"color","id":"border_add_to_cart","label":"Border Color","default":"#fff"},{"type":"color","id":"color_add_to_cart","label":"Text Color","default":"#191919"},{"type":"color","id":"bg_add_to_cart_hover","label":"Background Color Hover","default":"#191919"},{"type":"color","id":"border_add_to_cart_hover","label":"Border Color Hover","default":"#191919"},{"type":"color","id":"color_add_to_cart_hover","label":"Text Color Hover","default":"#fff"},{"type":"header","content":"Scrolling"},{"type":"checkbox","id":"collection_infinite_scrolling","label":"Enable Infinite Scrolling (Show More Button)","default":true},{"type":"checkbox","id":"infinity_scroll_feature","label":"Enable Infinity Scroll Feature","default":true}]},{"name":"Products Quickview","settings":[{"type":"checkbox","id":"enable_quick_view","label":"Enable quickview","default":true},{"type":"text","id":"click_to_zoom","label":"Zoom text","default":"Zoom the image with the mouse","info":"Zoom the image with the mouse"},{"type":"header","content":"Video Product"},{"type":"checkbox","id":"video_product","label":"Display","default":true},{"type":"color","id":"video_product_icon","label":"Icon color","default":"#787878","info":"Default Value: #787878"},{"type":"header","content":"Product Info"},{"type":"checkbox","id":"display_quickview_availability","label":"Display Availability?","default":true},{"type":"text","id":"quickview_text_availability","label":"Text Availability","default":"Availability"},{"type":"checkbox","id":"display_quickview_product_sku","label":"Display Product SKU?","default":true},{"type":"text","id":"text_quickview_product_sku","label":"Text Product SKU","default":"SKU:"},{"type":"checkbox","id":"display_quickview_product_type","label":"Display Product Type?","default":true},{"type":"text","id":"quickview_text_product_type","label":"Text Product Type","default":"Product Type"},{"type":"checkbox","id":"display_quickview_vendor","label":"Display Product Vendor?","default":true},{"type":"text","id":"quickview_text_vendor","label":"Text Product Vendor","default":"Vendor"},{"type":"checkbox","id":"display_quickview_countdown","label":"Display Countdown?","default":true},{"type":"text","id":"text_quickview_countdown","label":"Text Countdown","default":"Limited-Time Offers, End in:"},{"type":"checkbox","id":"display_quickview_short_desc","label":"Display Short Description?","default":true},{"type":"checkbox","id":"display_quickview_subtotal","label":"Display Subtotal?","default":true},{"type":"checkbox","id":"display_quickview_share","label":"Display Product Share?","default":true},{"type":"checkbox","id":"dpl_quickview_seal_logo","label":"Display Seal Logo?","default":true},{"type":"header","content":"Customers viewing"},{"type":"checkbox","id":"dpl_customers_view","label":"Display Customers viewing","default":true},{"type":"text","id":"title_view","label":"Title","default":"customers are viewing this product"},{"type":"textarea","id":"number_view","label":"Number of customers viewing","default":"283, 100, 59, 11, 14, 185, 193, 165, 50, 38, 99, 112, 46, 10, 125, 200, 250, 18","info":"Please enter the number"}]},{"name":"Size Chart Popup","settings":[{"type":"header","content":"Size Chart"},{"type":"checkbox","id":"display_size_chart","label":"Display Size Chart?","default":true},{"type":"radio","id":"type_size_chart","label":"Size Chart Options:","options":[{"value":"product_type","label":"Product Type"},{"value":"product_vendor","label":"Product Vendor"},{"value":"product_title","label":"Different for each product"},{"value":"default","label":"Use the same size chart for all products"}],"default":"default"},{"type":"text","id":"custom_size_chart_title","label":"Size Chart Title","default":"Size Chart"},{"type":"image_picker","id":"custom_size_chart","label":"Size Chart Image"}]},{"name":"Seal Logos","settings":[{"type":"checkbox","id":"dpl_seal_logo_1","label":"Display Icon Norton Secured","default":true},{"type":"image_picker","id":"seal_logo_1","label":"Norton Secured image"},{"type":"checkbox","id":"dpl_seal_logo_2","label":"Display Icon ETRUSTe Verified","default":true},{"type":"image_picker","id":"seal_logo_2","label":"ETRUSTe Verified image"},{"type":"checkbox","id":"dpl_seal_logo_3","label":"Display Icon Authorize.Net","default":true},{"type":"image_picker","id":"seal_logo_3","label":"Authorize.Net image"},{"type":"checkbox","id":"dpl_seal_logo_4","label":"Display Icon Accredited Business","default":true},{"type":"image_picker","id":"seal_logo_4","label":"Accredited Business image"}]},{"name":"Cart","settings":[{"type":"checkbox","id":"ajax_cart","label":"Enable Ajax Cart","default":true},{"type":"header","content":"Shipping rate calculator"},{"type":"checkbox","id":"show_shipping_calculator","label":"Display shipping rates calculator","default":true},{"type":"text","id":"shipping_calculator_heading","label":"Shipping Rates Calculator Heading","default":"Shipping rates calculator"},{"type":"select","id":"shipping_calculator_default_country","label":"Shipping Rates Calculator default country selection","options":[{"value":"","label":"-- Please Select --"},{"value":"Vietnam","label":"Vietnam"},{"value":"Canada","label":"Canada"},{"value":"Australia","label":"Australia"},{"value":"Afghanistan","label":"Afghanistan"},{"value":"Aland Islands","label":"Aland Islands"},{"value":"Albania","label":"Albania"},{"value":"Algeria","label":"Algeria"},{"value":"Andorra","label":"Andorra"},{"value":"Angola","label":"Angola"},{"value":"Anguilla","label":"Anguilla"},{"value":"Antigua And Barbuda","label":"Antigua And Barbuda"},{"value":"Argentina","label":"Argentina"},{"value":"Armenia","label":"Armenia"},{"value":"Aruba","label":"Aruba"},{"value":"Austria","label":"Austria"},{"value":"Azerbaijan","label":"Azerbaijan"},{"value":"Bahamas","label":"Bahamas"},{"value":"Bahrain","label":"Bahrain"},{"value":"Bangladesh","label":"Bangladesh"},{"value":"Barbados","label":"Barbados"},{"value":"Belarus","label":"Belarus"},{"value":"Belgium","label":"Belgium"},{"value":"Belize","label":"Belize"},{"value":"Benin","label":"Benin"},{"value":"Bermuda","label":"Bermuda"},{"value":"Bhutan","label":"Bhutan"},{"value":"Bolivia","label":"Bolivia"},{"value":"Bosnia And Herzegovina","label":"Bosnia And Herzegovina"},{"value":"Botswana","label":"Botswana"},{"value":"Bouvet Island","label":"Bouvet Island"},{"value":"Brazil","label":"Brazil"},{"value":"British Indian Ocean Territory","label":"British Indian Ocean Territory"},{"value":"Brunei","label":"Brunei"},{"value":"Bulgaria","label":"Bulgaria"},{"value":"Burkina Faso","label":"Burkina Faso"},{"value":"Burma","label":"Burma"},{"value":"Burundi","label":"Burundi"},{"value":"Cambodia","label":"Cambodia"},{"value":"Cape Verde","label":"Cape Verde"},{"value":"Cayman Islands","label":"Cayman Islands"},{"value":"Central African Republic","label":"Central African Republic"},{"value":"Chad","label":"Chad"},{"value":"Chile","label":"Chile"},{"value":"China","label":"China"},{"value":"Christmas Island","label":"Christmas Island"},{"value":"Cocos (Keeling) Islands","label":"Cocos (Keeling) Islands"},{"value":"Colombia","label":"Colombia"},{"value":"Comoros","label":"Comoros"},{"value":"Congo","label":"Congo"},{"value":"Congo, The Democratic Republic Of The","label":"Congo, The Democratic Republic Of The"},{"value":"Cook Islands","label":"Cook Islands"},{"value":"Costa Rica","label":"Costa Rica"},{"value":"Croatia","label":"Croatia"},{"value":"Cuba","label":"Cuba"},{"value":"Curaçao","label":"Curaçao"},{"value":"Cyprus","label":"Cyprus"},{"value":"Czech Republic","label":"Czech Republic"},{"value":"Côte d'Ivoire","label":"Côte d'Ivoire"},{"value":"Denmark","label":"Denmark"},{"value":"Djibouti","label":"Djibouti"},{"value":"Dominica","label":"Dominica"},{"value":"Dominican Republic","label":"Dominican Republic"},{"value":"Ecuador","label":"Ecuador"},{"value":"Egypt","label":"Egypt"},{"value":"El Salvador","label":"El Salvador"},{"value":"Equatorial Guinea","label":"Equatorial Guinea"},{"value":"Eritrea","label":"Eritrea"},{"value":"Estonia","label":"Estonia"},{"value":"Ethiopia","label":"Ethiopia"},{"value":"Falkland Islands (Malvinas)","label":"Falkland Islands (Malvinas)"},{"value":"Faroe Islands","label":"Faroe Islands"},{"value":"Fiji","label":"Fiji"},{"value":"Finland","label":"Finland"},{"value":"France","label":"France"},{"value":"French Guiana","label":"French Guiana"},{"value":"French Polynesia","label":"French Polynesia"},{"value":"French Southern Territories","label":"French Southern Territories"},{"value":"Gabon","label":"Gabon"},{"value":"Gambia","label":"Gambia"},{"value":"Georgia","label":"Georgia"},{"value":"Germany","label":"Germany"},{"value":"Ghana","label":"Ghana"},{"value":"Gibraltar","label":"Gibraltar"},{"value":"Greece","label":"Greece"},{"value":"Greenland","label":"Greenland"},{"value":"Grenada","label":"Grenada"},{"value":"Guadeloupe","label":"Guadeloupe"},{"value":"Guatemala","label":"Guatemala"},{"value":"Guernsey","label":"Guernsey"},{"value":"Guinea","label":"Guinea"},{"value":"Guinea Bissau","label":"Guinea Bissau"},{"value":"Guyana","label":"Guyana"},{"value":"Haiti","label":"Haiti"},{"value":"Heard Island And Mcdonald Islands","label":"Heard Island And Mcdonald Islands"},{"value":"Holy See (Vatican City State)","label":"Holy See (Vatican City State)"},{"value":"Honduras","label":"Honduras"},{"value":"Hong Kong","label":"Hong Kong"},{"value":"Hungary","label":"Hungary"},{"value":"Iceland","label":"Iceland"},{"value":"India","label":"India"},{"value":"Indonesia","label":"Indonesia"},{"value":"Iran, Islamic Republic Of","label":"Iran, Islamic Republic Of"},{"value":"Iraq","label":"Iraq"},{"value":"Ireland","label":"Ireland"},{"value":"Isle Of Man","label":"Isle Of Man"},{"value":"Israel","label":"Israel"},{"value":"Italy","label":"Italy"},{"value":"Jamaica","label":"Jamaica"},{"value":"Japan","label":"Japan"},{"value":"Jersey","label":"Jersey"},{"value":"Jordan","label":"Jordan"},{"value":"Kazakhstan","label":"Kazakhstan"},{"value":"Kenya","label":"Kenya"},{"value":"Kiribati","label":"Kiribati"},{"value":"Korea, Democratic People's Republic Of","label":"Korea, Democratic People's Republic Of"},{"value":"Kosovo","label":"Kosovo"},{"value":"Kuwait","label":"Kuwait"},{"value":"Kyrgyzstan","label":"Kyrgyzstan"},{"value":"Lao People's Democratic Republic","label":"Lao People's Democratic Republic"},{"value":"Latvia","label":"Latvia"},{"value":"Lebanon","label":"Lebanon"},{"value":"Lesotho","label":"Lesotho"},{"value":"Liberia","label":"Liberia"},{"value":"Libyan Arab Jamahiriya","label":"Libyan Arab Jamahiriya"},{"value":"Liechtenstein","label":"Liechtenstein"},{"value":"Lithuania","label":"Lithuania"},{"value":"Luxembourg","label":"Luxembourg"},{"value":"Macao","label":"Macao"},{"value":"Macedonia, Republic Of","label":"Macedonia, Republic Of"},{"value":"Madagascar","label":"Madagascar"},{"value":"Malawi","label":"Malawi"},{"value":"Malaysia","label":"Malaysia"},{"value":"Maldives","label":"Maldives"},{"value":"Mali","label":"Mali"},{"value":"Malta","label":"Malta"},{"value":"Martinique","label":"Martinique"},{"value":"Mauritania","label":"Mauritania"},{"value":"Mauritius","label":"Mauritius"},{"value":"Mayotte","label":"Mayotte"},{"value":"Mexico","label":"Mexico"},{"value":"Moldova, Republic of","label":"Moldova, Republic of"},{"value":"Monaco","label":"Monaco"},{"value":"Mongolia","label":"Mongolia"},{"value":"Montenegro","label":"Montenegro"},{"value":"Montserrat","label":"Montserrat"},{"value":"Morocco","label":"Morocco"},{"value":"Mozambique","label":"Mozambique"},{"value":"Namibia","label":"Namibia"},{"value":"Nauru","label":"Nauru"},{"value":"Nepal","label":"Nepal"},{"value":"Netherlands","label":"Netherlands"},{"value":"Netherlands Antilles","label":"Netherlands Antilles"},{"value":"New Caledonia","label":"New Caledonia"},{"value":"New Zealand","label":"New Zealand"},{"value":"Nicaragua","label":"Nicaragua"},{"value":"Niger","label":"Niger"},{"value":"Nigeria","label":"Nigeria"},{"value":"Niue","label":"Niue"},{"value":"Norfolk Island","label":"Norfolk Island"},{"value":"Norway","label":"Norway"},{"value":"Oman","label":"Oman"},{"value":"Pakistan","label":"Pakistan"},{"value":"Palestinian Territory, Occupied","label":"Palestinian Territory, Occupied"},{"value":"Panama","label":"Panama"},{"value":"Papua New Guinea","label":"Papua New Guinea"},{"value":"Paraguay","label":"Paraguay"},{"value":"Peru","label":"Peru"},{"value":"Philippines","label":"Philippines"},{"value":"Pitcairn","label":"Pitcairn"},{"value":"Poland","label":"Poland"},{"value":"Portugal","label":"Portugal"},{"value":"Qatar","label":"Qatar"},{"value":"Republic of Cameroon","label":"Republic of Cameroon"},{"value":"Reunion","label":"Reunion"},{"value":"Romania","label":"Romania"},{"value":"Russia","label":"Russia"},{"value":"Rwanda","label":"Rwanda"},{"value":"Saint Barthélemy","label":"Saint Barthélemy"},{"value":"Saint Helena","label":"Saint Helena"},{"value":"Saint Kitts And Nevis","label":"Saint Kitts And Nevis"},{"value":"Saint Lucia","label":"Saint Lucia"},{"value":"Saint Martin","label":"Saint Martin"},{"value":"Saint Pierre And Miquelon","label":"Saint Pierre And Miquelon"},{"value":"Samoa","label":"Samoa"},{"value":"San Marino","label":"San Marino"},{"value":"Sao Tome And Principe","label":"Sao Tome And Principe"},{"value":"Saudi Arabia","label":"Saudi Arabia"},{"value":"Senegal","label":"Senegal"},{"value":"Serbia","label":"Serbia"},{"value":"Seychelles","label":"Seychelles"},{"value":"Sierra Leone","label":"Sierra Leone"},{"value":"Singapore","label":"Singapore"},{"value":"Slovakia","label":"Slovakia"},{"value":"Slovenia","label":"Slovenia"},{"value":"Solomon Islands","label":"Solomon Islands"},{"value":"Somalia","label":"Somalia"},{"value":"South Africa","label":"South Africa"},{"value":"South Georgia And The South Sandwich Islands","label":"South Georgia And The South Sandwich Islands"},{"value":"South Korea","label":"South Korea"},{"value":"Spain","label":"Spain"},{"value":"Sri Lanka","label":"Sri Lanka"},{"value":"St. Vincent","label":"St. Vincent"},{"value":"Sudan","label":"Sudan"},{"value":"Suriname","label":"Suriname"},{"value":"Svalbard And Jan Mayen","label":"Svalbard And Jan Mayen"},{"value":"Swaziland","label":"Swaziland"},{"value":"Sweden","label":"Sweden"},{"value":"Switzerland","label":"Switzerland"},{"value":"Syria","label":"Syria"},{"value":"Taiwan","label":"Taiwan"},{"value":"Tajikistan","label":"Tajikistan"},{"value":"Tanzania, United Republic Of","label":"Tanzania, United Republic Of"},{"value":"Thailand","label":"Thailand"},{"value":"Timor Leste","label":"Timor Leste"},{"value":"Togo","label":"Togo"},{"value":"Tokelau","label":"Tokelau"},{"value":"Tonga","label":"Tonga"},{"value":"Trinidad and Tobago","label":"Trinidad and Tobago"},{"value":"Tunisia","label":"Tunisia"},{"value":"Turkey","label":"Turkey"},{"value":"Turkmenistan","label":"Turkmenistan"},{"value":"Turks and Caicos Islands","label":"Turks and Caicos Islands"},{"value":"Tuvalu","label":"Tuvalu"},{"value":"Uganda","label":"Uganda"},{"value":"Ukraine","label":"Ukraine"},{"value":"United Arab Emirates","label":"United Arab Emirates"},{"value":"United Kingdom","label":"United Kingdom"},{"value":"United States","label":"United States"},{"value":"United States Minor Outlying Islands","label":"United States Minor Outlying Islands"},{"value":"Uruguay","label":"Uruguay"},{"value":"Uzbekistan","label":"Uzbekistan"},{"value":"Vanuatu","label":"Vanuatu"},{"value":"Venezuela","label":"Venezuela"},{"value":"Virgin Islands, British","label":"Virgin Islands, British"},{"value":"Wallis And Futuna","label":"Wallis And Futuna"},{"value":"Western Sahara","label":"Western Sahara"},{"value":"Yemen","label":"Yemen"},{"value":"Zambia","label":"Zambia"},{"value":"Zimbabwe","label":"Zimbabwe"}],"default":"Canada"},{"type":"paragraph","content":"If your customer is logged-in, the country in his default shipping address will be selected. If you are not sure about the spelling to use above, refer to your first checkout page."}]},{"name":"Search Page","settings":[{"type":"text","id":"search_1","label":"Your search for (no results html)","default":"Your search for"},{"type":"text","id":"search_2","label":"did not yield any results (no results html)","default":"did not yield any results."},{"type":"text","id":"search_3","label":"Your search for (results for html)","default":"Your search for"},{"type":"text","id":"search_4","label":"revealed the following (results for html)","default":"revealed the following:"}]},{"name":"Money options","settings":[{"type":"checkbox","id":"enable_shopify_payments_currencies","label":"Enable Shopify Payments","info":"* Only avaiable for store has Shopify Payments. Link [here](https:\/\/help.shopify.com\/en\/manual\/payments\/shopify-payments\/multi-currency\/setup). Don't choose both of 3 options. Don't choose Shopify payment with other options.","default":false},{"type":"checkbox","id":"enable_multiple_currencies","label":"Enable Multiple Currencies"},{"type":"checkbox","id":"enable_auto_currency","label":"Enable Automatic Currency"},{"type":"text","id":"currency_1_unit","label":"Currency 1 unit Text","default":"AUD"},{"type":"image","id":"i-currency-1.png","label":"Currency 1 unit Icon","max-width":23,"max-height":16,"info":"23px x 16px .png"},{"type":"text","id":"currency_2_unit","label":"Currency 2 unit Text","default":"EUR"},{"type":"image","id":"i-currency-2.png","label":"Currency 2 unit Icon","max-width":23,"max-height":16,"info":"23px x 16px .png"},{"type":"text","id":"currency_3_unit","label":"Currency 3 unit Text","default":"GBP"},{"type":"image","id":"i-currency-3.png","label":"Currency 3 unit Icon","max-width":23,"max-height":16,"info":"23px x 16px .png"},{"type":"text","id":"currency_4_unit","label":"Currency 4 unit Text","default":"USD"},{"type":"image","id":"i-currency-4.png","label":"Currency 4 unit Icon","max-width":23,"max-height":16,"info":"23px x 16px .png"},{"type":"text","id":"currency_5_unit","label":"Currency 5 unit Text"},{"type":"image","id":"i-currency-5.png","label":"Currency 5 unit Icon","max-width":23,"max-height":16,"info":"23px x 16px .png"},{"type":"text","id":"currency_6_unit","label":"Currency 6 unit Text"},{"type":"image","id":"i-currency-6.png","label":"Currency 6 unit Icon","max-width":23,"max-height":16,"info":"23px x 16px .png"},{"type":"text","id":"currency_7_unit","label":"Currency 7 unit Text"},{"type":"image","id":"i-currency-7.png","label":"Currency 7 unit Icon","max-width":23,"max-height":16,"info":"23px x 16px .png"},{"type":"text","id":"currency_8_unit","label":"Currency 8 unit Text"},{"type":"image","id":"i-currency-8.png","label":"Currency 8 unit Icon","max-width":23,"max-height":16,"info":"23px x 16px .png"},{"type":"text","id":"currency_9_unit","label":"Currency 9 unit Text"},{"type":"image","id":"i-currency-9.png","label":"Currency 9 unit Icon","max-width":23,"max-height":16,"info":"23px x 16px .png"},{"type":"text","id":"currency_10_unit","label":"Currency 10 unit Text"},{"type":"image","id":"i-currency-10.png","label":"Currency 10 unit Icon","max-width":23,"max-height":16,"info":"23px x 16px .png"},{"type":"paragraph","content":"Separate your currency codes with a space. Use the ISO 4217 3-letter currency code. Click [here](http:\/\/www.xe.com\/iso4217.php) for a complete list of currency codes. Example: CAD USD."},{"type":"paragraph","content":"* For this functionality to work in your shop, you are required to edit your money formats as per [these instructions](http:\/\/wiki.shopify.com\/How_to_Show_Multiple_Currencies#Do_tell_where_the_money_is) (“Do tell where the money is”)."}]},{"name":"Fonts","settings":[{"type":"header","content":"Font 1","info":"used for Body Text"},{"type":"radio","id":"font_1","label":"Select font type:","options":[{"value":"normal_fonts","label":"Normal Fonts"},{"value":"google_fonts","label":"Google Fonts [Where do I find Google Fonts?](http:\/\/www.google.com\/fonts)"}],"default":"google_fonts"},{"type":"text","id":"fonts_name_1","label":"Fonts Name","default":"Arimo"}]}]