[{"name":"theme_info","theme_name":"Petica","theme_author":"Halothemes","theme_version":"1.0.0","theme_documentation_url":"https:\/\/help.shopify.com\/manual\/using-themes\/sections","theme_support_url":"https:\/\/support.shopify.com\/"},{"name":"Welcome","settings":[{"type":"paragraph","content":"Theme settings allow designers to provide an easy way for any user to customize the look and feel of their shop without having to delve into HTML or CSS code. Please see our [help page on theme settings](http:\/\/docs.shopify.com\/themes\/theme-templates\/settings) to learn more about how you can make your theme customizable."}]},{"name":"Multi Languages","settings":[{"type":"checkbox","id":"enable_multilang_shopify","label":"Enable Multi Languages","default":true},{"type":"text","id":"lange_1","label":"Language 1","default":"English"},{"type":"image","id":"i-lang-1.png","label":"Language 1 Icon","max-width":16,"max-height":11,"info":"16px x 11px .png"},{"type":"text","id":"lange_2","label":"Language 2","default":"German"},{"type":"image","id":"i-lang-2.png","label":"Language 2 Icon","max-width":16,"max-height":11,"info":"16px x 11px .png"},{"type":"text","id":"lange_3","label":"Language 3"},{"type":"image","id":"i-lang-3.png","label":"Language 3 Icon"},{"type":"text","id":"lange_4","label":"Language 4"},{"type":"image","id":"i-lang-4.png","label":"Language 4 Icon"},{"type":"text","id":"lange_5","label":"Language 5"},{"type":"image","id":"i-lang-5.png","label":"Language 5 Icon"},{"type":"text","id":"lange_6","label":"Language 6"},{"type":"image","id":"i-lang-6.png","label":"Language 6 Icon"}]},{"name":"Social media","settings":[{"type":"header","content":"Social accounts"},{"type":"text","id":"social_facebook_link","label":"Facebook","info":"https:\/\/facebook.com\/shopify"},{"type":"text","id":"social_twitter_link","label":"Twitter","info":"https:\/\/twitter.com\/shopify"},{"type":"text","id":"social_vimeo_link","label":"Vimeo","info":"https:\/\/vimeo.com\/shopify"},{"type":"text","id":"social_instagram_link","label":"Instagram","info":"http:\/\/instagram.com\/shopify"},{"type":"text","id":"social_google_plus_link","label":"Google Plus","info":"https:\/\/plus.google.com\/+shopify"},{"type":"text","id":"social_pinterest_link","label":"Pinterest","info":"https:\/\/pinterest.com\/shopify"},{"type":"text","id":"social_tumblr_link","label":"Tumblr","info":"http:\/\/shopify.tumblr.com"},{"type":"text","id":"social_snapchat_link","label":"Snapchat","info":"https:\/\/www.snapchat.com\/add\/shopify"},{"type":"text","id":"social_youtube_link","label":"YouTube","info":"https:\/\/www.youtube.com\/shopify"}]},{"name":"Background","settings":[{"type":"radio","id":"bg_body_img","label":"Background image","options":[{"value":"bg-body.png","label":"Uploaded image"},{"value":"none","label":"Solid color (no image)"}]},{"type":"color","id":"bg_body_color","label":"Background color","default":"#fff"},{"type":"radio","id":"bg_body_position_x","label":"Horizontal position","options":[{"value":"left","label":"Left"},{"value":"center","label":"Center"},{"value":"right","label":"Right"}]},{"type":"radio","id":"bg_body_position_y","label":"Vertical position","options":[{"value":"top","label":"Top"},{"value":"center","label":"Center"},{"value":"bottom","label":"Bottom"}]},{"type":"select","id":"bg_body_repeat","label":"Repeat","options":[{"value":"repeat","label":"Horizontally and vertically"},{"value":"repeat-x","label":"Horizontally only"},{"value":"repeat-y","label":"Vertically only"},{"value":"no-repeat","label":"Don't repeat"}]},{"type":"select","id":"bg_body_attachment","label":"Attachment","options":[{"value":"scroll","label":"Scroll"},{"value":"fixed","label":"Fixed"}]},{"type":"image","id":"bg-body.png","label":"Upload a new image","max-width":2000,"max-height":2000}]},{"name":"General","settings":[{"type":"image_picker","id":"favicon","label":"Favicon","info":"16px x 16px .png"},{"type":"text","id":"body_font_size","label":"Body Font Size","default":"12","info":"Default Value: 12"},{"type":"header","content":"Open Graph Share"},{"type":"checkbox","id":"enable_opengraph","label":"Enable Open Graph?","default":true},{"type":"image_picker","id":"image_share","label":"Image Share Homepage","info":"Minimum size: 200x200"},{"type":"header","content":"Color"},{"type":"color","id":"body_color","label":"Body Color","default":"#323232","info":"Default Value: #323232"},{"type":"color","id":"link_color","label":"Link Color","default":"#4c4442","info":"Default Value: #4c4442"},{"type":"color","id":"link_color_hover","label":"Link Color When Hover","default":"#026ca8","info":"Default Value: #026ca8"},{"type":"color","id":"label_color","label":"Label Color","default":"#000","info":"Default Value: #000"},{"type":"header","content":"Section Border"},{"type":"checkbox","id":"show_section_border","label":"Display Section Border","default":true},{"type":"text","id":"section_border_width","label":"Border Width","default":"1"},{"type":"select","id":"section_border_style","label":"Border Style","options":[{"value":"solid","label":"Solid"},{"value":"dotted","label":"Dotted"},{"value":"dashed","label":"Dashed"}],"default":"dotted"},{"type":"color","id":"section_border_color","label":"Border Color","default":"#afafb0","info":"Default Value: #afafb0"},{"type":"header","content":"Breadcrumb"},{"type":"checkbox","id":"display_breadcrumb","label":"Display Breadcrumb?","default":true},{"type":"color","id":"breadcrumb_color","label":"Breadcrumb Color","default":"#969696","info":"Default Value: #969696"},{"type":"select","id":"breadcrumb_text_transform","label":"Breadcrumb Text Transform","options":[{"value":"uppercase","label":"Uppercase"},{"value":"capitalize","label":"Capitalize"},{"value":"lowercase","label":"Lowercase"}],"default":"capitalize","info":"Default Value: Capitalize"},{"type":"header","content":"Header and Title"},{"type":"color","id":"page_title_color","label":"Page Title Color","default":"#000","info":"Default Value: #000"},{"type":"select","id":"page_title_text_align","label":"Page Title Text Align","options":[{"value":"center","label":"Center"},{"value":"left","label":"Left"},{"value":"right","label":"Right"}],"default":"left","info":"Default Value: Left"},{"type":"header","content":"Image"},{"type":"checkbox","id":"hover_pro_image_opacity","label":"Blur Effect When Hover At Product Image","default":true},{"type":"range","id":"hover_pro_image_opacity_rate","min":0,"max":1,"step":0.1,"label":"Opacity","default":0.6},{"type":"checkbox","id":"hover_banner_image_opacity","label":"Blur Effect When Hover At Banner","default":true},{"type":"range","id":"hover_banner_image_opacity_rate","min":0,"max":1,"step":0.1,"label":"Opacity","default":0.2},{"type":"color","id":"hover_banner_image_blur_color","label":"Overlay Color","default":"#fff"},{"type":"header","content":"Color Swatch"},{"type":"checkbox","id":"use_color_swatch","label":"Use Color Swatch?","default":true},{"type":"textarea","id":"color_swatch_option","label":"Options Using Color Swatch For","default":"Color;Size"},{"type":"checkbox","id":"use_color_image","label":"Use Color Image for Swatch?","default":false,"info":"Upload color image in Settings → Files, view user guide part Using of Variant images and Color Variant for more info"},{"type":"checkbox","id":"use_variant_swatch","label":"Use Variant images for Swatch ","default":false},{"type":"color","id":"color_swatch_border","label":"Swatch Border Color","default":"#cacaca"},{"type":"color","id":"active_color_swatch_border","label":"Active Swatch Border Color","default":"#000"},{"type":"header","content":"Lazyload"},{"type":"checkbox","id":"lazyload_effect","label":"Enable Lazyload Effect","default":true},{"type":"header","content":"Terms And Conditions Checkbox"},{"type":"checkbox","id":"enable_checkbox","label":"Show Checkbox","default":true},{"type":"text","id":"checkbox_text","label":"Terms and conditions text","default":"I agree with the terms and conditions"}]},{"name":"Button","settings":[{"type":"header","content":"Button 1","info":"Use for normal button, Select Options button, Add To Cart button"},{"type":"color","id":"btn_1_bg_color","label":"Button 1 Background Color","default":"#f94633","info":"Default Value: #f94633"},{"type":"color","id":"btn_1_border_color","label":"Button 1 Border Color","default":"#e44512","info":"Default Value: #e44512"},{"type":"color","id":"btn_1_text_color","label":"Button 1 Text Color","default":"#ffffff","info":"Default Value: #ffffff"},{"type":"color","id":"btn_1_text_shadow_color","label":"Button 1 Text Shadow Color","default":"#b05207","info":"Default Value: #b05207"},{"type":"color","id":"btn_1_bg_color_h","label":"Hovered Button 1 Background Color","default":"#ffffff","info":"Default Value: #ffffff"},{"type":"color","id":"btn_1_border_color_h","label":"Hovered Button 1 Border Color","default":"#8c8c8c","info":"Default Value: #8c8c8c"},{"type":"color","id":"btn_1_text_color_h","label":"Hovered Button 1 Text Color","default":"#000","info":"Default Value: #000"},{"type":"color","id":"btn_1_text_shadow_color_h","label":"Hovered Button 1 Text Shadow Color","default":"transparent","info":"Default Value: None"},{"type":"header","content":"Button 2","info":"Use for Select Option, Add To Cart in Product Item; Shop the Collection at Collections List Page; View Cart in Dropdown Cart; Customer Review, Use for Back to Top when hover; ..."},{"type":"color","id":"btn_2_bg_color","label":"Button 2 Background  Color","default":"#ffffff","info":"Default Value: #ffffff"},{"type":"color","id":"btn_2_border_color","label":"Button 2 Border Color","default":"#8c8c8c","info":"Default Value: #8c8c8c"},{"type":"color","id":"btn_2_text_color","label":"Button 2 Text Color","default":"#000","info":"Default Value: #000000"},{"type":"color","id":"btn_2_text_shadow_color","label":"Button 2 Text Shadow Color","default":"transparent","info":"Default Value: None"},{"type":"color","id":"btn_2_bg_color_h","label":"Hovered Button 2 Background Color","default":"#f94633","info":"Default Value: #f94633 "},{"type":"color","id":"btn_2_border_color_h","label":"Hovered Button 2 Border Color","default":"#8c8c8c","info":"Default Value: #8c8c8c"},{"type":"color","id":"btn_2_text_color_h","label":"Hovered Button 2 Text Color","default":"#ffffff","info":"Default Value: #ffffff"},{"type":"color","id":"btn_2_text_shadow_color_h","label":"Hovered Button 2 Text Shadow Color","default":"transparent","info":"Default Value: None"},{"type":"header","content":"Button 3","info":"Use for Update Cart Button in Cart Page, button in Account Page..."},{"type":"color","id":"btn_3_bg_color","label":"Button 3 Background Color","default":"#43c2f0","info":"Default Value: #43c2f0 "},{"type":"color","id":"btn_3_border_color","label":"Button 3 Border Color","default":"#2da9e9","info":"Default Value: #2da9e9"},{"type":"color","id":"btn_3_text_color","label":"Button 3 Text Color","default":"#ffffff","info":"Default Value: #ffffff"},{"type":"color","id":"btn_3_text_shadow_color","label":"Button 3 Text Shadow Color","default":"transparent","info":"Default Value: None"},{"type":"color","id":"btn_3_bg_color_h","label":"Hovered Button 3 Background Color","default":"#fff","info":"Default Value: #ffffff "},{"type":"color","id":"btn_3_border_color_h","label":"Hovered Button 3 Border Color","default":"#8c8c8c","info":"Default Value: #8c8c8c"},{"type":"color","id":"btn_3_text_color_h","label":"Hovered Button 3 Text Color","default":"#000000","info":"Default Value: #000000"},{"type":"color","id":"btn_3_text_shadow_color_h","label":"Hovered Button 3 Text Shadow Color","default":"transparent","info":"Default Value: None"},{"type":"header","content":"Disabled Button"},{"type":"color","id":"disable_bg_color","label":"Background Color","default":"#cdcdcd","info":"Default Value: #cdcdcd "},{"type":"header","content":"Carousel Button"},{"type":"range","id":"slick_pos","label":"Position From Top","min":10,"max":80,"step":1,"unit":"%","default":45},{"type":"color","id":"slick_bg_color","label":"Background Color","default":"#fff","info":"Default Value: #fffffff "},{"type":"color","id":"slick_border_color","label":"Border Color","default":"#adadad","info":"Default Value: #adadad"},{"type":"color","id":"slick_text_color","label":"Text Color","default":"#4c4c4c","info":"Default Value: #4c4c4c"},{"type":"color","id":"slick_bg_color_h","label":"Hovered Background Color","default":"#4c4c4c","info":"Default Value: #4c4c4c "},{"type":"color","id":"slick_border_color_h","label":"Hovered Border Color","default":"#4c4c4c","info":"Default Value: #4c4c4c"},{"type":"color","id":"slick_text_color_h","label":"Hovered Text Color","default":"#ffffff","info":"Default Value: #ffffff"},{"type":"header","content":"Back To Top Button"},{"type":"color","id":"back_to_top_bg_color","label":"Background Color","default":"#fff","info":"Default Value: #fffffff "},{"type":"color","id":"back_to_top_border_color","label":"Border Color","default":"#aeaeae","info":"Default Value: #adadad"},{"type":"color","id":"back_to_top_text_color","label":"Icon Color","default":"#4c4c4c","info":"Default Value: #4c4c4c"},{"type":"color","id":"back_to_top_bg_color_h","label":"Hovered Background Color","default":"#4c4c4c","info":"Default Value: #4c4c4c "},{"type":"color","id":"back_to_top_border_color_h","label":"Hovered Border Color","default":"#4c4c4c","info":"Default Value: #4c4c4c"},{"type":"color","id":"back_to_top_text_color_h","label":"Hovered Icon Color","default":"#ffffff","info":"Default Value: #ffffff"},{"type":"text","id":"back_to_top_position_desktop","label":"Position From Bottom (%)","default":"40"},{"type":"text","id":"back_to_top_position_mb","label":"Position From Bottom On Mobile (%)","default":"20"}]},{"name":"Newsletter Popup","settings":[{"type":"checkbox","id":"display_popup_newsletter","label":"Display Newsletter Popup?","default":true},{"type":"text","id":"display_delay","label":"Displaying Delay Time (second)","default":"5"},{"type":"image_picker","id":"newsletter","label":"Upload a new newsletter image"},{"type":"text","id":"popup_newsletter_title","label":"Newsletter Popup Title"},{"type":"text","id":"popup_newsletter_sub_title","label":"Newsletter Popup Sub Title"},{"type":"text","id":"popup_newsletter_message","label":"Newsletter Popup Message"},{"type":"text","id":"mailing_list_form_action","label":"MailChimp form action URL","info":"[Where do I find my MailChimp form action URL?](https:\/\/help.shopify.com\/manual\/using-themes\/change-the-layout\/theme-newsletter#add-a-newsletter-form-to-your-store-non-sectioned-themes-specific)"},{"type":"text","id":"popup_newsletter_text_note","label":"Popup Newsletter Text Note"},{"type":"color","id":"bg_newsletter_color","label":"Newsletter Input Background Color","default":"#fff"},{"type":"color","id":"newsletter_color","label":"Newsletter Input Text Color","default":"#8d8d8d"},{"type":"color","id":"newsletter_border_color","label":"Newsletter Input Border Color","default":"#fb8a2d"},{"type":"color","id":"bg_newsletter_button_color","label":"Background and Border Newsletter Button Color","default":"#fb8a2d"},{"type":"color","id":"newsletter_button_color","label":"Newsletter Button Text Color","default":"#fff"},{"type":"header","content":"Social"},{"type":"checkbox","id":"display_popup_social","label":"Display Social Icon on Popup Newsletter?","default":true},{"type":"text","id":"newssletter_success_text","label":"Successfully Subscribed Text","default":"You have successfully subscribed!"},{"type":"text","id":"newssletter_error_text","label":"Error Subscribed Text","default":"This email has been registered"}]},{"name":"Wishlist","settings":[{"type":"checkbox","id":"enable_wishlist","label":"Enable wishlist","default":true}]},{"name":"Product Grid Items","settings":[{"type":"header","content":"Product Grid"},{"type":"select","id":"collection_results_per_row","label":"Products per row (grid only)","default":"4","options":[{"value":"2","label":"2"},{"value":"3","label":"3"},{"value":"4","label":"4"},{"value":"5","label":"5"}]},{"type":"text","id":"collection_results_per_page","label":"Products per page  (grid only) ","default":"12"},{"type":"header","content":"Product Image"},{"type":"text","id":"product_image_dimension","label":"Image dimension","default":"200x200","info":"can be number of widthxheight or size text (small,medium,large,master)"},{"type":"checkbox","id":"animation_effect","label":"Enable Animation Effect When Hover","default":true},{"type":"checkbox","id":"product_image_border","label":"Use border?"},{"type":"color","id":"product_image_border_color","label":"Border Color"},{"type":"checkbox","id":"product_image_crop","label":"Crop image?"},{"type":"text","id":"product_image_crop_height","label":"Ratio of Height : Width in percentage","default":"100"},{"type":"select","id":"product_image_crop_position","label":"Cropping Position","default":"center","options":[{"value":"top","label":"Top"},{"value":"center","label":"Center"},{"value":"bottom","label":"Bottom"}]},{"type":"checkbox","id":"enable_opacity_product","label":"Enable blur effect (opacity) when hover over product image","default":true},{"type":"text","id":"opacity_product","label":"Opacity","default":"0.6"},{"type":"checkbox","id":"box_shadow_pro_grid","label":"Enable Box shadow when hover over product grid","default":true},{"type":"color","id":"box_shadow_pro_grid_color","label":"Box Background Color","default":"#fff"},{"type":"header","content":"Product Info"},{"type":"paragraph","content":"Product Title"},{"type":"color","id":"product_title_color","label":"Title Color","default":"#026ca8"},{"type":"paragraph","content":"Product Vendor"},{"type":"checkbox","id":"show_vendor","label":"Show product vendors","default":true},{"type":"color","id":"product_vendor_color","label":"Vendor Color","default":"#666666"},{"type":"paragraph","content":"Product Reviews"},{"type":"checkbox","id":"display_product_reviews","label":"Show Reviews","default":true},{"type":"color","id":"star_color","label":"Star Color","default":"#fdcc55"},{"type":"color","id":"empty_star_color","label":"Empty Star Color","default":"#d1d8da"},{"type":"paragraph","content":"Product Price"},{"type":"color","id":"regular_price_color","label":"Regular Price Color","default":"#000"},{"type":"color","id":"sale_price_color","label":"Sale Price Color","default":"#f95d31"},{"type":"color","id":"compare_price_color","label":"Compare at Price Color","default":"#ababab"},{"type":"paragraph","content":"Product Variant"},{"type":"checkbox","id":"display_item_swatch","label":"Show Color Variant","default":true},{"type":"text","id":"item_swatch_option","label":"Option Name","default":"Color"},{"type":"checkbox","id":"color_swatch_image","label":"Use Variant Image Instead Of Color","default":true},{"type":"color","id":"color_swatch_image_selected","label":"Selected Variant Border Color","default":"#ef6454"},{"type":"checkbox","id":"display_item_size","label":"Show Size Variant","default":true},{"type":"text","id":"item_size_option","label":"Option Name","default":"Size"},{"type":"header","content":"Product Label"},{"type":"checkbox","id":"display_product_label","label":"Show Product Label","default":true},{"type":"paragraph","content":"Sale Label"},{"type":"color","id":"sale_label_bgc","label":"Sale Label Background Color","default":"#f33519"},{"type":"color","id":"sale_label_txtc","label":"Sale Label Text Color","default":"#fff"},{"type":"paragraph","content":"Sold Out Label"},{"type":"color","id":"sold_out_label_bgc","label":"Sold Out Label Background Color","default":"#cdcdcd"},{"type":"color","id":"sold_out_label_txtc","label":"Sold Out Label Text Color","default":"#fff"},{"type":"paragraph","content":"New Label"},{"type":"color","id":"new_label_bgc","label":"New Label Background Color","default":"#43c2f0"},{"type":"color","id":"new_label_txtc","label":"New Label Text Color","default":"#fff"},{"type":"header","content":"Wishlist Icon"},{"type":"paragraph","content":"To show\/hide Wishlist Icon, go  to Theme settings → Wishlist"},{"type":"color","id":"wishlist_color","label":"Icon Color","default":"#fb8a2d"},{"type":"color","id":"wishlist_color_active","label":"Icon Color","default":"#f26b5b"},{"type":"header","content":"Quickview Button"},{"type":"paragraph","content":"To show\/hide quickview button, go  to Theme settings → Product Quickview"},{"type":"color","id":"quickview_bgc","label":"Background Color","default":"#fff"},{"type":"color","id":"quickview_txt","label":"Text Color","default":"#000"},{"type":"color","id":"quickview_bgc_h","label":"Background Color When Hover","default":"#000"},{"type":"color","id":"quickview_txt_h","label":"Text Color When Hover","default":"#fff"},{"type":"header","content":"Product Pagination"},{"type":"checkbox","id":"collection_infinite_scrolling","label":"Enable Infinite Scrolling (Show More Button)","default":true},{"type":"checkbox","id":"infinity_scroll_feature","label":"Enable Auto Loading","default":true}]},{"name":"Products Quickview","settings":[{"type":"checkbox","id":"enable_quick_view","label":"Enable quickview","default":true},{"type":"text","id":"zoom_text_qv","label":"Image Zooming Description","default":"Zoom the image with the mouse | Zoomen Sie das Bild mit der Maus"},{"type":"checkbox","id":"display_quickview_availability","label":"Display Availability?","default":true},{"type":"text","id":"quickview_text_availability","label":"Text Availability","default":"Availability"},{"type":"checkbox","id":"display_quickview_product_sku","label":"Display Product SKU?","default":true},{"type":"text","id":"text_quickview_product_sku","label":"Text Product SKU","default":"SKU:"},{"type":"checkbox","id":"display_quickview_product_type","label":"Display Product Type?","default":true},{"type":"text","id":"quickview_text_product_type","label":"Text Product Type","default":"Product Type"},{"type":"checkbox","id":"display_quickview_vendor","label":"Display Product Vendor?","default":true},{"type":"text","id":"quickview_text_vendor","label":"Text Product Vendor","default":"Product Vendor"},{"type":"checkbox","id":"display_quickview_short_desc","label":"Display Short Description?","default":true},{"type":"checkbox","id":"display_quickview_subtotal","label":"Display Subtotal?","default":true},{"type":"text","id":"quickview_text_countdown","label":"Text Countdown","default":"Limited-Time Offers, End in:"},{"type":"checkbox","id":"show_save_quickview","label":"Show Saved Amount Of Money","default":true},{"type":"text","id":"save_text_quickview","label":"Saved Amount Of Money Text","default":"You save"},{"type":"color","id":"video_icon_color_quickview","label":"Video Icon Color","default":"#f94633"}]},{"name":"Cart","settings":[{"type":"checkbox","id":"ajax_cart","label":"Enable Ajax Cart","default":true},{"type":"header","content":"Shipping rate calculator"},{"type":"checkbox","id":"show_shipping_calculator","label":"Display shipping rates calculator","default":true},{"type":"text","id":"shipping_calculator_heading","label":"Shipping Rates Calculator Heading","default":"Shipping rates calculator"},{"type":"select","id":"shipping_calculator_default_country","label":"Shipping Rates Calculator default country selection","options":[{"value":"","label":"-- Please Select --"},{"value":"Vietnam","label":"Vietnam"},{"value":"Canada","label":"Canada"},{"value":"Australia","label":"Australia"},{"value":"Afghanistan","label":"Afghanistan"},{"value":"Aland Islands","label":"Aland Islands"},{"value":"Albania","label":"Albania"},{"value":"Algeria","label":"Algeria"},{"value":"Andorra","label":"Andorra"},{"value":"Angola","label":"Angola"},{"value":"Anguilla","label":"Anguilla"},{"value":"Antigua And Barbuda","label":"Antigua And Barbuda"},{"value":"Argentina","label":"Argentina"},{"value":"Armenia","label":"Armenia"},{"value":"Aruba","label":"Aruba"},{"value":"Austria","label":"Austria"},{"value":"Azerbaijan","label":"Azerbaijan"},{"value":"Bahamas","label":"Bahamas"},{"value":"Bahrain","label":"Bahrain"},{"value":"Bangladesh","label":"Bangladesh"},{"value":"Barbados","label":"Barbados"},{"value":"Belarus","label":"Belarus"},{"value":"Belgium","label":"Belgium"},{"value":"Belize","label":"Belize"},{"value":"Benin","label":"Benin"},{"value":"Bermuda","label":"Bermuda"},{"value":"Bhutan","label":"Bhutan"},{"value":"Bolivia","label":"Bolivia"},{"value":"Bosnia And Herzegovina","label":"Bosnia And Herzegovina"},{"value":"Botswana","label":"Botswana"},{"value":"Bouvet Island","label":"Bouvet Island"},{"value":"Brazil","label":"Brazil"},{"value":"British Indian Ocean Territory","label":"British Indian Ocean Territory"},{"value":"Brunei","label":"Brunei"},{"value":"Bulgaria","label":"Bulgaria"},{"value":"Burkina Faso","label":"Burkina Faso"},{"value":"Burma","label":"Burma"},{"value":"Burundi","label":"Burundi"},{"value":"Cambodia","label":"Cambodia"},{"value":"Cape Verde","label":"Cape Verde"},{"value":"Cayman Islands","label":"Cayman Islands"},{"value":"Central African Republic","label":"Central African Republic"},{"value":"Chad","label":"Chad"},{"value":"Chile","label":"Chile"},{"value":"China","label":"China"},{"value":"Christmas Island","label":"Christmas Island"},{"value":"Cocos (Keeling) Islands","label":"Cocos (Keeling) Islands"},{"value":"Colombia","label":"Colombia"},{"value":"Comoros","label":"Comoros"},{"value":"Congo","label":"Congo"},{"value":"Congo, The Democratic Republic Of The","label":"Congo, The Democratic Republic Of The"},{"value":"Cook Islands","label":"Cook Islands"},{"value":"Costa Rica","label":"Costa Rica"},{"value":"Croatia","label":"Croatia"},{"value":"Cuba","label":"Cuba"},{"value":"Curaçao","label":"Curaçao"},{"value":"Cyprus","label":"Cyprus"},{"value":"Czech Republic","label":"Czech Republic"},{"value":"Côte d'Ivoire","label":"Côte d'Ivoire"},{"value":"Denmark","label":"Denmark"},{"value":"Djibouti","label":"Djibouti"},{"value":"Dominica","label":"Dominica"},{"value":"Dominican Republic","label":"Dominican Republic"},{"value":"Ecuador","label":"Ecuador"},{"value":"Egypt","label":"Egypt"},{"value":"El Salvador","label":"El Salvador"},{"value":"Equatorial Guinea","label":"Equatorial Guinea"},{"value":"Eritrea","label":"Eritrea"},{"value":"Estonia","label":"Estonia"},{"value":"Ethiopia","label":"Ethiopia"},{"value":"Falkland Islands (Malvinas)","label":"Falkland Islands (Malvinas)"},{"value":"Faroe Islands","label":"Faroe Islands"},{"value":"Fiji","label":"Fiji"},{"value":"Finland","label":"Finland"},{"value":"France","label":"France"},{"value":"French Guiana","label":"French Guiana"},{"value":"French Polynesia","label":"French Polynesia"},{"value":"French Southern Territories","label":"French Southern Territories"},{"value":"Gabon","label":"Gabon"},{"value":"Gambia","label":"Gambia"},{"value":"Georgia","label":"Georgia"},{"value":"Germany","label":"Germany"},{"value":"Ghana","label":"Ghana"},{"value":"Gibraltar","label":"Gibraltar"},{"value":"Greece","label":"Greece"},{"value":"Greenland","label":"Greenland"},{"value":"Grenada","label":"Grenada"},{"value":"Guadeloupe","label":"Guadeloupe"},{"value":"Guatemala","label":"Guatemala"},{"value":"Guernsey","label":"Guernsey"},{"value":"Guinea","label":"Guinea"},{"value":"Guinea Bissau","label":"Guinea Bissau"},{"value":"Guyana","label":"Guyana"},{"value":"Haiti","label":"Haiti"},{"value":"Heard Island And Mcdonald Islands","label":"Heard Island And Mcdonald Islands"},{"value":"Holy See (Vatican City State)","label":"Holy See (Vatican City State)"},{"value":"Honduras","label":"Honduras"},{"value":"Hong Kong","label":"Hong Kong"},{"value":"Hungary","label":"Hungary"},{"value":"Iceland","label":"Iceland"},{"value":"India","label":"India"},{"value":"Indonesia","label":"Indonesia"},{"value":"Iran, Islamic Republic Of","label":"Iran, Islamic Republic Of"},{"value":"Iraq","label":"Iraq"},{"value":"Ireland","label":"Ireland"},{"value":"Isle Of Man","label":"Isle Of Man"},{"value":"Israel","label":"Israel"},{"value":"Italy","label":"Italy"},{"value":"Jamaica","label":"Jamaica"},{"value":"Japan","label":"Japan"},{"value":"Jersey","label":"Jersey"},{"value":"Jordan","label":"Jordan"},{"value":"Kazakhstan","label":"Kazakhstan"},{"value":"Kenya","label":"Kenya"},{"value":"Kiribati","label":"Kiribati"},{"value":"Korea, Democratic People's Republic Of","label":"Korea, Democratic People's Republic Of"},{"value":"Kosovo","label":"Kosovo"},{"value":"Kuwait","label":"Kuwait"},{"value":"Kyrgyzstan","label":"Kyrgyzstan"},{"value":"Lao People's Democratic Republic","label":"Lao People's Democratic Republic"},{"value":"Latvia","label":"Latvia"},{"value":"Lebanon","label":"Lebanon"},{"value":"Lesotho","label":"Lesotho"},{"value":"Liberia","label":"Liberia"},{"value":"Libyan Arab Jamahiriya","label":"Libyan Arab Jamahiriya"},{"value":"Liechtenstein","label":"Liechtenstein"},{"value":"Lithuania","label":"Lithuania"},{"value":"Luxembourg","label":"Luxembourg"},{"value":"Macao","label":"Macao"},{"value":"Macedonia, Republic Of","label":"Macedonia, Republic Of"},{"value":"Madagascar","label":"Madagascar"},{"value":"Malawi","label":"Malawi"},{"value":"Malaysia","label":"Malaysia"},{"value":"Maldives","label":"Maldives"},{"value":"Mali","label":"Mali"},{"value":"Malta","label":"Malta"},{"value":"Martinique","label":"Martinique"},{"value":"Mauritania","label":"Mauritania"},{"value":"Mauritius","label":"Mauritius"},{"value":"Mayotte","label":"Mayotte"},{"value":"Mexico","label":"Mexico"},{"value":"Moldova, Republic of","label":"Moldova, Republic of"},{"value":"Monaco","label":"Monaco"},{"value":"Mongolia","label":"Mongolia"},{"value":"Montenegro","label":"Montenegro"},{"value":"Montserrat","label":"Montserrat"},{"value":"Morocco","label":"Morocco"},{"value":"Mozambique","label":"Mozambique"},{"value":"Namibia","label":"Namibia"},{"value":"Nauru","label":"Nauru"},{"value":"Nepal","label":"Nepal"},{"value":"Netherlands","label":"Netherlands"},{"value":"Netherlands Antilles","label":"Netherlands Antilles"},{"value":"New Caledonia","label":"New Caledonia"},{"value":"New Zealand","label":"New Zealand"},{"value":"Nicaragua","label":"Nicaragua"},{"value":"Niger","label":"Niger"},{"value":"Nigeria","label":"Nigeria"},{"value":"Niue","label":"Niue"},{"value":"Norfolk Island","label":"Norfolk Island"},{"value":"Norway","label":"Norway"},{"value":"Oman","label":"Oman"},{"value":"Pakistan","label":"Pakistan"},{"value":"Palestinian Territory, Occupied","label":"Palestinian Territory, Occupied"},{"value":"Panama","label":"Panama"},{"value":"Papua New Guinea","label":"Papua New Guinea"},{"value":"Paraguay","label":"Paraguay"},{"value":"Peru","label":"Peru"},{"value":"Philippines","label":"Philippines"},{"value":"Pitcairn","label":"Pitcairn"},{"value":"Poland","label":"Poland"},{"value":"Portugal","label":"Portugal"},{"value":"Qatar","label":"Qatar"},{"value":"Republic of Cameroon","label":"Republic of Cameroon"},{"value":"Reunion","label":"Reunion"},{"value":"Romania","label":"Romania"},{"value":"Russia","label":"Russia"},{"value":"Rwanda","label":"Rwanda"},{"value":"Saint Barthélemy","label":"Saint Barthélemy"},{"value":"Saint Helena","label":"Saint Helena"},{"value":"Saint Kitts And Nevis","label":"Saint Kitts And Nevis"},{"value":"Saint Lucia","label":"Saint Lucia"},{"value":"Saint Martin","label":"Saint Martin"},{"value":"Saint Pierre And Miquelon","label":"Saint Pierre And Miquelon"},{"value":"Samoa","label":"Samoa"},{"value":"San Marino","label":"San Marino"},{"value":"Sao Tome And Principe","label":"Sao Tome And Principe"},{"value":"Saudi Arabia","label":"Saudi Arabia"},{"value":"Senegal","label":"Senegal"},{"value":"Serbia","label":"Serbia"},{"value":"Seychelles","label":"Seychelles"},{"value":"Sierra Leone","label":"Sierra Leone"},{"value":"Singapore","label":"Singapore"},{"value":"Slovakia","label":"Slovakia"},{"value":"Slovenia","label":"Slovenia"},{"value":"Solomon Islands","label":"Solomon Islands"},{"value":"Somalia","label":"Somalia"},{"value":"South Africa","label":"South Africa"},{"value":"South Georgia And The South Sandwich Islands","label":"South Georgia And The South Sandwich Islands"},{"value":"South Korea","label":"South Korea"},{"value":"Spain","label":"Spain"},{"value":"Sri Lanka","label":"Sri Lanka"},{"value":"St. Vincent","label":"St. Vincent"},{"value":"Sudan","label":"Sudan"},{"value":"Suriname","label":"Suriname"},{"value":"Svalbard And Jan Mayen","label":"Svalbard And Jan Mayen"},{"value":"Swaziland","label":"Swaziland"},{"value":"Sweden","label":"Sweden"},{"value":"Switzerland","label":"Switzerland"},{"value":"Syria","label":"Syria"},{"value":"Taiwan","label":"Taiwan"},{"value":"Tajikistan","label":"Tajikistan"},{"value":"Tanzania, United Republic Of","label":"Tanzania, United Republic Of"},{"value":"Thailand","label":"Thailand"},{"value":"Timor Leste","label":"Timor Leste"},{"value":"Togo","label":"Togo"},{"value":"Tokelau","label":"Tokelau"},{"value":"Tonga","label":"Tonga"},{"value":"Trinidad and Tobago","label":"Trinidad and Tobago"},{"value":"Tunisia","label":"Tunisia"},{"value":"Turkey","label":"Turkey"},{"value":"Turkmenistan","label":"Turkmenistan"},{"value":"Turks and Caicos Islands","label":"Turks and Caicos Islands"},{"value":"Tuvalu","label":"Tuvalu"},{"value":"Uganda","label":"Uganda"},{"value":"Ukraine","label":"Ukraine"},{"value":"United Arab Emirates","label":"United Arab Emirates"},{"value":"United Kingdom","label":"United Kingdom"},{"value":"United States","label":"United States"},{"value":"United States Minor Outlying Islands","label":"United States Minor Outlying Islands"},{"value":"Uruguay","label":"Uruguay"},{"value":"Uzbekistan","label":"Uzbekistan"},{"value":"Vanuatu","label":"Vanuatu"},{"value":"Venezuela","label":"Venezuela"},{"value":"Virgin Islands, British","label":"Virgin Islands, British"},{"value":"Wallis And Futuna","label":"Wallis And Futuna"},{"value":"Western Sahara","label":"Western Sahara"},{"value":"Yemen","label":"Yemen"},{"value":"Zambia","label":"Zambia"},{"value":"Zimbabwe","label":"Zimbabwe"}],"default":"Canada"},{"type":"paragraph","content":"If your customer is logged-in, the country in his default shipping address will be selected. If you are not sure about the spelling to use above, refer to your first checkout page."}]},{"name":"Register\/Login","settings":[{"type":"text","id":"register_text_desc","label":"Register Description","default":"Sign up for a free account at Ella Boutique."},{"type":"text","id":"login_text_desc","label":"Login Description","default":"If you are already registered, please log in."}]},{"name":"Account Page","settings":[{"type":"color","id":"edit_account_bgc","label":"Edit Button Background Color","default":"#fff"},{"type":"color","id":"edit_account_txtc","label":"Edit Button Text Color","default":"#000000"},{"type":"color","id":"edit_account_bdc","label":"Edit Button Border Color","default":"#8c8c8c"},{"type":"color","id":"edit_account_bgc_h","label":"Hovered Edit Button Background Color","default":"#000"},{"type":"color","id":"edit_account_txtc_h","label":"Hovered Edit Button Text Color","default":"#fff"},{"type":"color","id":"edit_account_bdc_h","label":"Hovered Edit Button Border Color","default":"#8c8c8c"},{"type":"color","id":"remove_account_bgc","label":"Delete Button Background Color","default":"#fff"},{"type":"color","id":"remove_account_txtc","label":"Delete Button Text Color","default":"#f94633"},{"type":"color","id":"remove_account_bdc","label":"Delete Button Border Color","default":"#f94633"},{"type":"color","id":"remove_account_bgc_h","label":"Hovered Delete Button Background Color","default":"#f94633"},{"type":"color","id":"remove_account_txtc_h","label":"Hovered Delete Button Text Color","default":"#fff"},{"type":"color","id":"remove_account_bdc_h","label":"Hovered Delete Button Border Color","default":"#f94633"}]},{"name":"Search Page","settings":[{"type":"text","id":"search_1","label":"Your search for (no results html)","default":"Your search for | Ihre Suche nach"},{"type":"text","id":"search_2","label":"did not yield any results (no results html)","default":"did not yield any results. | hat keine Ergebnisse hervorgebracht. "},{"type":"text","id":"search_3","label":"Your search for (results for html)","default":"Your search for | Ihre Suche nach"},{"type":"text","id":"search_4","label":"revealed the following (results for html)","default":"revealed the following: | hat folgende Ergebnisse hervorgebracht:"},{"type":"text","id":"number_search_result_per_page","label":"Number of Search Results Per Page","default":"10"},{"type":"select","id":"number_search_result_per_row","label":"Number of Search Results Per Row","default":"5","options":[{"value":"3","label":"3"},{"value":"4","label":"4"},{"value":"5","label":"5"}]}]},{"name":"Money options","settings":[{"type":"checkbox","id":"enable_shopify_payments_currencies","label":"Enalble Shopify Payments?","info":"* Only avaiable for store has Shopify Payments. Link [here](https:\/\/help.shopify.com\/en\/manual\/payments\/shopify-payments\/multi-currency\/setup). Don't choose both of 3 options. Don't choose Shopify payment with other options.","default":false},{"type":"checkbox","id":"enable_multiple_currencies","label":"Enable Multiple Currencies?"},{"type":"checkbox","id":"enable_auto_currency","label":"Enable Automatic currency?"},{"type":"text","id":"currency_1_unit","label":"Currency 1 unit Text","default":"AUD"},{"type":"image","id":"i-currency-1.png","label":"Currency 1 unit Icon","max-width":16,"max-height":11,"info":"16px x 11px .png"},{"type":"text","id":"currency_2_unit","label":"Currency 2 unit Text","default":"EUR"},{"type":"image","id":"i-currency-2.png","label":"Currency 2 unit Icon","max-width":16,"max-height":11,"info":"16px x 11px .png"},{"type":"text","id":"currency_3_unit","label":"Currency 3 unit Text","default":"GBP"},{"type":"image","id":"i-currency-3.png","label":"Currency 3 unit Icon","max-width":16,"max-height":11,"info":"16px x 11px .png"},{"type":"text","id":"currency_4_unit","label":"Currency 4 unit Text","default":"USD"},{"type":"image","id":"i-currency-4.png","label":"Currency 4 unit Icon","max-width":16,"max-height":11,"info":"16px x 11px .png"},{"type":"text","id":"currency_5_unit","label":"Currency 5 unit Text"},{"type":"image","id":"i-currency-5.png","label":"Currency 5 unit Icon"},{"type":"text","id":"currency_6_unit","label":"Currency 6 unit Text"},{"type":"image","id":"i-currency-6.png","label":"Currency 6 unit Icon"},{"type":"text","id":"currency_7_unit","label":"Currency 7 unit Text"},{"type":"image","id":"i-currency-7.png","label":"Currency 7 unit Icon"},{"type":"text","id":"currency_8_unit","label":"Currency 8 unit Text"},{"type":"image","id":"i-currency-8.png","label":"Currency 8 unit Icon"},{"type":"text","id":"currency_9_unit","label":"Currency 9 unit Text"},{"type":"image","id":"i-currency-9.png","label":"Currency 9 unit Icon"},{"type":"text","id":"currency_10_unit","label":"Currency 10 unit Text"},{"type":"image","id":"i-currency-10.png","label":"Currency 10 unit Icon"},{"type":"paragraph","content":"Separate your currency codes with a space. Use the ISO 4217 3-letter currency code. Click [here](http:\/\/www.xe.com\/iso4217.php) for a complete list of currency codes. Example: CAD USD."},{"type":"paragraph","content":"* For this functionality to work in your shop, you are required to edit your money formats as per [these instructions](http:\/\/wiki.shopify.com\/How_to_Show_Multiple_Currencies#Do_tell_where_the_money_is) (“Do tell where the money is”)."}]},{"name":"Fonts","settings":[{"type":"header","content":"Font 1","info":"Used for Body Text"},{"type":"radio","id":"font_1","label":"Select font type:","options":[{"value":"normal_fonts","label":"Normal Fonts"},{"value":"google_fonts","label":"Google Fonts [Where do I find Google Fonts?](http:\/\/www.google.com\/fonts)"}],"default":"google_fonts"},{"type":"text","id":"fonts_name_1","label":"Fonts Name 1","default":"Roboto"},{"type":"header","content":"Font 2"},{"type":"paragraph","content":"Used for Level Top Menu, Page Title, Block Title, Button Text, Article Name..."},{"type":"radio","id":"font_2","label":"Select font type:","options":[{"value":"normal_fonts","label":"Normal Fonts"},{"value":"google_fonts","label":"Google Fonts [Where do I find Google Fonts?](http:\/\/www.google.com\/fonts)"}],"default":"google_fonts"},{"type":"text","id":"fonts_name_2","label":"Fonts Name 2","default":"Montserrat"},{"type":"header","content":"Font 3"},{"type":"paragraph","content":"Used for Product Name, Product Label ..."},{"type":"radio","id":"font_3","label":"Select font type:","options":[{"value":"normal_fonts","label":"Normal Fonts"},{"value":"google_fonts","label":"Google Fonts [Where do I find Google Fonts?](http:\/\/www.google.com\/fonts)"}],"default":"google_fonts"},{"type":"text","id":"fonts_name_3","label":"Fonts Name 3","default":"Roboto Slab"}]}]