[{"name":"theme_info","theme_name":"Caros","theme_author":"HaloThemes","theme_version":"1.0.0","theme_documentation_url":"https:\/\/help.shopify.com\/manual\/using-themes\/sections","theme_support_url":"https:\/\/support.shopify.com\/"},{"name":"Welcome","settings":[{"type":"paragraph","content":"Theme settings allow designers to provide an easy way for any user to customize the look and feel of their shop without having to delve into HTML or CSS code. Please see our [help page on theme settings](http:\/\/docs.shopify.com\/themes\/theme-templates\/settings) to learn more about how you can make your theme customizable."}]},{"name":"FontSize & Typography","settings":[{"type":"header","content":"Header Font - Navigation"},{"type":"font_picker","id":"type_header_font","label":"Font","default":"rajdhani_n7"},{"type":"range","id":"type_header_base_size","label":"Fonts Size:","default":16,"min":10,"max":20,"step":1,"unit":"px"},{"type":"range","id":"logo_size","label":"Logo Size (Text):","default":26,"min":10,"max":36,"step":1,"unit":"px"},{"type":"header","content":"Body Font"},{"type":"font_picker","id":"type_base_font","label":"Font","default":"arimo_n4"},{"type":"range","id":"type_base_size","label":"Fonts Size:","default":12,"min":10,"max":20,"step":1,"unit":"px"},{"type":"header","content":"Heading fonts"},{"type":"font_picker","id":"type_heading_font","label":"Font","default":"rajdhani_n7"},{"type":"range","id":"type_heading_size","label":"Fonts Size:","default":24,"min":10,"max":40,"step":2,"unit":"px"},{"type":"header","content":"Button fonts"},{"type":"font_picker","id":"type_button_font","label":"Font","default":"rajdhani_n7"},{"type":"range","id":"type_button_size","label":"Fonts Size:","default":16,"min":10,"max":20,"step":2,"unit":"px"}]},{"name":"General","settings":[{"type":"header","content":"Favicon"},{"type":"image_picker","id":"favicon","label":"Favicon image","info":"Will be scaled down to 32 x 32px"},{"type":"header","content":"Open Graph Share"},{"type":"checkbox","id":"enable_opengraph","label":"Enable Open Graph?","default":true},{"type":"image_picker","id":"image_share","label":"Image Share Homepage","info":"Minimum size: 200x200"},{"type":"header","content":"Header layout"},{"type":"select","id":"header_layout","label":"Header Layout","default":"header_1","options":[{"value":"header_1","label":"Header Default"},{"value":"header_2","label":"Header 2"},{"value":"header_3","label":"Header 3"}]},{"type":"header","content":"Footer layout"},{"type":"select","id":"footer_layout","label":"Footer Layout","default":"footer_1","options":[{"value":"footer_1","label":"footer Default"}]},{"type":"header","content":"Product Page"},{"type":"select","id":"product_layout","label":"Page Product","options":[{"value":"layout-1","label":"Layout Default"},{"value":"layout-2","label":"Layout 2"},{"value":"layout-3","label":"Layout 3"}],"default":"layout-2"},{"type":"header","content":"Back To Top Button"},{"type":"checkbox","id":"enable_backtotop","label":"Enable Back To Top?","default":true}]},{"name":"Products","settings":[{"type":"header","content":"Setting General"},{"type":"checkbox","id":"option_swatch","label":"Enable Swatch Option?","default":true},{"type":"checkbox","id":"terms_conditions","label":"Enable Terms and Conditions?","default":true},{"type":"text","id":"terms_conditions_text","label":"Terms and Conditions Text","default":"I agree with the terms and conditions"},{"type":"header","content":"Product Card"},{"type":"range","id":"product_card_height_procent","min":50,"max":150,"step":1,"label":"Image height (in % of width)","default":100},{"type":"checkbox","id":"image_swap","label":"Use Image Swap","default":false},{"type":"checkbox","id":"show_product_quickview","label":"Enable Quick View?","default":true},{"type":"checkbox","id":"display_countdown","label":"Enable Countdown?","default":false},{"type":"checkbox","id":"show_product_vendor","label":"Show Product Vendors","default":true},{"type":"checkbox","id":"show_product_title","label":"Show Product Title","default":true},{"type":"checkbox","id":"show_product_reviews","label":"Show Product Reviews","default":true},{"type":"checkbox","id":"show_product_price","label":"Show Product Price","default":true},{"type":"checkbox","id":"show_product_button","label":"Show Add to cart Button","default":true},{"type":"checkbox","id":"show_wishlist","label":"Show wishlist","default":true},{"type":"checkbox","id":"show_wishlist_mb","label":"Show wishlist Mobile","default":false},{"type":"checkbox","id":"show_product_compare","label":"Show Compare","default":true},{"type":"checkbox","id":"show_product_compare_mb","label":"Show Compare Mobile","default":false},{"type":"header","content":"Product Quick View"},{"type":"checkbox","id":"qv_enable_zoom","label":"Enable image zoom","default":true},{"type":"checkbox","id":"qv_enable_fancybox","label":"Enable image gallery popup","default":true},{"type":"checkbox","id":"qv_display_product_reviews","label":"Enable Product Reviews?","default":true},{"type":"checkbox","id":"qv_show_sold_in","label":"Enabled products has been sold?","default":true},{"type":"textarea","id":"qv_item_prd","label":"The number of products","default":"3,5,6,7,8,10,12,15"},{"type":"text","id":"qv_item_prds","label":"Text Sold in","default":"sold in last"},{"type":"textarea","id":"qv_hours_prs","label":"Hours","default":"10,15,16,17,18,20,25,35"},{"type":"text","id":"qv_item_hours","label":"Text Hours","default":"hours"},{"type":"checkbox","id":"qv_display_vendor","label":"Enable Product Vendor?","default":true},{"type":"checkbox","id":"qv_display_product_sku","label":"Enable Product SKU?","default":true},{"type":"checkbox","id":"qv_display_availability","label":"Enable Product Availability?","default":true},{"type":"checkbox","id":"qv_display_product_type","label":"Enable Product Type?","default":true},{"type":"checkbox","id":"qv_display_countdown","label":"Enable Countdown?","default":true,"info":"Please install app Metafields Guru and setting like Document"},{"type":"checkbox","id":"qv_display_price","label":"Enable Price?","default":true},{"type":"checkbox","id":"qv_display_subtotal","label":"Enable Subtotal?","default":true},{"type":"checkbox","id":"qv_show_quantity_selector","label":"Enable quantity selector?","default":true},{"type":"checkbox","id":"qv_display_short_description","label":"Enable Short description?","default":true},{"type":"text","id":"qv_number_words","label":"Number Words","default":"16"},{"type":"checkbox","id":"qv_dpl_customers_view","label":"Enable Customers viewing","default":true},{"type":"text","id":"qv_title_view","label":"Title","default":"customers are viewing this product"},{"type":"textarea","id":"qv_number_view","label":"Number of customers viewing","default":"283, 100, 59, 11, 14, 185, 193, 165, 50, 38, 99, 112, 46, 10, 125, 200, 250, 18","info":"Please enter the number"},{"type":"checkbox","id":"qv_display_product_detail_share","label":"Enable Product Share?","default":true},{"type":"text","id":"qv_share_text","label":"Share Text","default":"Share"}]},{"name":"Search Form","settings":[{"type":"header","content":"Search Trending"},{"type":"checkbox","id":"enable_search_trending","label":"Enable","default":true},{"type":"text","id":"trending_search_title","label":"Title","default":"trending","info":"==================="},{"type":"text","id":"trending_search_item_1","label":"Search Item 1","default":"dempus"},{"type":"text","id":"trending_search_item_2","label":"Search Item 2","default":"sample"},{"type":"text","id":"trending_search_item_3","label":"Search Item 3","default":"magnis"},{"type":"text","id":"trending_search_item_4","label":"Search Item 4","default":"loremous saliduar"},{"type":"text","id":"trending_search_item_5","label":"Search Item 5","default":"naminos"},{"type":"text","id":"trending_search_item_6","label":"Search Item 6","default":"dinterdum","info":"==================="},{"type":"header","content":"Popular Products"},{"type":"checkbox","id":"enable_search_popular_products","label":"Enable","default":true},{"type":"text","id":"popular_products_search_title","label":"Title","default":"Popular Products","info":"==================="},{"type":"collection","id":"popular_products_collection","label":"Collection to use","info":"==================="},{"type":"range","id":"popular_products_limit","label":"Number of new products to show","min":3,"max":6,"step":1,"default":3}]},{"name":"Categories Fillter","settings":[{"type":"checkbox","id":"enable_multilevel_categories","label":"Enable Multi Level Categories","default":true},{"type":"select","id":"multilevel_categories_position","label":"position show","default":"slideshow","options":[{"value":"slideshow","label":"Show on Slideshow"},{"value":"products","label":"Show on Products Special Layout"}]},{"type":"text","id":"category_filter_title","label":"Title"},{"type":"text","id":"category_filter_des","label":"Description"},{"type":"text","id":"category_filter_label1","label":"Label 1"},{"type":"text","id":"category_filter_label2","label":"Label 2"},{"type":"text","id":"category_filter_label3","label":"Label 3"},{"type":"link_list","id":"category_filter","label":"Menu Link"}]},{"name":"Multiple Currencies","settings":[{"type":"checkbox","id":"enable_shopify_payments_currencies","label":"Enalble Shopify Payments?","info":"* Only avaiable for store has Shopify Payments. Link [here](https:\/\/help.shopify.com\/en\/manual\/payments\/shopify-payments\/multi-currency\/setup). Don't choose both of 3 options. Don't choose Shopify payment with other options.","default":false},{"type":"checkbox","id":"enable_multiple_currencies","label":"Enable Multiple Currencies?","default":true},{"type":"checkbox","id":"enable_auto_currency","label":"Enable Automatic currency?","default":false},{"type":"text","id":"currency_1_unit","label":"Currency unit 1 Text","default":"USD"},{"type":"text","id":"currency_1_icon","label":"Currency unit 1 Icon","info":"SVG Icon or Font Awesome Icon [(Where do I find SVG)](https:\/\/flaticon.com)"},{"type":"text","id":"currency_2_unit","label":"Currency unit 2 Text","default":"EUR"},{"type":"text","id":"currency_2_icon","label":"Currency unit 2 Icon","info":"SVG Icon or Font Awesome Icon [(Where do I find SVG)](https:\/\/flaticon.com)"},{"type":"text","id":"currency_3_unit","label":"Currency unit 3 Text"},{"type":"text","id":"currency_3_icon","label":"Currency unit 3 Icon","info":"SVG Icon or Font Awesome Icon [(Where do I find SVG)](https:\/\/flaticon.com)"},{"type":"text","id":"currency_4_unit","label":"Currency unit 4 Text"},{"type":"text","id":"currency_4_icon","label":"Currency unit 4 Icon","info":"SVG Icon or Font Awesome Icon [(Where do I find SVG)](https:\/\/flaticon.com)"},{"type":"text","id":"currency_5_unit","label":"Currency unit 5 Text"},{"type":"text","id":"currency_5_icon","label":"Currency unit 5 Icon","info":"SVG Icon or Font Awesome Icon [(Where do I find SVG)](https:\/\/flaticon.com)"},{"type":"text","id":"currency_6_unit","label":"Currency unit 6 Text"},{"type":"text","id":"currency_6_icon","label":"Currency unit 6 Icon","info":"SVG Icon or Font Awesome Icon [(Where do I find SVG)](https:\/\/flaticon.com)"},{"type":"text","id":"currency_7_unit","label":"Currency unit 7 Text"},{"type":"text","id":"currency_7_icon","label":"Currency unit 7 Icon","info":"SVG Icon or Font Awesome Icon [(Where do I find SVG)](https:\/\/flaticon.com)"},{"type":"text","id":"currency_8_unit","label":"Currency unit 8 Text"},{"type":"text","id":"currency_8_icon","label":"Currency unit 8 Icon","info":"SVG Icon or Font Awesome Icon [(Where do I find SVG)](https:\/\/flaticon.com)"},{"type":"text","id":"currency_9_unit","label":"Currency unit 9 Text"},{"type":"text","id":"currency_9_icon","label":"Currency unit 9 Icon","info":"SVG Icon or Font Awesome Icon [(Where do I find SVG)](https:\/\/flaticon.com)"},{"type":"text","id":"currency_10_unit","label":"Currency unit 10 Text"},{"type":"text","id":"currency_10_icon","label":"Currency unit 10 Icon","info":"SVG Icon or Font Awesome Icon [(Where do I find SVG)](https:\/\/flaticon.com)"},{"type":"paragraph","content":"Separate your currency codes with a space. Use the ISO 4217 3-letter currency code. Click [here](http:\/\/www.xe.com\/iso4217.php) for a complete list of currency codes. Example: CAD USD."},{"type":"paragraph","content":"* For this functionality to work in your shop, you are required to edit your money formats as per [these instructions](http:\/\/wiki.shopify.com\/How_to_Show_Multiple_Currencies#Do_tell_where_the_money_is) (“Do tell where the money is”)."}]},{"name":"Multiple Languages","settings":[{"type":"checkbox","id":"enable_multilang","label":"Enable Multi Languages","default":false},{"type":"text","id":"lange_1","label":"Language 1","default":"eng"},{"type":"text","id":"lange_1_icon","label":"Language 1 Icon","info":"SVG Icon or Font Awesome Icon [(Where do I find SVG)](https:\/\/flaticon.com)"},{"type":"text","id":"lange_2","label":"Language 2","default":"ger"},{"type":"text","id":"lange_2_icon","label":"Language 2 Icon","info":"SVG Icon or Font Awesome Icon [(Where do I find SVG)](https:\/\/flaticon.com)"},{"type":"text","id":"lange_3","label":"Language 3"},{"type":"text","id":"lange_3_icon","label":"Language 3 Icon","info":"SVG Icon or Font Awesome Icon [(Where do I find SVG)](https:\/\/flaticon.com)"},{"type":"text","id":"lange_4","label":"Language 4"},{"type":"text","id":"lange_4_icon","label":"Language 4 Icon","info":"SVG Icon or Font Awesome Icon [(Where do I find SVG)](https:\/\/flaticon.com)"},{"type":"text","id":"lange_5","label":"Language 5"},{"type":"text","id":"lange_5_icon","label":"Language 5 Icon","info":"SVG Icon or Font Awesome Icon [(Where do I find SVG)](https:\/\/flaticon.com)"}]},{"name":"Newsletter Popup","settings":[{"type":"checkbox","id":"display_popup_newsletter","label":"Display Newsletter Popup?","default":true},{"type":"select","id":"when_to_show","label":"When To Show","options":[{"value":"first_time","label":"With 'Don't show again' Option"},{"value":"all_the_time","label":"Without 'Don't show again' Option"}],"default":"first_time","info":"Default Value: With 'Don't show again' Option"},{"type":"range","id":"popup_newsletter_expire","label":"Times shows again (days)","max":7,"min":1,"step":1,"unit":"day","default":1},{"type":"range","id":"popup_newsletter_delay","label":"Delay Times (seconds)","max":15,"min":1,"step":1,"unit":"sec","default":8},{"type":"image_picker","id":"newsletter","label":"Upload a new newsletter image"},{"type":"text","id":"popup_newsletter_title","label":"Newsletter Popup Title","default":"Subscribe To Our Newsletter"},{"type":"textarea","id":"popup_newsletter_des_1","label":"Newsletter Popup Descriptions 1","default":"Get the latest updates on new products and upcoming sales"},{"type":"textarea","id":"popup_newsletter_des","label":"Newsletter Popup Descriptions 2","default":"We promise to only send you good things"},{"type":"text","id":"popup_newsletter_text_note","label":"Popup Newsletter Text Note","default":"Don't show again!"},{"type":"text","id":"newssletter_success_text","label":"Successfully Subscribed Text","default":"You have successfully subscribed!"},{"type":"text","id":"newssletter_error_text","label":"Error Subscribed Text","default":"This email address is already registered!"},{"type":"header","content":"Social"},{"type":"checkbox","id":"display_popup_social","label":"Display Popup Newsletter?","default":true}]},{"name":"Ask An Expert Popup","settings":[{"type":"checkbox","id":"enable_ask_an_expert","label":"Enable","default":true},{"type":"text","id":"ask_an_expert_header","label":"Header","default":"Have Questions?"},{"type":"textarea","id":"ask_an_expert_des","label":"Descriptions","default":"Ask The Automotive Experts anything on Speedo-Demo. We will follow up with you via email within 24-48 hours."},{"type":"textarea","id":"ask_an_expert_title","label":"Title","default":"Please answer the following questionnaire"},{"type":"header","content":"Do You Need"},{"type":"checkbox","id":"enable_ask_do_you_need","label":"Enable","default":true},{"type":"textarea","id":"ask_do_you_need","label":"Label","default":"Do You Need"},{"type":"textarea","id":"ask_do_you_need_1","label":"Infor 1","default":"Pricing"},{"type":"textarea","id":"ask_do_you_need_2","label":"Infor 2","default":"Answers"},{"type":"textarea","id":"ask_do_you_need_3","label":"Infor 3","default":"Both"},{"type":"header","content":"Message"},{"type":"textarea","id":"ask_form_mess","label":"Label","default":"What can i help you with today ?"},{"type":"header","content":"How would you like me to contact you?"},{"type":"checkbox","id":"enable_how_would_you_like_me_to_contact_you","label":"Enable","default":true},{"type":"textarea","id":"how_would_you_like_me_to_contact_you","label":"Label","default":"How would you like me to contact you?"},{"type":"textarea","id":"contact_with_you_1","label":"Infor 1","default":"Phone"},{"type":"textarea","id":"contact_with_you_2","label":"Infor 2","default":"Email"},{"type":"textarea","id":"contact_with_you_3","label":"Infor 3","default":"Both"}]},{"name":"Someone Purchased","settings":[{"type":"checkbox","id":"display_someone-purchased","label":"Display Someone Purchased PC","default":true},{"type":"checkbox","id":"display_someone-purchased_mb","label":"Display Someone Purchased on mobile","default":true},{"type":"radio","id":"show_someone-purchased","label":"Someone Purchased Modal on the","options":[{"value":"left","label":"Left"},{"value":"right","label":"Right"}],"default":"left","info":"Only Desktop"},{"type":"range","id":"autorotate_speed","label":"Change slides every","max":15,"min":3,"step":1,"unit":"s","default":8},{"type":"text","id":"text","label":"Text Someone recently bought","default":"Someone recently bought a","info":"=============="},{"type":"product","id":"someone_recently_product_1","label":"Select Product"},{"type":"text","id":"from_ago_1","default":"20 minutes ago from Blackburn, UK","label":"Time and Location Text","info":"=============="},{"type":"product","id":"someone_recently_product_2","label":"Select Product"},{"type":"text","id":"from_ago_2","default":"20 minutes ago from Blackburn, UK","label":"Time and Location Text","info":"=============="},{"type":"product","id":"someone_recently_product_3","label":"Select Product"},{"type":"text","id":"from_ago_3","default":"20 minutes ago from Blackburn, UK","label":"Time and Location Text","info":"=============="},{"type":"product","id":"someone_recently_product_4","label":"Select Product"},{"type":"text","id":"from_ago_4","default":"20 minutes ago from Blackburn, UK","label":"Time and Location Text","info":"=============="},{"type":"product","id":"someone_recently_product_5","label":"Select Product"},{"type":"text","id":"from_ago_5","default":"20 minutes ago from Blackburn, UK","label":"Time and Location Text"}]},{"name":"GDPR Modal","settings":[{"type":"checkbox","id":"display_gdpr","label":"Enable GDPR Modal","default":true},{"type":"checkbox","id":"display_gdpr_mb","label":"Enable GDPR Modal on mobile","default":true},{"type":"radio","id":"show_gdpr","label":"Show GDPR Modal on the:","options":[{"value":"left","label":"Left"},{"value":"right","label":"Right"}],"default":"right","info":"Only Desktop"},{"type":"textarea","id":"gdpr_content","label":"Content","default":"The cookie settings on this website are set to 'allow all cookies' to give you the very best experience. Please click Accept Cookies to continue to use the site."},{"type":"text","id":"gdpr_privacy_policy_text","label":"Privacy Policy Text","default":"privacy policy"},{"type":"text","id":"gdpr_privacy_policy_link","label":"Privacy Policy Link","default":"https:\/\/policies.google.com","info":"https:\/\/policies.google.com"},{"type":"text","id":"gdpr_accept_cookies_text","label":"Accept Cookies Text","default":"accept"}]},{"name":"Color (General)","settings":[{"type":"header","content":"Body Color"},{"type":"color","id":"color_body_text","label":"Text Color","default":"#383e47","info":"Default Value: #383e47"},{"type":"color","id":"color_url","label":"Link Color","default":"#383e47","info":"Default Value: #383e47"},{"type":"color","id":"color_url_hover","label":"Link Color Hover","default":"#005599","info":"Default Value: #005599"},{"type":"color","id":"color_body_bg","label":"Body Background","default":"#ffffff","info":"Default Value: #ffffff"},{"type":"header","content":"Heading\/Title Color"},{"type":"color","id":"color_heading_text","label":"Heading Color","default":"#383e47","info":"Default Value: #383e47"},{"type":"color","id":"color_heading_url","label":"Heading Link Color","default":"#005599","info":"Default Value: #005599"},{"type":"header","content":"Section Color (Homepage)"},{"type":"color","id":"color_section_border","label":"Border Color","default":"#e2e4e8","info":"Default Value: #e2e4e8"},{"type":"color","id":"color_section_bg_gray","label":"Background Color (Gray)","default":"#f7f7f7","info":"Default Value: #f7f7f7"},{"type":"header","content":"Buttons Primary"},{"type":"color","id":"color_button_text","label":"Text color","default":"#ffffff"},{"type":"color","id":"color_button_border","label":"Border color","default":"#b20000"},{"type":"color","id":"color_button","label":"Background color","default":"#b20000"},{"type":"color","id":"color_button_text_hover","label":"Text Color Hover","default":"#ffffff"},{"type":"color","id":"color_button_border_hover","label":"Border Color Hover","default":"#9A0000"},{"type":"color","id":"color_button_hover","label":"Background Color Hover","default":"#9A0000"},{"type":"header","content":"Buttons Secondary"},{"type":"color","id":"color_button_secondary_text","label":"Text color","default":"#383e47"},{"type":"color","id":"color_button_secondary_border","label":"Border color","default":"#b6b6b6"},{"type":"color","id":"color_button_secondary","label":"Background color"},{"type":"color","id":"color_button_secondary_text_hover","label":"Text Color Hover","default":"#ffffff"},{"type":"color","id":"color_button_secondary_border_hover","label":"Border Color Hover","default":"#383e47"},{"type":"color","id":"color_button_secondary_hover","label":"Background Color Hover","default":"#383e47"},{"type":"header","content":"Buttons Tertiary"},{"type":"color","id":"color_small_button_text","label":"Buttons color","default":"#383e47"},{"type":"color","id":"color_small_button_text_hover","label":"Buttons color hover","default":"#005599"},{"type":"header","content":"Product Card"},{"type":"color","id":"color_product_vendor","label":"Product vendor","default":"#999999"},{"type":"color","id":"color_product_title","label":"Product title","default":"#059"},{"type":"color","id":"color_product_review","label":"Product review","default":"#ed6912"},{"type":"color","id":"color_product_review_empty","label":"Product review (empty)","default":"#e4e4e4"},{"type":"color","id":"color_product_price","label":"Product price (default)","default":"#141414"},{"type":"color","id":"color_product_price_sale","label":"Product price (sale)","default":"#b20000"},{"type":"color","id":"color_product_price_presale","label":"Product price (pre-sale)","default":"#999999"},{"type":"header","content":"Product Button"},{"type":"color","id":"color_product_button_text","label":"Text Color","default":"#373e46"},{"type":"color","id":"color_product_button_bg","label":"Background Color","default":"#ffffff"},{"type":"color","id":"color_product_button_border","label":"Border Color","default":"#808287"},{"type":"color","id":"color_product_button_text_hover","label":"Text Color Hover","default":"#ffffff"},{"type":"color","id":"color_product_button_bg_hover","label":"Background Color Hover","default":"#b20000"},{"type":"color","id":"color_product_button_border_hover","label":"Border Color Hover","default":"#b20000"},{"type":"color","id":"color_product_button_soldOut_text","label":"Text Color (sold out)","default":"#999999"},{"type":"color","id":"color_product_button_soldOut_bg","label":"Background Color (sold out)","default":"#f7f7f7"},{"type":"color","id":"color_product_button_soldOut_border","label":"Border Color (sold out)","default":"#f7f7f7"},{"type":"header","content":"Product Badge"},{"type":"color","id":"color_badge_text","label":"Default badge text","default":"#ffffff"},{"type":"color","id":"color_badge_bg","label":"Default badge background","default":"#383e46"},{"type":"color","id":"color_new_badge_text","label":"New badge text","default":"#ffffff"},{"type":"color","id":"color_new_badge_bg","label":"New badge background","default":"#6aa004"},{"type":"color","id":"color_sale_badge_text","label":"Sale badge text","default":"#ffffff"},{"type":"color","id":"color_sale_badge_bg","label":"Sale badge background","default":"#b9000a"},{"type":"color","id":"color_soldOut_badge_text","label":"Soldout badge text","default":"#ffffff"},{"type":"color","id":"color_soldOut_badge_bg","label":"Soldout badge background","default":"#b6b6b6"},{"type":"color","id":"color_bestSellers_badge_text","label":"Best Sellers badge text","default":"#ffffff"},{"type":"color","id":"color_bestSellers_badge_bg","label":"Best Sellers badge background","default":"#ed6912"},{"type":"header","content":"Form fields"},{"type":"color","id":"color_text_field_text","label":"Text","default":"#000"},{"type":"color","id":"color_text_field_border","label":"Borders","default":"#cccfd6"},{"type":"color","id":"color_text_field","label":"Background","default":"#fff"},{"type":"header","content":"Image Overlay"},{"type":"range","id":"image_overlay_opacity","label":"Opacity","min":0,"max":100,"step":1,"unit":"%","default":40},{"type":"header","content":"Back To Top"},{"type":"color","id":"color_btt","label":"Color","default":"#000000","info":"Default Value: #000000"},{"type":"color","id":"color_border_btt","label":"Border Color","default":"#000000","info":"Default Value: #000000"},{"type":"color","id":"color_bg_btt","label":"Background Color","default":"#ffffff","info":"Default Value: #ffffff"},{"type":"header","content":"GDPR Modal"},{"type":"color","id":"color_cookieMessage","label":"Color","default":"#ffffff","info":"Default Value: #ffffff"},{"type":"color","id":"color_bg_cookieMessage","label":"Color","default":"#000000","info":"Default Value: #000000"},{"type":"color","id":"color_btn_cookieMessage","label":"Button Color","default":"#383e47","info":"Default Value: #383e47"},{"type":"color","id":"color_btn_bg_cookieMessage","label":"Button Color","default":"#ffffff","info":"Default Value: #ffffff"},{"type":"header","content":"Someone Purchased"},{"type":"color","id":"color_notification2","label":"Color","default":"#969696","info":"Default Value: #969696"},{"type":"color","id":"color_bg_notification2","label":"Color","default":"#ffffff","info":"Default Value: #ffffff"}]},{"name":"Color (Header)","settings":[{"type":"header","content":"Announcement Bar"},{"type":"color","id":"color_announcement_bar","label":"Announcement Bar Color","default":"#141414"},{"type":"color","id":"color_bg_announcement_bar","label":"Announcement Bar Background","default":"#f7f7f7"},{"type":"header","content":"Header Top"},{"type":"color","id":"color_header_top","label":"Header Top Color","default":"#383e47"},{"type":"color","id":"color_bg_header_top","label":"Header Top Background","default":"#ffffff"},{"type":"color","id":"color_border_header_top","label":"Header Top Border","default":"#e2e4e8"},{"type":"color","id":"color_header_top_shortdescription","label":"Header Top Short Descriptions","default":"#383e47"},{"type":"header","content":"Header Middle"},{"type":"color","id":"color_header_middle","label":"Header Middle Color","default":"#383e47"},{"type":"color","id":"color_bg_header_middle","label":"Header Middle Background","default":"#ffffff"},{"type":"color","id":"color_time_header_middle","label":"Phone Number Color","default":"#b20000"},{"type":"color","id":"color_logo","label":"Logo Color (Text)","default":"#383e47"},{"type":"color","id":"color_search_bar","label":"Search Form Color","default":"#383e47"},{"type":"color","id":"color_border_search_bar","label":"Search Form Border","default":"#cccfd6"},{"type":"color","id":"color_bg_search_bar","label":"Search Form Background","default":"#ffffff"},{"type":"color","id":"color_search_btn","label":"Search Button Color","default":"#383e47"},{"type":"color","id":"color_bg_search_btn","label":"Search Button Background","default":"#f7f7f7"},{"type":"color","id":"color_cart_countPill","label":"Cart Count Text","default":"#ffffff"},{"type":"color","id":"color_bg_cart_countPill","label":"Cart Count Background","default":"#b20000"},{"type":"header","content":"Header Bottom"},{"type":"color","id":"color_header_bottom","label":"Header Bottom Color","default":"#ffffff"},{"type":"color","id":"color_border_header_bottom","label":"Header Bottom Border","default":"#383e47"},{"type":"color","id":"color_bg_header_bottom","label":"Header Bottom Background","default":"#383e47"},{"type":"color","id":"color_label_1","label":"Label 1 Color","default":"#ffffff"},{"type":"color","id":"color_bg_label_1","label":"Label 1 Background","default":"#b20000"},{"type":"color","id":"color_label_2","label":"Label 2 Color","default":"#ffffff"},{"type":"color","id":"color_bg_label_2","label":"Label 2 Background","default":"#70b00c"},{"type":"color","id":"color_label_3","label":"Label 3 Color","default":"#ffffff"},{"type":"color","id":"color_bg_label_3","label":"Label 3 Background","default":"#008ddd"},{"type":"header","content":"Header Navigation Vertical"},{"type":"color","id":"nav_vertical_bg","label":"Background color","default":"#b20000"},{"type":"color","id":"nav_vertical_color","label":"Text color","default":"#ffffff"},{"type":"header","content":"Header Dropdown Menu"},{"type":"color","id":"color_dropdownmenu","label":"color","default":"#383e47"},{"type":"color","id":"color_border_dropdownmenu","label":"Border","default":"#ebebeb"},{"type":"color","id":"color_bg_dropdownmenu","label":"Background","default":"#ffffff"},{"type":"color","id":"color_title_dropdownmenu","label":"Title","default":"#005599"},{"type":"header","content":"Header Notification"},{"type":"color","id":"color_notification","label":"Notification Color","default":"#ffffff"},{"type":"color","id":"color_bg_notification","label":"Notification Background","default":"#ed6912"}]},{"name":"Color (Footer)","settings":[{"type":"header","content":"Section Icon List"},{"type":"color","id":"color_icon_list","label":"Background color","default":"#b20000"},{"type":"color","id":"color_icon_list_icon","label":"Icon Color","default":"#ffffff"},{"type":"color","id":"color_icon_list_text","label":"Text Color","default":"#ffffff"},{"type":"header","content":"Footer General"},{"type":"color","id":"color_footer_title","label":"Footer Title Color","default":"#ffffff"},{"type":"color","id":"color_footer_text","label":"Footer Text Color","default":"#dfdfdf"},{"type":"color","id":"color_footer_link_hover","label":"Footer Text Color (hover)","default":"#ffffff"},{"type":"color","id":"color_footer_bg","label":"Footer Background Color","default":"#222325"},{"type":"header","content":"Footer Contact Owner"},{"type":"color","id":"color_contact_owner","label":"Text Color","default":"#ffffff"},{"type":"color","id":"border_contact_owner","label":"Border Color","default":"#39393b"},{"type":"header","content":"Footer Newsletter"},{"type":"color","id":"color_newsletter_input","label":"Input Text Color","default":"#383e47"},{"type":"color","id":"color_newsletter_input_bg","label":"Input Background Color","default":"#ffffff"},{"type":"color","id":"color_newsletter_input_border","label":"Input Border Color","default":"#ffffff"},{"type":"color","id":"color_newsletter_btn","label":"Button Color","default":"#ffffff"},{"type":"color","id":"color_newsletter_btn_bg","label":"Button Background Color","default":"#b20000"},{"type":"header","content":"Footer Social List"},{"type":"color","id":"footer_social","label":"icon Color","default":"#ffffff"},{"type":"color","id":"footer_social_border","label":"Border Color","default":"#636364"},{"type":"header","content":"Footer Bottom"},{"type":"color","id":"footer_bottom_text","label":"Text Color","default":"#dfdfdf"},{"type":"color","id":"footer_bottom_bg","label":"Background Color","default":"#2e3033"}]},{"name":"Social media","settings":[{"type":"header","content":"Social sharing image"},{"type":"image_picker","id":"share_image","label":"Image","info":"Shown when sharing a link on social media. [Learn more](https:\/\/help.shopify.com\/manual\/using-themes\/troubleshooting\/showing-social-media-thumbnail-images\/) about image thumbnails."},{"type":"header","content":"Social sharing options"},{"type":"checkbox","id":"share_facebook","label":"Share on Facebook","default":true},{"type":"checkbox","id":"share_twitter","label":"Tweet on Twitter","default":true},{"type":"checkbox","id":"share_pinterest","label":"Pin on Pinterest","default":true},{"type":"header","content":"Social accounts"},{"type":"text","id":"social_twitter_link","label":"Twitter","info":"https:\/\/twitter.com\/shopify"},{"type":"text","id":"social_facebook_link","label":"Facebook","info":"https:\/\/facebook.com\/shopify"},{"type":"text","id":"social_pinterest_link","label":"Pinterest","info":"https:\/\/pinterest.com\/shopify"},{"type":"text","id":"social_instagram_link","label":"Instagram","info":"http:\/\/instagram.com\/shopify"},{"type":"text","id":"social_tumblr_link","label":"Tumblr","info":"http:\/\/shopify.tumblr.com"},{"type":"text","id":"social_snapchat_link","label":"Snapchat","info":"https:\/\/www.snapchat.com\/add\/shopify"},{"type":"text","id":"social_youtube_link","label":"YouTube","info":"https:\/\/www.youtube.com\/shopify"},{"type":"text","id":"social_vimeo_link","label":"Vimeo","info":"https:\/\/vimeo.com\/shopify"}]},{"name":"Get shipping estimates","settings":[{"type":"checkbox","id":"show_shipping_calculator","label":"Display shipping rates calculator","default":true},{"type":"text","id":"shipping_calculator_heading","label":"Heading","default":"Get shipping estimates"},{"type":"select","id":"shipping_calculator_default_country","label":"Shipping Rates Calculator default country selection","options":[{"value":"","label":"-- Please Select --"},{"value":"Vietnam","label":"Vietnam"},{"value":"Canada","label":"Canada"},{"value":"Australia","label":"Australia"},{"value":"Afghanistan","label":"Afghanistan"},{"value":"Aland Islands","label":"Aland Islands"},{"value":"Albania","label":"Albania"},{"value":"Algeria","label":"Algeria"},{"value":"Andorra","label":"Andorra"},{"value":"Angola","label":"Angola"},{"value":"Anguilla","label":"Anguilla"},{"value":"Antigua And Barbuda","label":"Antigua And Barbuda"},{"value":"Argentina","label":"Argentina"},{"value":"Armenia","label":"Armenia"},{"value":"Aruba","label":"Aruba"},{"value":"Austria","label":"Austria"},{"value":"Azerbaijan","label":"Azerbaijan"},{"value":"Bahamas","label":"Bahamas"},{"value":"Bahrain","label":"Bahrain"},{"value":"Bangladesh","label":"Bangladesh"},{"value":"Barbados","label":"Barbados"},{"value":"Belarus","label":"Belarus"},{"value":"Belgium","label":"Belgium"},{"value":"Belize","label":"Belize"},{"value":"Benin","label":"Benin"},{"value":"Bermuda","label":"Bermuda"},{"value":"Bhutan","label":"Bhutan"},{"value":"Bolivia","label":"Bolivia"},{"value":"Bosnia And Herzegovina","label":"Bosnia And Herzegovina"},{"value":"Botswana","label":"Botswana"},{"value":"Bouvet Island","label":"Bouvet Island"},{"value":"Brazil","label":"Brazil"},{"value":"British Indian Ocean Territory","label":"British Indian Ocean Territory"},{"value":"Brunei","label":"Brunei"},{"value":"Bulgaria","label":"Bulgaria"},{"value":"Burkina Faso","label":"Burkina Faso"},{"value":"Burma","label":"Burma"},{"value":"Burundi","label":"Burundi"},{"value":"Cambodia","label":"Cambodia"},{"value":"Cape Verde","label":"Cape Verde"},{"value":"Cayman Islands","label":"Cayman Islands"},{"value":"Central African Republic","label":"Central African Republic"},{"value":"Chad","label":"Chad"},{"value":"Chile","label":"Chile"},{"value":"China","label":"China"},{"value":"Christmas Island","label":"Christmas Island"},{"value":"Cocos (Keeling) Islands","label":"Cocos (Keeling) Islands"},{"value":"Colombia","label":"Colombia"},{"value":"Comoros","label":"Comoros"},{"value":"Congo","label":"Congo"},{"value":"Congo, The Democratic Republic Of The","label":"Congo, The Democratic Republic Of The"},{"value":"Cook Islands","label":"Cook Islands"},{"value":"Costa Rica","label":"Costa Rica"},{"value":"Croatia","label":"Croatia"},{"value":"Cuba","label":"Cuba"},{"value":"Curaçao","label":"Curaçao"},{"value":"Cyprus","label":"Cyprus"},{"value":"Czech Republic","label":"Czech Republic"},{"value":"Côte d'Ivoire","label":"Côte d'Ivoire"},{"value":"Denmark","label":"Denmark"},{"value":"Djibouti","label":"Djibouti"},{"value":"Dominica","label":"Dominica"},{"value":"Dominican Republic","label":"Dominican Republic"},{"value":"Ecuador","label":"Ecuador"},{"value":"Egypt","label":"Egypt"},{"value":"El Salvador","label":"El Salvador"},{"value":"Equatorial Guinea","label":"Equatorial Guinea"},{"value":"Eritrea","label":"Eritrea"},{"value":"Estonia","label":"Estonia"},{"value":"Ethiopia","label":"Ethiopia"},{"value":"Falkland Islands (Malvinas)","label":"Falkland Islands (Malvinas)"},{"value":"Faroe Islands","label":"Faroe Islands"},{"value":"Fiji","label":"Fiji"},{"value":"Finland","label":"Finland"},{"value":"France","label":"France"},{"value":"French Guiana","label":"French Guiana"},{"value":"French Polynesia","label":"French Polynesia"},{"value":"French Southern Territories","label":"French Southern Territories"},{"value":"Gabon","label":"Gabon"},{"value":"Gambia","label":"Gambia"},{"value":"Georgia","label":"Georgia"},{"value":"Germany","label":"Germany"},{"value":"Ghana","label":"Ghana"},{"value":"Gibraltar","label":"Gibraltar"},{"value":"Greece","label":"Greece"},{"value":"Greenland","label":"Greenland"},{"value":"Grenada","label":"Grenada"},{"value":"Guadeloupe","label":"Guadeloupe"},{"value":"Guatemala","label":"Guatemala"},{"value":"Guernsey","label":"Guernsey"},{"value":"Guinea","label":"Guinea"},{"value":"Guinea Bissau","label":"Guinea Bissau"},{"value":"Guyana","label":"Guyana"},{"value":"Haiti","label":"Haiti"},{"value":"Heard Island And Mcdonald Islands","label":"Heard Island And Mcdonald Islands"},{"value":"Holy See (Vatican City State)","label":"Holy See (Vatican City State)"},{"value":"Honduras","label":"Honduras"},{"value":"Hong Kong","label":"Hong Kong"},{"value":"Hungary","label":"Hungary"},{"value":"Iceland","label":"Iceland"},{"value":"India","label":"India"},{"value":"Indonesia","label":"Indonesia"},{"value":"Iran, Islamic Republic Of","label":"Iran, Islamic Republic Of"},{"value":"Iraq","label":"Iraq"},{"value":"Ireland","label":"Ireland"},{"value":"Isle Of Man","label":"Isle Of Man"},{"value":"Israel","label":"Israel"},{"value":"Italy","label":"Italy"},{"value":"Jamaica","label":"Jamaica"},{"value":"Japan","label":"Japan"},{"value":"Jersey","label":"Jersey"},{"value":"Jordan","label":"Jordan"},{"value":"Kazakhstan","label":"Kazakhstan"},{"value":"Kenya","label":"Kenya"},{"value":"Kiribati","label":"Kiribati"},{"value":"Korea, Democratic People's Republic Of","label":"Korea, Democratic People's Republic Of"},{"value":"Kosovo","label":"Kosovo"},{"value":"Kuwait","label":"Kuwait"},{"value":"Kyrgyzstan","label":"Kyrgyzstan"},{"value":"Lao People's Democratic Republic","label":"Lao People's Democratic Republic"},{"value":"Latvia","label":"Latvia"},{"value":"Lebanon","label":"Lebanon"},{"value":"Lesotho","label":"Lesotho"},{"value":"Liberia","label":"Liberia"},{"value":"Libyan Arab Jamahiriya","label":"Libyan Arab Jamahiriya"},{"value":"Liechtenstein","label":"Liechtenstein"},{"value":"Lithuania","label":"Lithuania"},{"value":"Luxembourg","label":"Luxembourg"},{"value":"Macao","label":"Macao"},{"value":"Macedonia, Republic Of","label":"Macedonia, Republic Of"},{"value":"Madagascar","label":"Madagascar"},{"value":"Malawi","label":"Malawi"},{"value":"Malaysia","label":"Malaysia"},{"value":"Maldives","label":"Maldives"},{"value":"Mali","label":"Mali"},{"value":"Malta","label":"Malta"},{"value":"Martinique","label":"Martinique"},{"value":"Mauritania","label":"Mauritania"},{"value":"Mauritius","label":"Mauritius"},{"value":"Mayotte","label":"Mayotte"},{"value":"Mexico","label":"Mexico"},{"value":"Moldova, Republic of","label":"Moldova, Republic of"},{"value":"Monaco","label":"Monaco"},{"value":"Mongolia","label":"Mongolia"},{"value":"Montenegro","label":"Montenegro"},{"value":"Montserrat","label":"Montserrat"},{"value":"Morocco","label":"Morocco"},{"value":"Mozambique","label":"Mozambique"},{"value":"Namibia","label":"Namibia"},{"value":"Nauru","label":"Nauru"},{"value":"Nepal","label":"Nepal"},{"value":"Netherlands","label":"Netherlands"},{"value":"Netherlands Antilles","label":"Netherlands Antilles"},{"value":"New Caledonia","label":"New Caledonia"},{"value":"New Zealand","label":"New Zealand"},{"value":"Nicaragua","label":"Nicaragua"},{"value":"Niger","label":"Niger"},{"value":"Nigeria","label":"Nigeria"},{"value":"Niue","label":"Niue"},{"value":"Norfolk Island","label":"Norfolk Island"},{"value":"Norway","label":"Norway"},{"value":"Oman","label":"Oman"},{"value":"Pakistan","label":"Pakistan"},{"value":"Palestinian Territory, Occupied","label":"Palestinian Territory, Occupied"},{"value":"Panama","label":"Panama"},{"value":"Papua New Guinea","label":"Papua New Guinea"},{"value":"Paraguay","label":"Paraguay"},{"value":"Peru","label":"Peru"},{"value":"Philippines","label":"Philippines"},{"value":"Pitcairn","label":"Pitcairn"},{"value":"Poland","label":"Poland"},{"value":"Portugal","label":"Portugal"},{"value":"Qatar","label":"Qatar"},{"value":"Republic of Cameroon","label":"Republic of Cameroon"},{"value":"Reunion","label":"Reunion"},{"value":"Romania","label":"Romania"},{"value":"Russia","label":"Russia"},{"value":"Rwanda","label":"Rwanda"},{"value":"Saint Barthélemy","label":"Saint Barthélemy"},{"value":"Saint Helena","label":"Saint Helena"},{"value":"Saint Kitts And Nevis","label":"Saint Kitts And Nevis"},{"value":"Saint Lucia","label":"Saint Lucia"},{"value":"Saint Martin","label":"Saint Martin"},{"value":"Saint Pierre And Miquelon","label":"Saint Pierre And Miquelon"},{"value":"Samoa","label":"Samoa"},{"value":"San Marino","label":"San Marino"},{"value":"Sao Tome And Principe","label":"Sao Tome And Principe"},{"value":"Saudi Arabia","label":"Saudi Arabia"},{"value":"Senegal","label":"Senegal"},{"value":"Serbia","label":"Serbia"},{"value":"Seychelles","label":"Seychelles"},{"value":"Sierra Leone","label":"Sierra Leone"},{"value":"Singapore","label":"Singapore"},{"value":"Slovakia","label":"Slovakia"},{"value":"Slovenia","label":"Slovenia"},{"value":"Solomon Islands","label":"Solomon Islands"},{"value":"Somalia","label":"Somalia"},{"value":"South Africa","label":"South Africa"},{"value":"South Georgia And The South Sandwich Islands","label":"South Georgia And The South Sandwich Islands"},{"value":"South Korea","label":"South Korea"},{"value":"Spain","label":"Spain"},{"value":"Sri Lanka","label":"Sri Lanka"},{"value":"St. Vincent","label":"St. Vincent"},{"value":"Sudan","label":"Sudan"},{"value":"Suriname","label":"Suriname"},{"value":"Svalbard And Jan Mayen","label":"Svalbard And Jan Mayen"},{"value":"Swaziland","label":"Swaziland"},{"value":"Sweden","label":"Sweden"},{"value":"Switzerland","label":"Switzerland"},{"value":"Syria","label":"Syria"},{"value":"Taiwan","label":"Taiwan"},{"value":"Tajikistan","label":"Tajikistan"},{"value":"Tanzania, United Republic Of","label":"Tanzania, United Republic Of"},{"value":"Thailand","label":"Thailand"},{"value":"Timor Leste","label":"Timor Leste"},{"value":"Togo","label":"Togo"},{"value":"Tokelau","label":"Tokelau"},{"value":"Tonga","label":"Tonga"},{"value":"Trinidad and Tobago","label":"Trinidad and Tobago"},{"value":"Tunisia","label":"Tunisia"},{"value":"Turkey","label":"Turkey"},{"value":"Turkmenistan","label":"Turkmenistan"},{"value":"Turks and Caicos Islands","label":"Turks and Caicos Islands"},{"value":"Tuvalu","label":"Tuvalu"},{"value":"Uganda","label":"Uganda"},{"value":"Ukraine","label":"Ukraine"},{"value":"United Arab Emirates","label":"United Arab Emirates"},{"value":"United Kingdom","label":"United Kingdom"},{"value":"United States","label":"United States"},{"value":"United States Minor Outlying Islands","label":"United States Minor Outlying Islands"},{"value":"Uruguay","label":"Uruguay"},{"value":"Uzbekistan","label":"Uzbekistan"},{"value":"Vanuatu","label":"Vanuatu"},{"value":"Venezuela","label":"Venezuela"},{"value":"Virgin Islands, British","label":"Virgin Islands, British"},{"value":"Wallis And Futuna","label":"Wallis And Futuna"},{"value":"Western Sahara","label":"Western Sahara"},{"value":"Yemen","label":"Yemen"},{"value":"Zambia","label":"Zambia"},{"value":"Zimbabwe","label":"Zimbabwe"}],"default":"Canada"},{"type":"paragraph","content":"If your customer is logged-in, the country in his default shipping address will be selected. If you are not sure about the spelling to use above, refer to your first checkout page."}]},{"name":"Developer","settings":[{"type":"checkbox","id":"customcss_enable","label":"Custom Theme","default":false}]}]