[{"name":"theme_info","theme_name":"Ella","theme_author":"Halothemes","theme_version":"4.1.0","theme_documentation_url":"http:\/\/themes.halothemes.com\/marketplace\/shopify-ella-documentation\/Read_me.html","theme_support_url":"https:\/\/support.shopify.com\/"},{"name":"Welcome","settings":[{"type":"paragraph","content":"Theme settings allow designers to provide an easy way for any user to customize the look and feel of their shop without having to delve into HTML or CSS code. Please see our [help page on theme settings](http:\/\/docs.shopify.com\/themes\/theme-templates\/settings) to learn more about how you can make your theme customizable."}]},{"name":"Multiple Layout","settings":[{"type":"header","content":"Body"},{"type":"radio","id":"layout_body","label":"Layout Body","options":[{"value":"default","label":"Default"},{"value":"full","label":"Full Width"},{"value":"boxed","label":"Boxed"}],"default":"default"},{"type":"color","id":"bg_body_boxed","label":"Background body Boxed","default":"#f8f8f8"},{"type":"header","content":"Header Layout"},{"type":"select","id":"header_layout","label":"Header Layout","options":[{"value":"default","label":"Header Default"},{"value":"parallax","label":"Header 01"},{"value":"02","label":"Header 02"},{"value":"03","label":"Header 03"},{"value":"04","label":"Header 04"},{"value":"05","label":"Header 05"},{"value":"06","label":"Header 06"},{"value":"07","label":"Header 07"},{"value":"vertical","label":"Vertical Menu"},{"value":"supermarket","label":"Supermarket"}],"default":"default","info":"Default: Header Default"},{"type":"header","content":"List Collections"},{"type":"select","id":"list_collections_layout","label":"List Collections Layout","options":[{"value":"collections_01_grid","label":"Collections 01-Default-GRID"},{"value":"collections_02_list","label":"Collections 02-LIST"},{"value":"collections_mansory","label":"Collections Mansory"},{"value":"collections_3","label":"Collections 04"},{"value":"collections_full","label":"Collections Full-width"}],"default":"collections_01_grid","info":"Default: Collections 01-Default-GRID"},{"type":"header","content":"Category Page"},{"type":"select","id":"category_layout","label":"Category Page Layout","options":[{"value":"default","label":"Category Page Default"},{"value":"express_order","label":"Category Page EXPRESS ORDER"},{"value":"full_with","label":"Category Page FullWidth"},{"value":"mansory","label":"Category Page Mansory"},{"value":"no_sidebar","label":"Category Page No Sidebar"},{"value":"right_sidebar","label":"Category Page Right Sidebar"},{"value":"with_banner","label":"Category Page with Banner"},{"value":"skin_1","label":"Category Page 1170"}],"default":"default","info":"Default: Category Page Default"},{"type":"header","content":"Product Page"},{"type":"select","id":"product_layout","label":"Product Page Layout","options":[{"value":"default","label":"Product Page Default"},{"value":"grouped","label":"Product Grouped Without Sidebar"},{"value":"slider","label":"Product Image Slider"},{"value":"gallery","label":"Product Image Gallery"},{"value":"full_with","label":"Product Page FullWidth"},{"value":"skin_1","label":"Product Page 1170"}],"default":"default","info":"Default: Product Page Default"},{"type":"header","content":"Blog Page"},{"type":"select","id":"blog_layout","label":"Blog Page Layout","options":[{"value":"default","label":"Blog Default"},{"value":"full_width","label":"Blog Full Width"},{"value":"mansory","label":"Blog Mansory"},{"value":"right_sidebar","label":"Blog with Right Sidebar"}],"default":"default","info":"Default: Blog Default"},{"type":"header","content":"Footer Layout"},{"type":"select","id":"footer_layout","label":"Footer Layout","options":[{"value":"default","label":"Footer Default"},{"value":"parallax","label":"Footer 01"},{"value":"02","label":"Footer 02"},{"value":"03","label":"Footer 03"},{"value":"04","label":"Footer 04"},{"value":"05","label":"Footer 05"},{"value":"06","label":"Footer 06"},{"value":"07","label":"Footer 07"},{"value":"08","label":"Footer 08"}],"default":"default","info":"Default: Footer Default"},{"type":"header","content":"Password Page"},{"type":"select","id":"password_layout","label":"Password Page Layout","info":"Comming soon","options":[{"value":"default","label":"Password Page 01"},{"value":"password-2","label":"Password Page 02"}],"default":"default"}]},{"name":"Mobile Header","settings":[{"type":"header","content":"Header Style"},{"type":"select","id":"header_style_mobile","options":[{"value":"header_mobile_1","label":"Style 1"},{"value":"header_mobile_2","label":"Style 2"}],"default":"header_mobile_1"}]},{"name":"General","settings":[{"type":"image_picker","id":"favicon","label":"Favicon","info":"16px x 16px .png"},{"type":"text","id":"body_font_size","label":"Body Font Size","default":"12","info":"Default Value: 12"},{"type":"header","content":"Open Graph Share"},{"type":"checkbox","id":"enable_opengraph","label":"Enable Open Graph?","default":true},{"type":"image_picker","id":"image_share","label":"Image Share Homepage","info":"Minimum size: 200x200"},{"type":"header","content":"Back To Top Button"},{"type":"checkbox","id":"enable_backtotop","label":"Enable?","default":true},{"type":"header","content":"Breadcrumb"},{"type":"checkbox","id":"display_breadcrumb","label":"Display Breadcrumb?","default":true},{"type":"select","id":"breadcrumb_text_transform","label":"Breadcrumb Text Transform","options":[{"value":"uppercase","label":"Uppercase"},{"value":"capitalize","label":"Capitalize"},{"value":"lowercase","label":"Lowercase"}],"default":"capitalize","info":"Default Value: Capitalize"},{"type":"header","content":"Header and Title"},{"type":"text","id":"page_title_font_size","label":"Page Title Font Size","default":"24","info":"Default Value: 24"},{"type":"select","id":"page_title_text_align","label":"Page Title Text Align","options":[{"value":"center","label":"Center"},{"value":"left","label":"Left"},{"value":"right","label":"Right"}],"default":"left","info":"Default Value: Left"},{"type":"header","content":"Layout Style"},{"type":"select","id":"layout_style","label":"Style","options":[{"value":"layout_style_1","label":"Style 1"},{"value":"layout_style_1170","label":"Style 2"},{"value":"layout_style_fullwidth","label":"Style 3"},{"value":"layout_style_flower","label":"Style 4"}],"default":"layout_style_1"},{"type":"header","content":"Product Grid Item"},{"type":"select","id":"style_product_grid","label":"Style Product Grid","options":[{"value":"style_product_grid_1","label":"Style 1"},{"value":"style_product_grid_2","label":"Style 2"},{"value":"style_product_grid_3","label":"Style 3"}],"default":"style_product_grid_1"},{"type":"header","content":"Multiple Filter Choices"},{"type":"checkbox","id":"enable_sidebar_multiple_choice","label":"Enable","default":true,"info":"User can select multiple colors (size, brand...) or only one color (size, brand...)?"},{"type":"header","content":"Product"},{"type":"select","id":"product_name_text_transform","label":"Product Name Text Transform","options":[{"value":"none","label":"None"},{"value":"uppercase","label":"Uppercase"},{"value":"capitalize","label":"Capitalize"},{"value":"lowercase","label":"Lowercase"}],"default":"none","info":"Default Value: None"},{"type":"select","id":"product_name_text_align","label":"Product Name Text Align","options":[{"value":"center","label":"Center"},{"value":"left","label":"Left"},{"value":"right","label":"Right"}],"default":"left","info":"Default Value: Left"},{"type":"select","id":"product_title_line_text","label":"Line Product Title","options":[{"value":"1","label":"1"},{"value":"2","label":"2"},{"value":"3","label":"3"},{"value":"full","label":"Full"}],"default":"1"},{"type":"header","content":"Product Label"},{"type":"range","id":"time_show_badgeNew","label":"Label New: Time Show","max":100,"min":1,"step":1,"unit":"Day","default":30},{"type":"range","id":"product_show_badgeNew","label":"Number Products Show Label New","max":100,"min":5,"step":5,"unit":"Qty","default":30},{"type":"radio","id":"type_label_sale","label":"Select Label Sale Type:","options":[{"value":"label_sale","label":"Normal Label"},{"value":"discount_sale","label":"% Sale"}],"default":"label_sale"},{"type":"checkbox","id":"enable_label_bundle","label":"Enable 'Bundle' Label","default":true},{"type":"header","content":"Image"},{"type":"checkbox","id":"enable_hover_image","label":"Enable blur effect when hover over banners","default":true},{"type":"checkbox","id":"enable_hover_product_image","label":"Enable blur effect when hover over product images","default":true},{"type":"header","content":"Color Swatch"},{"type":"checkbox","id":"use_color_swatch","label":"Use Color Swatch?","default":true},{"type":"select","id":"swatch_style_color","label":"Swatch Color For Design:","options":[{"value":"circle","label":"Swatch Color Circle"},{"value":"square","label":"Swatch Color Square"}],"default":"circle"},{"type":"select","id":"swatch_size_color","label":"Swatch Color For Size:","options":[{"value":"small","label":"Small"},{"value":"large","label":"Large"}],"default":"small"},{"type":"text","id":"option_color_swatch","label":"Use Color Swatch For Option","default":"Color"},{"type":"select","id":"color_swatch_style","label":"Color Swatch:","options":[{"value":"normal","label":"Color for Swatch"},{"value":"variant","label":"Variant images for Swatch"},{"value":"variant_grouped","label":"Variant Images Grouped"}],"default":"normal","info":"Variant Images Grouped doesn't work on Product Gallery and Product Fullwidth Layout"},{"type":"header","content":"Terms And Conditions Checkbox"},{"type":"checkbox","id":"enable_checkbox","label":"Show Checkbox","default":true},{"type":"text","id":"checkbox_text","label":"Terms and conditions text","default":"I agree with the"},{"type":"text","id":"terms_conditions_text_link","label":"Text Link","default":"Terms & conditions"},{"type":"richtext","id":"terms_conditions_content","label":"Content"},{"type":"header","content":"Social share from add this"},{"type":"textarea","id":"embed_code_share","label":"Share Icon Embed Code"},{"type":"header","content":"Register and Login Page"},{"type":"textarea","id":"register_text_desc","label":"Text Description - Register Page","default":"Sign up for a free account at Ella Boutique."},{"type":"textarea","id":"login_text_desc","label":"Text Description - Login Page","default":"Register with us for a faster checkout, to track the status of your order and more."}]},{"name":"Product","settings":[{"type":"header","content":"Product Image"},{"type":"checkbox","id":"image_swap","label":"Use Image Swap","default":true},{"type":"checkbox","id":"product_image_border","label":"Use border?"},{"type":"color","id":"product_image_border_color","label":"Border Color"},{"type":"checkbox","id":"product_image_resize","label":"Resize image?","info":"If your images don't have the same size, pleases turn on resize image to have better look."},{"type":"checkbox","id":"product_image_crop","label":"Crop image? (Resize Image First)","info":"All product images will have same height"},{"type":"text","id":"product_image_height","label":"Image Height (%)","default":"130","info":"Use for resize\/crop image"},{"type":"checkbox","id":"show_vendor","label":"Show product vendors","default":true},{"type":"checkbox","id":"display_product_reviews","label":"Show Reviews","default":true,"info":"(Please install this free [(product review app)](https:\/\/apps.shopify.com\/product-reviews) to activate function Or use Growave and get [50% OFF for Halo's Customers](https:\/\/growave.io\/?ref=halo_themes&discount_code=50%OFFforHalo).[(How to setup Growave)](https:\/\/docs.google.com\/document\/d\/14BCVFTDtm_n7tKKTHdxEb62jgoiO1Hvoebk9LEKh9DU\/edit))"},{"type":"checkbox","id":"display_item_size","label":"Show Size Variant","default":true},{"type":"checkbox","id":"display_text_size","label":"Show Text Size Variant","default":true},{"type":"checkbox","id":"display_item_swatch","label":"Show Color Variant","default":true},{"type":"checkbox","id":"show_product_color_img","label":"Enable the ability to get PNG image for custom color","default":false},{"type":"checkbox","id":"display_button","label":"Show Select Option\/ Add to cart Button","default":true},{"type":"checkbox","id":"collection_infinite_scrolling","label":"Enable Infinite Scrolling (Show More Button)","default":true},{"type":"checkbox","id":"infinity_scroll_feature","label":"Enable Infinity Scroll Feature","default":true},{"type":"header","content":"Secure Shopping Guarantee"},{"type":"image_picker","id":"img_trust","label":"Image Trust"},{"type":"header","content":"Size Chart"},{"type":"checkbox","id":"display_size_chart","label":"Display Size Chart?","default":true},{"type":"text","id":"display_size_chart_at","label":"Show Size Chart At Option (Use for swatch)","default":"Size"},{"type":"text","id":"size_guide_text","label":"Size Guide Text","default":"Size Guide"},{"type":"text","id":"custom_size_chart_header","label":"Header","default":"Size Chart"},{"type":"select","id":"size_chart","label":"Using different size charts for products by following","options":[{"value":"none","label":"None"},{"value":"product_vendor","label":"Product Vendor"},{"value":"product_type","label":"Product Type"},{"value":"different","label":"Each of size chart for each of product"}],"default":"none","info":"Default Value: None"},{"type":"image_picker","id":"custom_size_chart","label":"Size Chart Image","info":"Select Image if you would like to show the same Size Chart for all products"},{"type":"header","content":"Wishlist"},{"type":"checkbox","id":"enable_wishlist","label":"Enable wishlist","default":true},{"type":"header","content":"Product Quickview"},{"type":"checkbox","id":"enable_quick_view","label":"Enable quickview","default":true},{"type":"checkbox","id":"qv_display_product_reviews","label":"Display Product Reviews?","default":true},{"type":"header","content":"Hot Stock"},{"type":"checkbox","id":"enable_hot_stock","label":"Enable hot stock","default":true},{"type":"text","id":"number_stock","label":"The maximum level of inventory","default":"3"},{"type":"header","content":"The number of products has been sold"},{"type":"checkbox","id":"qv_show_sold_in","label":"Enabled","default":true},{"type":"textarea","id":"qv_item_prd","label":"The number of products","default":"3,5,6,7,8,10,12,15"},{"type":"text","id":"qv_item_prds","label":"Text Sold in","default":"sold in last"},{"type":"textarea","id":"qv_hours_prs","label":"Hours","default":"10,15,16,17,18,20,25,35"},{"type":"text","id":"qv_item_hours","label":"Text Hours","default":"hours"},{"type":"header","content":"Product Infor"},{"type":"checkbox","id":"display_quickview_vendor","label":"Display Product Vendor?","default":true},{"type":"text","id":"quickview_text_vendor","label":"Text Product Vendor","default":"Product Vendor"},{"type":"checkbox","id":"display_quickview_product_sku","label":"Display Product SKU?","default":true},{"type":"text","id":"text_quickview_product_sku","label":"Text Product SKU","default":"SKU:"},{"type":"checkbox","id":"display_quickview_availability","label":"Display Availability?","default":true},{"type":"text","id":"quickview_text_availability","label":"Text Availability","default":"Availability"},{"type":"checkbox","id":"display_quickview_product_type","label":"Display Product Type?","default":true},{"type":"text","id":"quickview_text_product_type","label":"Text Product Type","default":"Product Type"},{"type":"text","id":"quickview_text_countdown","label":"Text Countdown","default":"Limited-Time Offers, End in:"},{"type":"checkbox","id":"display_quickview_short_desc","label":"Display Short Description?","default":true},{"type":"checkbox","id":"display_quickview_subtotal","label":"Display Subtotal?","default":true},{"type":"checkbox","id":"display_quickview_qty","label":"Display Quantity?","default":true},{"type":"header","content":"Customers viewing"},{"type":"checkbox","id":"dpl_customers_view_qv","label":"Display Customers viewing","default":true},{"type":"text","id":"title_view_qv","label":"Title","default":"customers are viewing this product"},{"type":"textarea","id":"number_view_qv","label":"Number of customers viewing","default":"283, 100, 59, 11, 14, 185, 193, 165, 50, 38, 99, 112, 46, 10, 125, 200, 250, 18","info":"Please enter the number"},{"type":"checkbox","id":"display_product_detail_share","label":"Display Product Share?","default":true},{"type":"text","id":"share_text","label":"Share Text","default":"Share"},{"type":"header","content":"Sticky Add To Cart"},{"type":"checkbox","id":"display_sticky","label":"Display?","default":false},{"type":"checkbox","id":"display_sticky_mb","label":"Display Mobile ?","default":true,"info":"=================="},{"type":"checkbox","id":"display_countdown","label":"Display Countdown?","default":true},{"type":"header","content":"Quick Shop"},{"type":"checkbox","id":"enable_quick_shop","label":"Enable Quick Shop?","default":false},{"type":"header","content":"Notify Form Sold Out"},{"type":"checkbox","id":"enable_notify_form","label":"Enable Notify Form Sold Out?","default":false}]},{"name":"Cart","settings":[{"type":"header","content":"Ajax Cart"},{"type":"select","id":"ajax_popup_cart","label":"Popup Ajax Cart","default":"normal","options":[{"value":"normal","label":"Normal"},{"value":"upsell","label":"Upsell"},{"value":"none","label":"None"}]},{"type":"textarea","id":"cart_popup_related_title","label":"Header Related Products Popup Cart Upsell","default":"You May Also Like"},{"type":"header","content":"Shipping rate calculator"},{"type":"checkbox","id":"show_shipping_calculator","label":"Display shipping rates calculator","default":true},{"type":"text","id":"shipping_calculator_heading","label":"Shipping Rates Calculator Heading","default":"Shipping rates calculator"},{"type":"select","id":"shipping_calculator_default_country","label":"Shipping Rates Calculator default country selection","options":[{"value":"","label":"-- Please Select --"},{"value":"Vietnam","label":"Vietnam"},{"value":"Canada","label":"Canada"},{"value":"Australia","label":"Australia"},{"value":"Afghanistan","label":"Afghanistan"},{"value":"Aland Islands","label":"Aland Islands"},{"value":"Albania","label":"Albania"},{"value":"Algeria","label":"Algeria"},{"value":"Andorra","label":"Andorra"},{"value":"Angola","label":"Angola"},{"value":"Anguilla","label":"Anguilla"},{"value":"Antigua And Barbuda","label":"Antigua And Barbuda"},{"value":"Argentina","label":"Argentina"},{"value":"Armenia","label":"Armenia"},{"value":"Aruba","label":"Aruba"},{"value":"Austria","label":"Austria"},{"value":"Azerbaijan","label":"Azerbaijan"},{"value":"Bahamas","label":"Bahamas"},{"value":"Bahrain","label":"Bahrain"},{"value":"Bangladesh","label":"Bangladesh"},{"value":"Barbados","label":"Barbados"},{"value":"Belarus","label":"Belarus"},{"value":"Belgium","label":"Belgium"},{"value":"Belize","label":"Belize"},{"value":"Benin","label":"Benin"},{"value":"Bermuda","label":"Bermuda"},{"value":"Bhutan","label":"Bhutan"},{"value":"Bolivia","label":"Bolivia"},{"value":"Bosnia And Herzegovina","label":"Bosnia And Herzegovina"},{"value":"Botswana","label":"Botswana"},{"value":"Bouvet Island","label":"Bouvet Island"},{"value":"Brazil","label":"Brazil"},{"value":"British Indian Ocean Territory","label":"British Indian Ocean Territory"},{"value":"Brunei","label":"Brunei"},{"value":"Bulgaria","label":"Bulgaria"},{"value":"Burkina Faso","label":"Burkina Faso"},{"value":"Burma","label":"Burma"},{"value":"Burundi","label":"Burundi"},{"value":"Cambodia","label":"Cambodia"},{"value":"Cape Verde","label":"Cape Verde"},{"value":"Cayman Islands","label":"Cayman Islands"},{"value":"Central African Republic","label":"Central African Republic"},{"value":"Chad","label":"Chad"},{"value":"Chile","label":"Chile"},{"value":"China","label":"China"},{"value":"Christmas Island","label":"Christmas Island"},{"value":"Cocos (Keeling) Islands","label":"Cocos (Keeling) Islands"},{"value":"Colombia","label":"Colombia"},{"value":"Comoros","label":"Comoros"},{"value":"Congo","label":"Congo"},{"value":"Congo, The Democratic Republic Of The","label":"Congo, The Democratic Republic Of The"},{"value":"Cook Islands","label":"Cook Islands"},{"value":"Costa Rica","label":"Costa Rica"},{"value":"Croatia","label":"Croatia"},{"value":"Cuba","label":"Cuba"},{"value":"Curaçao","label":"Curaçao"},{"value":"Cyprus","label":"Cyprus"},{"value":"Czech Republic","label":"Czech Republic"},{"value":"Côte d'Ivoire","label":"Côte d'Ivoire"},{"value":"Denmark","label":"Denmark"},{"value":"Djibouti","label":"Djibouti"},{"value":"Dominica","label":"Dominica"},{"value":"Dominican Republic","label":"Dominican Republic"},{"value":"Ecuador","label":"Ecuador"},{"value":"Egypt","label":"Egypt"},{"value":"El Salvador","label":"El Salvador"},{"value":"Equatorial Guinea","label":"Equatorial Guinea"},{"value":"Eritrea","label":"Eritrea"},{"value":"Estonia","label":"Estonia"},{"value":"Ethiopia","label":"Ethiopia"},{"value":"Falkland Islands (Malvinas)","label":"Falkland Islands (Malvinas)"},{"value":"Faroe Islands","label":"Faroe Islands"},{"value":"Fiji","label":"Fiji"},{"value":"Finland","label":"Finland"},{"value":"France","label":"France"},{"value":"French Guiana","label":"French Guiana"},{"value":"French Polynesia","label":"French Polynesia"},{"value":"French Southern Territories","label":"French Southern Territories"},{"value":"Gabon","label":"Gabon"},{"value":"Gambia","label":"Gambia"},{"value":"Georgia","label":"Georgia"},{"value":"Germany","label":"Germany"},{"value":"Ghana","label":"Ghana"},{"value":"Gibraltar","label":"Gibraltar"},{"value":"Greece","label":"Greece"},{"value":"Greenland","label":"Greenland"},{"value":"Grenada","label":"Grenada"},{"value":"Guadeloupe","label":"Guadeloupe"},{"value":"Guatemala","label":"Guatemala"},{"value":"Guernsey","label":"Guernsey"},{"value":"Guinea","label":"Guinea"},{"value":"Guinea Bissau","label":"Guinea Bissau"},{"value":"Guyana","label":"Guyana"},{"value":"Haiti","label":"Haiti"},{"value":"Heard Island And Mcdonald Islands","label":"Heard Island And Mcdonald Islands"},{"value":"Holy See (Vatican City State)","label":"Holy See (Vatican City State)"},{"value":"Honduras","label":"Honduras"},{"value":"Hong Kong","label":"Hong Kong"},{"value":"Hungary","label":"Hungary"},{"value":"Iceland","label":"Iceland"},{"value":"India","label":"India"},{"value":"Indonesia","label":"Indonesia"},{"value":"Iran, Islamic Republic Of","label":"Iran, Islamic Republic Of"},{"value":"Iraq","label":"Iraq"},{"value":"Ireland","label":"Ireland"},{"value":"Isle Of Man","label":"Isle Of Man"},{"value":"Israel","label":"Israel"},{"value":"Italy","label":"Italy"},{"value":"Jamaica","label":"Jamaica"},{"value":"Japan","label":"Japan"},{"value":"Jersey","label":"Jersey"},{"value":"Jordan","label":"Jordan"},{"value":"Kazakhstan","label":"Kazakhstan"},{"value":"Kenya","label":"Kenya"},{"value":"Kiribati","label":"Kiribati"},{"value":"Korea, Democratic People's Republic Of","label":"Korea, Democratic People's Republic Of"},{"value":"Kosovo","label":"Kosovo"},{"value":"Kuwait","label":"Kuwait"},{"value":"Kyrgyzstan","label":"Kyrgyzstan"},{"value":"Lao People's Democratic Republic","label":"Lao People's Democratic Republic"},{"value":"Latvia","label":"Latvia"},{"value":"Lebanon","label":"Lebanon"},{"value":"Lesotho","label":"Lesotho"},{"value":"Liberia","label":"Liberia"},{"value":"Libyan Arab Jamahiriya","label":"Libyan Arab Jamahiriya"},{"value":"Liechtenstein","label":"Liechtenstein"},{"value":"Lithuania","label":"Lithuania"},{"value":"Luxembourg","label":"Luxembourg"},{"value":"Macao","label":"Macao"},{"value":"Macedonia, Republic Of","label":"Macedonia, Republic Of"},{"value":"Madagascar","label":"Madagascar"},{"value":"Malawi","label":"Malawi"},{"value":"Malaysia","label":"Malaysia"},{"value":"Maldives","label":"Maldives"},{"value":"Mali","label":"Mali"},{"value":"Malta","label":"Malta"},{"value":"Martinique","label":"Martinique"},{"value":"Mauritania","label":"Mauritania"},{"value":"Mauritius","label":"Mauritius"},{"value":"Mayotte","label":"Mayotte"},{"value":"Mexico","label":"Mexico"},{"value":"Moldova, Republic of","label":"Moldova, Republic of"},{"value":"Monaco","label":"Monaco"},{"value":"Mongolia","label":"Mongolia"},{"value":"Montenegro","label":"Montenegro"},{"value":"Montserrat","label":"Montserrat"},{"value":"Morocco","label":"Morocco"},{"value":"Mozambique","label":"Mozambique"},{"value":"Namibia","label":"Namibia"},{"value":"Nauru","label":"Nauru"},{"value":"Nepal","label":"Nepal"},{"value":"Netherlands","label":"Netherlands"},{"value":"Netherlands Antilles","label":"Netherlands Antilles"},{"value":"New Caledonia","label":"New Caledonia"},{"value":"New Zealand","label":"New Zealand"},{"value":"Nicaragua","label":"Nicaragua"},{"value":"Niger","label":"Niger"},{"value":"Nigeria","label":"Nigeria"},{"value":"Niue","label":"Niue"},{"value":"Norfolk Island","label":"Norfolk Island"},{"value":"Norway","label":"Norway"},{"value":"Oman","label":"Oman"},{"value":"Pakistan","label":"Pakistan"},{"value":"Palestinian Territory, Occupied","label":"Palestinian Territory, Occupied"},{"value":"Panama","label":"Panama"},{"value":"Papua New Guinea","label":"Papua New Guinea"},{"value":"Paraguay","label":"Paraguay"},{"value":"Peru","label":"Peru"},{"value":"Philippines","label":"Philippines"},{"value":"Pitcairn","label":"Pitcairn"},{"value":"Poland","label":"Poland"},{"value":"Portugal","label":"Portugal"},{"value":"Qatar","label":"Qatar"},{"value":"Republic of Cameroon","label":"Republic of Cameroon"},{"value":"Reunion","label":"Reunion"},{"value":"Romania","label":"Romania"},{"value":"Russia","label":"Russia"},{"value":"Rwanda","label":"Rwanda"},{"value":"Saint Barthélemy","label":"Saint Barthélemy"},{"value":"Saint Helena","label":"Saint Helena"},{"value":"Saint Kitts And Nevis","label":"Saint Kitts And Nevis"},{"value":"Saint Lucia","label":"Saint Lucia"},{"value":"Saint Martin","label":"Saint Martin"},{"value":"Saint Pierre And Miquelon","label":"Saint Pierre And Miquelon"},{"value":"Samoa","label":"Samoa"},{"value":"San Marino","label":"San Marino"},{"value":"Sao Tome And Principe","label":"Sao Tome And Principe"},{"value":"Saudi Arabia","label":"Saudi Arabia"},{"value":"Senegal","label":"Senegal"},{"value":"Serbia","label":"Serbia"},{"value":"Seychelles","label":"Seychelles"},{"value":"Sierra Leone","label":"Sierra Leone"},{"value":"Singapore","label":"Singapore"},{"value":"Slovakia","label":"Slovakia"},{"value":"Slovenia","label":"Slovenia"},{"value":"Solomon Islands","label":"Solomon Islands"},{"value":"Somalia","label":"Somalia"},{"value":"South Africa","label":"South Africa"},{"value":"South Georgia And The South Sandwich Islands","label":"South Georgia And The South Sandwich Islands"},{"value":"South Korea","label":"South Korea"},{"value":"Spain","label":"Spain"},{"value":"Sri Lanka","label":"Sri Lanka"},{"value":"St. Vincent","label":"St. Vincent"},{"value":"Sudan","label":"Sudan"},{"value":"Suriname","label":"Suriname"},{"value":"Svalbard And Jan Mayen","label":"Svalbard And Jan Mayen"},{"value":"Swaziland","label":"Swaziland"},{"value":"Sweden","label":"Sweden"},{"value":"Switzerland","label":"Switzerland"},{"value":"Syria","label":"Syria"},{"value":"Taiwan","label":"Taiwan"},{"value":"Tajikistan","label":"Tajikistan"},{"value":"Tanzania, United Republic Of","label":"Tanzania, United Republic Of"},{"value":"Thailand","label":"Thailand"},{"value":"Timor Leste","label":"Timor Leste"},{"value":"Togo","label":"Togo"},{"value":"Tokelau","label":"Tokelau"},{"value":"Tonga","label":"Tonga"},{"value":"Trinidad and Tobago","label":"Trinidad and Tobago"},{"value":"Tunisia","label":"Tunisia"},{"value":"Turkey","label":"Turkey"},{"value":"Turkmenistan","label":"Turkmenistan"},{"value":"Turks and Caicos Islands","label":"Turks and Caicos Islands"},{"value":"Tuvalu","label":"Tuvalu"},{"value":"Uganda","label":"Uganda"},{"value":"Ukraine","label":"Ukraine"},{"value":"United Arab Emirates","label":"United Arab Emirates"},{"value":"United Kingdom","label":"United Kingdom"},{"value":"United States","label":"United States"},{"value":"United States Minor Outlying Islands","label":"United States Minor Outlying Islands"},{"value":"Uruguay","label":"Uruguay"},{"value":"Uzbekistan","label":"Uzbekistan"},{"value":"Vanuatu","label":"Vanuatu"},{"value":"Venezuela","label":"Venezuela"},{"value":"Virgin Islands, British","label":"Virgin Islands, British"},{"value":"Wallis And Futuna","label":"Wallis And Futuna"},{"value":"Western Sahara","label":"Western Sahara"},{"value":"Yemen","label":"Yemen"},{"value":"Zambia","label":"Zambia"},{"value":"Zimbabwe","label":"Zimbabwe"}],"default":"Canada"},{"type":"paragraph","content":"If your customer is logged-in, the country in his default shipping address will be selected. If you are not sure about the spelling to use above, refer to your first checkout page."},{"type":"header","content":"Dropdown Cart"},{"type":"select","id":"redirect_button","label":"Redirect Continue Shopping button","default":"link_to","options":[{"value":"link_to","label":"Input link for button"},{"value":"go_back","label":"Go back to previous page"},{"value":"none","label":"Stay on the same page"}]},{"type":"url","id":"link_to_redirect","label":"Link","info":"Use for Option: Input link for button"},{"type":"header","content":"Sidebar Cart"},{"type":"checkbox","id":"display_sidebar_product_cart","label":"Display Product Cart?","default":true},{"type":"text","id":"title_sidebar_cart","label":"Title"},{"type":"collection","id":"cart_sidebar_products","label":"Collection to use"}]},{"name":"Fonts","settings":[{"type":"header","content":"Heading And Buttons"},{"type":"radio","id":"font_2","label":"Select font type:","options":[{"value":"normal_fonts","label":"Normal Fonts"},{"value":"google_fonts","label":"Google Fonts [Where do I find Google Fonts?](http:\/\/www.google.com\/fonts)"},{"value":"shopify_fonts","label":"Shopify Font"}],"default":"google_fonts"},{"type":"text","id":"fonts_name_2","label":"Fonts Name","default":"Poppins","info":"(this option uses for Normal font and Google font)"},{"type":"font_picker","id":"header_font_new","label":"Font","default":"work_sans_n6","info":"(this option uses for Shopify font)"},{"type":"header","content":"Body Text"},{"type":"radio","id":"font","label":"Select font type:","options":[{"value":"normal_fonts","label":"Normal Fonts"},{"value":"google_fonts","label":"Google Fonts [Where do I find Google Fonts?](http:\/\/www.google.com\/fonts)"},{"value":"shopify_fonts","label":"Shopify Font"}],"default":"google_fonts"},{"type":"text","id":"fonts_name","label":"Fonts Name","default":"Poppins","info":"(this option uses for Normal font and Google font)"},{"type":"font_picker","id":"base_font_new","label":"Font","default":"work_sans_n6","info":"(this option uses for Shopify font)"}]},{"name":"Add On Multiple Languages","settings":[{"type":"checkbox","id":"enable_multilang_shopify","label":"Enable Multi Languages","default":true},{"type":"text","id":"lange_1","label":"Language 1","default":"German"},{"type":"image","id":"i-lang-1.png","label":"Language 1 Icon"},{"type":"checkbox","id":"enable_rtl_lang_1","label":"Use Right To Left Layout For Lang 1","default":false},{"type":"text","id":"lange_2","label":"Language 2","default":"English"},{"type":"image","id":"i-lang-2.png","label":"Language 2 Icon"},{"type":"checkbox","id":"enable_rtl_lang_2","label":"Use Right To Left Layout For Lang 2","default":false},{"type":"text","id":"lange_3","label":"Language 3"},{"type":"image","id":"i-lang-3.png","label":"Language 3 Icon"},{"type":"checkbox","id":"enable_rtl_lang_3","label":"Use Right To Left Layout For Lang 3","default":false},{"type":"text","id":"lange_4","label":"Language 4"},{"type":"image","id":"i-lang-4.png","label":"Language 4 Icon"},{"type":"checkbox","id":"enable_rtl_lang_4","label":"Use Right To Left Layout For Lang 4","default":false},{"type":"text","id":"lange_5","label":"Language 5"},{"type":"image","id":"i-lang-5.png","label":"Language 5 Icon"},{"type":"checkbox","id":"enable_rtl_lang_5","label":"Use Right To Left Layout For Lang 5","default":false},{"type":"text","id":"lange_6","label":"Language 6"},{"type":"image","id":"i-lang-6.png","label":"Language 6 Icon"},{"type":"checkbox","id":"enable_rtl_lang_6","label":"Use Right To Left Layout For Lang 6","default":false}]},{"name":"Add On Multiple Currencies","settings":[{"type":"checkbox","id":"enable_shopify_payments_currencies","label":"Enable Shopify Payments?","info":"* Only avaiable for store has Shopify Payments. Link [here](https:\/\/help.shopify.com\/en\/manual\/payments\/shopify-payments\/multi-currency\/setup)"},{"type":"checkbox","id":"enable_multiple_currencies","label":"Enable Multiple Currencies?"},{"type":"checkbox","id":"enable_auto_currency","label":"Enable Automatic currency?","info":"Don't choose all 3 options at the same time or combine Shopify payment with others. Link [here](https:\/\/help.shopify.com\/en\/manual\/payments\/shopify-payments\/multi-currency\/setup)"},{"type":"text","id":"currency_1_unit","label":"Currency 1 unit Text","default":"AUD"},{"type":"image","id":"i-currency-1.png","label":"Currency 1 unit Icon"},{"type":"text","id":"currency_2_unit","label":"Currency 2 unit Text","default":"EUR"},{"type":"image","id":"i-currency-2.png","label":"Currency 2 unit Icon"},{"type":"text","id":"currency_3_unit","label":"Currency 3 unit Text","default":"GBP"},{"type":"image","id":"i-currency-3.png","label":"Currency 3 unit Icon"},{"type":"text","id":"currency_4_unit","label":"Currency 4 unit Text","default":"USD"},{"type":"image","id":"i-currency-4.png","label":"Currency 4 unit Icon"},{"type":"text","id":"currency_5_unit","label":"Currency 5 unit Text"},{"type":"image","id":"i-currency-5.png","label":"Currency 5 unit Icon"},{"type":"text","id":"currency_6_unit","label":"Currency 6 unit Text"},{"type":"image","id":"i-currency-6.png","label":"Currency 6 unit Icon"},{"type":"text","id":"currency_7_unit","label":"Currency 7 unit Text"},{"type":"image","id":"i-currency-7.png","label":"Currency 7 unit Icon"},{"type":"text","id":"currency_8_unit","label":"Currency 8 unit Text"},{"type":"image","id":"i-currency-8.png","label":"Currency 8 unit Icon"},{"type":"text","id":"currency_9_unit","label":"Currency 9 unit Text"},{"type":"image","id":"i-currency-9.png","label":"Currency 9 unit Icon"},{"type":"text","id":"currency_10_unit","label":"Currency 10 unit Text"},{"type":"image","id":"i-currency-10.png","label":"Currency 10 unit Icon"},{"type":"paragraph","content":"Separate your currency codes with a space. Use the ISO 4217 3-letter currency code. Click [here](http:\/\/www.xe.com\/iso4217.php) for a complete list of currency codes. Example: CAD USD."},{"type":"paragraph","content":"* For this functionality to work in your shop, you are required to edit your money formats as per [these instructions](http:\/\/help.shopify.com\/en\/themes\/customization\/currencies) (“Do tell where the money is”)."}]},{"name":"Add On Search Form","settings":[{"type":"header","content":"Search Page"},{"type":"checkbox","id":"enable_search","label":"Enable Search?","default":true},{"type":"text","id":"search_1","label":"Your search for (no results html)","default":"Your search for"},{"type":"text","id":"search_2","label":"did not yield any results (no results html)","default":"did not yield any results."},{"type":"text","id":"search_3","label":"Your search for (results for html)","default":"Your search for"},{"type":"text","id":"search_4","label":"revealed the following (results for html)","default":"revealed the following:"},{"type":"header","content":"Trending"},{"type":"checkbox","id":"enable_search_trending","label":"Enable","default":true},{"type":"text","id":"trending_search_title","label":"Title","default":"trending","info":"==================="},{"type":"text","id":"trending_search_item_1","label":"Search Item 1","default":"dempus"},{"type":"text","id":"trending_search_item_2","label":"Search Item 2","default":"sample"},{"type":"text","id":"trending_search_item_3","label":"Search Item 3","default":"magnis"},{"type":"text","id":"trending_search_item_4","label":"Search Item 4","default":"loremous saliduar"},{"type":"text","id":"trending_search_item_5","label":"Search Item 5","default":"naminos"},{"type":"text","id":"trending_search_item_6","label":"Search Item 6","default":"dinterdum","info":"==================="},{"type":"header","content":"Popular Products"},{"type":"checkbox","id":"enable_search_popular_products","label":"Enable","default":true},{"type":"text","id":"popular_products_search_title","label":"Title","default":"Popular Products","info":"==================="},{"type":"collection","id":"popular_products_collection","label":"Collection to use","info":"==================="},{"type":"range","id":"popular_products_limit","label":"Number of new products to show","min":3,"max":6,"step":1,"default":3}]},{"name":"Add On Newsletter Popup","settings":[{"type":"checkbox","id":"display_popup_newsletter","label":"Display Newsletter Popup?","default":true},{"type":"checkbox","id":"hidden_default","label":"Hidden default?","default":false},{"type":"select","id":"when_to_show","label":"When To Show","options":[{"value":"first_time","label":"With 'No, thanks' Option"},{"value":"all_the_time","label":"Without 'No, thanks' Option"}],"default":"first_time","info":"Default Value: With 'No, thanks' Option"},{"type":"text","id":"popup_newsletter_expire","label":"Newsletter Popup shows again after (days)","default":"1"},{"type":"text","id":"popup_newsletter_delay","label":"Newsletter Popup Delay Time (seconds)","default":"5"},{"type":"image_picker","id":"newsletter","label":"Upload a new newsletter image"},{"type":"text","id":"popup_newsletter_title","label":"Newsletter Popup Title"},{"type":"textarea","id":"popup_newsletter_des","label":"Newsletter Popup Descriptions"},{"type":"text","id":"popup_newsletter_text_note","label":"Popup Newsletter Text Note"},{"type":"text","id":"newssletter_success_text","label":"Successfully Subscribed Text","default":"You have successfully subscribed!"},{"type":"text","id":"newssletter_error_text","label":"Error Subscribed Text","default":"This email has been registered","info":"Use Advanced Marketing app with Avada. Discount 30% for 3 months. Coupon code: ELLA [(How to setup)](https:\/\/help.avada.io\/help\/how-to-setup-avada-newsletter-popup-collect-more-leads-with-spin-to-win)"},{"type":"header","content":"Newsletter Toolbar"},{"type":"checkbox","id":"display_newsletter_toolbar","label":"Enable?","default":true},{"type":"select","id":"position_toolbar","label":"Position","options":[{"value":"left","label":"Left"},{"value":"right","label":"Right"}],"default":"left"},{"type":"text","id":"text_toolbar","label":"Text","default":"Newsletter"},{"type":"color","id":"color_icon_toolbar","label":"Color Icon","default":"#a7a7a7"},{"type":"color","id":"color_hover_icon_toolbar","label":"Color Icon Hover","default":"#505050"},{"type":"color","id":"color_text_toolbar","label":"Color Text","default":"#202020"},{"type":"color","id":"color_hover_text_toolbar","label":"Color Text Hover","default":"#202020"},{"type":"header","content":"Social"},{"type":"checkbox","id":"display_popup_social","label":"Display Social Media?","default":true}]},{"name":"Add On Ask An Expert","settings":[{"type":"checkbox","id":"enable_ask_an_expert","label":"Enable","default":true},{"type":"textarea","id":"ask_an_expert","label":"Text","default":"Have Questions? Ask An Expert"},{"type":"text","id":"ask_an_expert_header","label":"Header","default":"Have Questions?"},{"type":"textarea","id":"ask_an_expert_title","label":"Title","default":"Ask the Fashion Expert anything on Ella Boutique"},{"type":"textarea","id":"ask_an_expert_des","label":"Descriptions","default":"We will follow up with you via email within 24-36 hours"},{"type":"textarea","id":"ask_an_expert_questions","label":"Text","default":"Please answer the following questionnaire"},{"type":"header","content":"Do You Need"},{"type":"checkbox","id":"enable_ask_do_you_need","label":"Enable","default":true},{"type":"textarea","id":"ask_do_you_need","label":"Label","default":"Do You Need"},{"type":"textarea","id":"ask_do_you_need_1","label":"Infor 1","default":"Pricing"},{"type":"textarea","id":"ask_do_you_need_2","label":"Infor 2","default":"Answers"},{"type":"textarea","id":"ask_do_you_need_3","label":"Infor 3","default":"Both"},{"type":"header","content":"Message"},{"type":"textarea","id":"ask_form_mess","label":"Label","default":"What can i help you with today ?"},{"type":"header","content":"How would you like me to contact you?"},{"type":"checkbox","id":"enable_how_would_you_like_me_to_contact_you","label":"Enable","default":true},{"type":"textarea","id":"how_would_you_like_me_to_contact_you","label":"Label","default":"How would you like me to contact you?"},{"type":"textarea","id":"contact_with_you_1","label":"Infor 1","default":"Phone"},{"type":"textarea","id":"contact_with_you_2","label":"Infor 2","default":"Email"},{"type":"textarea","id":"contact_with_you_3","label":"Infor 3","default":"Both"}]},{"name":"Add On Recently Viewed Products","settings":[{"type":"checkbox","id":"enable_recently_viewed_products","label":"Enable Recently Viewed Products","default":true},{"type":"checkbox","id":"enable_recently_viewed_products_mb","label":"Enable Recently Viewed Products On Mobile","default":true},{"type":"radio","id":"layout_recently","label":"Layout Recently","options":[{"value":"default","label":"Default"},{"value":"icon","label":"Icon"}],"default":"default"},{"type":"image_picker","id":"icon_logo_empty","label":"Empty Icon"},{"type":"textarea","id":"logo_empty_svg","label":"Empty Icon For Svg"},{"type":"text","id":"empty_text","label":"Empty Text","default":"Sorry, there are no products."},{"type":"text","id":"recently_viewed_products_title","label":"Recently Viewed Products"},{"type":"checkbox","id":"recently_viewed_products_cart","label":"Show Cart","default":true},{"type":"number","id":"number_of_recently_viewed_products","label":"Number products"},{"type":"number","id":"recently_viewed_products_expires_date","label":"Expires Date"},{"type":"header","content":"Promotion Slider"},{"type":"checkbox","id":"enable_promotion","label":"Enable Promotion Slider","default":true},{"type":"color","id":"background_pro","label":"background Color","default":"#edebf7"},{"type":"color","id":"color_pro","label":"Color","default":"#3c3c3c"},{"type":"textarea","id":"promotion_text_1","label":"Promotion Text 1"},{"type":"textarea","id":"promotion_text_2","label":"Promotion Text 2"},{"type":"textarea","id":"promotion_text_3","label":"Promotion Text 3"},{"type":"header","content":"Back To Top"},{"type":"text","id":"btt_text","label":"Text","default":"Top"}]},{"name":"Add On Before You Leave","settings":[{"type":"header","content":"Before You Leave","info":"Will be shown when customer don't use the website for a time"},{"type":"checkbox","id":"enable_before_you_leave","label":"Enable Before You Leave","default":false},{"type":"checkbox","id":"enable_before_you_leave_mb","label":"Enable Before You Leave in Mobile?","default":true},{"type":"range","id":"before_you_leave_expire","label":"Times Shows Add On (minutes)","max":100,"min":1,"step":1,"unit":"Min","default":15},{"type":"header","content":"Content"},{"type":"text","id":"before_you_leave_logo_text","label":"Logo text"},{"type":"image_picker","id":"before_you_leave_logo","label":"Logo Image"},{"type":"image_picker","id":"before_you_leave_bg","label":"Background image"},{"type":"richtext","id":"before_you_leave_des","label":"Content"},{"type":"header","content":"Recommended Products"},{"type":"collection","id":"before_you_leave_products","label":"Collection to use"}]},{"name":"Add on Free Shipping","settings":[{"type":"checkbox","id":"enable_free_shipping_message","label":"Enable Free Shipping Message","default":true},{"type":"color","id":"color_text_shipping","label":"Color Text","default":"#0f0f0f"},{"type":"text","id":"free_shipping_price","label":"Enter total price of order to offer free shipping","default":"800"},{"type":"color","id":"free_shipping_color1","label":"Background Color < 30%","default":"#F44336"},{"type":"color","id":"free_shipping_color2","label":"Background Color < 60%","default":"#FF9800"},{"type":"color","id":"free_shipping_color3","label":"Background Color < 70%","default":"#69c69c"}]},{"name":"Add on Compare Product","settings":[{"type":"checkbox","id":"enable_compare_product","label":"Enable Compare","default":true},{"type":"checkbox","id":"enable_compare_rating","label":"Show Rating","default":true},{"type":"checkbox","id":"enable_compare_description","label":"Show Description","default":true},{"type":"checkbox","id":"enable_compare_collection","label":"Show Collection","default":true},{"type":"checkbox","id":"enable_compare_availability","label":"Show Availability","default":true},{"type":"checkbox","id":"enable_compare_product_type","label":"Show Product Type","default":true},{"type":"checkbox","id":"enable_compare_sku","label":"Show SKU","default":true},{"type":"checkbox","id":"show_compare_size","label":"Show Size","default":true},{"type":"checkbox","id":"show_compare_color","label":"Show Color","default":true},{"type":"checkbox","id":"show_compare_option","label":"Show Option","default":true}]},{"name":"Add on Compare Product Color","settings":[{"type":"paragraph","content":"This Add on use on Product detail"},{"type":"checkbox","id":"enable_compare_color","label":"Enable?","default":true},{"type":"text","id":"compare_color_title","label":"Title","default":"Compare Color"}]},{"name":"Social media","settings":[{"type":"header","content":"Social accounts"},{"type":"text","id":"social_facebook_link","label":"Facebook","info":"https:\/\/facebook.com\/shopify"},{"type":"text","id":"social_twitter_link","label":"Twitter","info":"https:\/\/twitter.com\/shopify"},{"type":"text","id":"social_vimeo_link","label":"Vimeo","info":"https:\/\/vimeo.com\/shopify"},{"type":"text","id":"social_instagram_link","label":"Instagram","info":"http:\/\/instagram.com\/shopify"},{"type":"text","id":"social_google_plus_link","label":"Google Plus","info":"https:\/\/plus.google.com\/+shopify"},{"type":"text","id":"social_pinterest_link","label":"Pinterest","info":"https:\/\/pinterest.com\/shopify"},{"type":"text","id":"social_tumblr_link","label":"Tumblr","info":"http:\/\/shopify.tumblr.com"},{"type":"text","id":"social_snapchat_link","label":"Snapchat","info":"https:\/\/www.snapchat.com\/add\/shopify"},{"type":"text","id":"social_youtube_link","label":"YouTube","info":"https:\/\/www.youtube.com\/shopify"},{"type":"text","id":"social_tiktok_link","label":"Tiktok","info":"https:\/\/www.tiktok.com\/@shopify"}]},{"name":"Colors (General)","settings":[{"type":"header","content":"BODY COLORS"},{"type":"color","id":"body_bg","label":"Body Background Color","default":"#fff","info":"Default Value: #fff"},{"type":"color","id":"body_color","label":"Body Color","default":"#3c3c3c","info":"Default Value: #3c3c3c"},{"type":"color","id":"link_color","label":"Link Color","default":"#0688e2","info":"Default Value: #0688e2"},{"type":"color","id":"link_color_hover","label":"Link Color When Hover","default":"#ff5621","info":"Default Value: #ff5621"},{"type":"color","id":"bg_color_lazyload","label":"Background Color Before Load Image","default":"#F6F8F9","info":"Default Value: #F6F8F9"},{"type":"header","content":"BREADCRUMB"},{"type":"color","id":"breadcrumb_color","label":"Breadcrumb Color","default":"#999999","info":"Default Value: #999999"},{"type":"header","content":"HEADER AND TITLE"},{"type":"color","id":"page_title_color","label":"Page Title Color","default":"#232323","info":"Default Value: #232323"},{"type":"header","content":"BUTTONS"},{"type":"header","content":"Button 1"},{"type":"color","id":"btn_1_bg_color","label":"Button 1 Background Color","default":"#232323","info":"Default Value: #232323"},{"type":"color","id":"btn_1_border_color","label":"Button 1 Border Color","default":"#232323","info":"Default Value: #232323"},{"type":"color","id":"btn_1_text_color","label":"Button 1 Text Color","default":"#fff","info":"Default Value: #fff"},{"type":"header","content":"Button 2"},{"type":"color","id":"btn_2_bg_color","label":"Button 2 Background Color","default":"#fff","info":"Default Value: #fff"},{"type":"color","id":"btn_2_border_color","label":"Button 2 Border Color","default":"#232323","info":"Default Value: #232323"},{"type":"color","id":"btn_2_text_color","label":"Button 2 Text Color","default":"#232323","info":"Default Value: #232323"},{"type":"header","content":"Button 3"},{"type":"color","id":"btn_3_bg_color","label":"Button 3 Background Color","default":"#ef6454","info":"Default Value: #ef6454"},{"type":"color","id":"btn_3_border_color","label":"Button 3 Border Color","default":"#ef6454","info":"Default Value: #ef6454"},{"type":"color","id":"btn_3_text_color","label":"Button 3 Text Color","default":"#fff","info":"Default Value: #fff"}]},{"name":"Color (Header)","settings":[{"type":"header","content":"HEADER MOBILE"},{"type":"color","id":"bg_menu_mb","label":"Background Menu Mobile","default":"#fff","info":"======================="},{"type":"color","id":"color_menu_mb","label":"Color Menu Mobile","default":"#323232"},{"type":"color","id":"border_color_menu_mb","label":"Border Color Menu","default":"#e5e5e5"},{"type":"header","content":"Menu Mobile Level 1"},{"type":"color","id":"color_menu_mb_lv1","label":"Menu Color","default":"#323232"},{"type":"color","id":"color_menu_mb_lv1_hover","label":"Menu Color when hover","default":"#0688e2"},{"type":"color","id":"bg_color_menu_mb_lv1_hover","label":"Background Color Menu when hover","default":"#f8f8f8"},{"type":"header","content":"Menu Mobile Level 2"},{"type":"color","id":"color_menu_mb_lv2","label":"Menu Color","default":"#323232"},{"type":"color","id":"color_menu_mb_lv2_hover","label":"Menu Color when hover","default":"#323232"},{"type":"header","content":"Menu Mobile Level 3"},{"type":"color","id":"color_menu_mb_lv3","label":"Menu Color","default":"#646464"},{"type":"color","id":"color_menu_mb_lv3_hover","label":"Menu Color when hover","default":"#0688e2"}]},{"name":"Color (Products)","settings":[{"type":"header","content":"PRODUCT COLORS"},{"type":"color","id":"color_title_product","label":"Color Product Title","default":"#232323"},{"type":"color","id":"color_title_product_hover","label":"Color Product Title when hover","default":"#232323"},{"type":"color","id":"color_vendor","label":"Color Vendor","default":"#232323"},{"type":"color","id":"color_price","label":"Color Price","default":"#232323"},{"type":"color","id":"color_price_sale","label":"Color Price Sale","default":"#e95144"},{"type":"color","id":"color_compare_price","label":"Color Compare Price","default":"#969696"},{"type":"color","id":"color_quick_view","label":"Color Quick View with Opacity 70%","default":"#fff"},{"type":"color","id":"bg_quick_view","label":"Background Quick View with Opacity 80%","default":"#000"},{"type":"color","id":"color_wishlist","label":"Color Wishlist Icon","default":"#232323"},{"type":"color","id":"bg_wishlist","label":"Background Wishlist Icon","default":"#fafafa"},{"type":"color","id":"bg_wishlist_active","label":"Background Wishlist Icon Active","default":"#ffe5e5"},{"type":"color","id":"color_review_icon","label":"Background Reviews Icon","default":"#232323"},{"type":"color","id":"color_review_icon_empty","label":"Background Reviews Icon Empty","default":"#232323"},{"type":"color","id":"color_compare_product","label":"Compare Color in Product Detail page","default":"#fff"},{"type":"header","content":"LABEL COLORS"},{"type":"color","id":"sale_text","label":"Sale Text","default":"#fff"},{"type":"color","id":"bg_sale","label":"Background Sale","default":"#e95144"},{"type":"color","id":"custom_label_text","label":"Custom Label Text","default":"#fff"},{"type":"color","id":"custom_label_bg","label":"Background Custom Label","default":"#323232"},{"type":"color","id":"bundle_label_text","label":"Bundle Label Text","default":"#fff"},{"type":"color","id":"bundle_label_bg","label":"Background Bundle Label","default":"#232323"},{"type":"color","id":"new_label_text","label":"New Label Text","default":"#323232"},{"type":"color","id":"new_label_bg","label":"Background New Label","default":"#fff"},{"type":"color","id":"new_label_border","label":"Border New Label","default":"#f6f6f6"},{"type":"color","id":"sold_out_text","label":"Sold out Text","default":"#fff"},{"type":"color","id":"bg_sold_out","label":"Background Sold out","default":"#c1c1c1"},{"type":"header","content":"STICKY ADD TO CART COLORS"},{"type":"color","id":"bg_sticky","label":"Background Color","default":"#fff"},{"type":"color","id":"color_sticky","label":"Text Color","default":"#3c3c3c"},{"type":"color","id":"color_variants","label":"Variants Text Color","default":"#646464"}]}]