{"current":{"display_sticky":true,"display_sticky_mb":true,"display_countdown_sticky":true,"bg_sticky":"#fff","color_sticky":"#3c3c3c","color_variants":"#646464","enable_multilang_shopify":true,"lange_1":"en","lange_2":"de","lange_3":"","lange_4":"","lange_5":"","lange_6":"","social_facebook_link":"http:\/\/facebook.com\/shopify","social_twitter_link":"http:\/\/twitter.com\/shopify","social_vimeo_link":"","social_instagram_link":"http:\/\/instagram.com\/shopify","social_google_plus_link":"http:\/\/plus.google.com\/+shopify","social_pinterest_link":"https:\/\/pinterest.com\/shopify","social_tumblr_link":"","social_snapchat_link":"https:\/\/www.snapchat.com\/add\/shopify","social_youtube_link":"","social_whats_app_link":"https:\/\/whatsapp.com\/shopify","bg_menu_mb":"#ffffff","color_menu_mb":"#0f0f0f","border_color_menu_mb":"#ebebeb","color_menu_mb_lv1":"#0f0f0f","color_menu_mb_lv1_hover":"#0f0f0f","bg_color_menu_mb_lv1_hover":"#fafafa","color_menu_mb_lv2":"#0f0f0f","color_menu_mb_lv2_hover":"#0f0f0f","color_menu_mb_lv3":"#0f0f0f","color_menu_mb_lv3_hover":"#0f0f0f","favicon":"shopify:\/\/shop_images\/favicon.icon.png","body_font_size":"12","enable_opengraph":true,"image_opengraph":"shopify:\/\/shop_images\/8-compressor.png","body_bg":"#ffffff","body_color":"#2d2d2d","link_color":"#5f5f5f","link_color_hover":"#3c3c3c","display_breadcrumb":true,"breadcrumb_color":"#5f5f5f","breadcrumb_text_transform":"capitalize","page_title_font_size":"24","page_title_color":"#141414","page_title_text_align":"center","enable_sidebar_multiple_choice":true,"enable_back_to_top":true,"collection_infinite_scrolling":false,"infinity_scroll_feature":false,"product_name_text_transform":"capitalize","product_name_text_align":"center","color_title_product":"#000000","color_title_product_hover":"#000000","display_product_countdown":true,"option_countdown":"different_product","text_countdown":"Limited-Time Offers, End in:","count_down_timer":"2020-12-25 22:11:00","type_label_sale":"label_sale","new_text":"#fff","bg_new":"#000000","sale_text":"#ffffff","bg_sale":"#e7040f","custom_label_text":"#ffffff","custom_label_bg":"#000000","bundle_label_text":"#fff","bundle_label_bg":"#232323","sold_out_text":"#ffffff","bg_sold_out":"#787878","color_price":"#000000","color_price_sale":"#e7040f","color_compare_price":"#969696","color_compare":"#2d2d2d","color_quick_view":"#232323","color_quick_view_hover":"#fff","bg_quick_view":"#fff","bg_quick_view_hover":"#000","color_wishlist":"#232323","enable_hover_image":true,"close_color":"#fff","close_bg":"#000","close_color_hover":"#ffffff","close_bg_hover":"#b20000","close_mobile_bg":"#b20000","close_mobile_color":"#ffffff","use_color_swatch":true,"color_swatch_style":"variant","color_swatch_option":"Color;Size","enable_checkbox":true,"checkbox_text":"I agree with the terms and conditions","btn_1_bg_color":"#000000","btn_1_border_color":"#000000","btn_1_text_color":"#ffffff","btn_2_bg_color":"#e7040f","btn_2_border_color":"#e7040f","btn_2_text_color":"#ffffff","btn_3_bg_color":"#ffffff","btn_3_border_color":"#000000","btn_3_text_color":"#000000","display_popup_newsletter":true,"popup_newsletter_expire":"1","popup_newsletter_delay":"7","newsletter_image":"shopify:\/\/shop_images\/newsletter-image-compressor.jpg","popup_newsletter_title":"Join Our Mailing List","popup_newsletter_des":"<strong>Get the latest updates on new products and upcoming sales.<\/strong><br>We promise to only send you good things!","newssletter_success_text":"You have successfully subscribed!","newssletter_error_text":"This email address is already registered!","display_popup_social":true,"enable_wishlist":true,"enable_compare_product":true,"enable_compare_rating":true,"enable_compare_description":true,"enable_compare_collection":true,"enable_compare_availability":true,"enable_compare_product_type":true,"enable_compare_sku":true,"enable_compare_size":true,"enable_compare_color":true,"enable_compare_option":true,"image_swap":true,"product_image_border":false,"product_image_border_color":"rgba(0,0,0,0)","product_image_resize":true,"product_image_crop":false,"product_image_height":"130","show_product_des_top_mb":false,"show_vendor":true,"color_vendor":"#000000","bg_icon_video":"#f04723","color_icon_video":"#ffffff","display_product_reviews":true,"color_no_reviews":"#e4e4e4","color_has_reviews":"#ffc50a","display_item_size":true,"bg_item_size":"#fff","color_item_size":"#3c3c3c","color_item_size_hover":"#3c3c3c","display_item_swatch":true,"border_item_swatch":"#e4e4e4","border_active_item_swatch":"#e95144","item_color_swatch_style":"variant","display_button":true,"enable_quick_view":true,"video_product":true,"qv_display_product_reviews":true,"qv_show_sold_in":true,"qv_item_prd":"3,5,6,7,8,10,12,15","qv_item_prds":"sold in last","qv_hours_prs":"10,15,16,17,18,20,25,35","qv_item_hours":"hours","display_quickview_vendor":true,"quickview_text_vendor":"Brand:","display_quickview_product_sku":true,"text_quickview_product_sku":"Product Code:","display_quickview_availability":true,"quickview_text_availability":"Availability:","display_quickview_product_type":false,"quickview_text_product_type":"Product Type:","display_quickview_short_desc":true,"display_quickview_subtotal":true,"dpl_customers_view_qv":true,"title_view_qv":"customers are viewing this product","number_view_qv":"100, 59, 11, 14, 185, 193, 165, 50, 38, 99, 112, 46, 10, 125, 200, 250, 18","display_product_detail_share":true,"display_size_chart":false,"display_size_chart_at":"Size","size_guide_text":"Size Chart","custom_size_chart_header":"Size Chart","size_chart":"none","custom_size_chart":"","enable_ask_an_expert":true,"ask_an_expert":"Have question? Ask an Beauty Expert","ask_an_expert_header":"Have Questions?","ask_an_expert_title":"Ask the Expert anything on LuxWatches","ask_an_expert_des":"We will follow up with you via email within 24-36 hours","ask_an_expert_questions":"Please answer the following questionnaire","enable_ask_do_you_need":true,"ask_do_you_need":"Do You Need","ask_do_you_need_1":"Pricing","ask_do_you_need_2":"Answers","ask_do_you_need_3":"Both","ask_form_mess":"What can i help you with today ?","enable_how_would_you_like_me_to_contact_you":true,"how_would_you_like_me_to_contact_you":"How would you like me to contact you?","contact_with_you_1":"Phone","contact_with_you_2":"Email","contact_with_you_3":"Both","login_text_desc":"If you have an account with us, please log in.","register_text_desc":"By creating an account you will be able to shop faster, be up to date on an order's status, and keep track of the orders you have previously made.","search_1":"Your search for | Ihre Suche nach","search_2":"did not yield any results. | hat keine Ergebnisse hervorgebracht.","search_3":"Your search for | Ihre Suche nach","search_4":"revealed the following: | hat folgende Ergebnisse hervorgebracht:","enable_search_trending":true,"trending_search_title":"trending","trending_search_item_1":"sample","trending_search_item_2":"Magnis","trending_search_item_3":"Baminos","trending_search_item_4":"Ainterdu","trending_search_item_5":"Danterdum","trending_search_item_6":"Sunglasses","enable_search_popular_products":true,"popular_products_search_title":"Popular Products","popular_products_collection":"popular-products","popular_products_limit":3,"ajax_popup_cart":"normal","cart_popup_related_title":"You May Also Like","dpl_seal_logo_cart":true,"secure_text":"Secure Shopping Guarantee.","img_trust":"shopify:\/\/shop_images\/trust_800x-compressor_800x_71db01ac-43db-4058-b51a-3d02ee6a782b.png","show_shipping_calculator":true,"shipping_calculator_heading":"Get Shipping Estimates","shipping_calculator_default_country":"Canada","redirect_button":"link_to","link_to_redirect":"\/collection\/all","enable_shopify_payments_currencies":false,"enable_multiple_currencies":true,"enable_auto_currency":false,"currency_1_unit":"USD","currency_2_unit":"EUR","currency_3_unit":"GBP","currency_4_unit":"CHF","currency_5_unit":"","currency_6_unit":"","currency_7_unit":"","currency_8_unit":"","currency_9_unit":"","currency_10_unit":"","header_font_new":"oswald_n4","base_font_new":"arimo_n4","checkout_header_image":"","checkout_logo_image":"","checkout_logo_position":"left","checkout_logo_size":"medium","checkout_body_background_image":"","checkout_body_background_color":"#ffffff","checkout_input_background_color_mode":"white","checkout_sidebar_background_image":"","checkout_sidebar_background_color":"#fafafa","checkout_heading_font":"-apple-system, BlinkMacSystemFont, 'Segoe UI', Roboto, Helvetica, Arial, sans-serif, 'Apple Color Emoji', 'Segoe UI Emoji', 'Segoe UI Symbol'","checkout_body_font":"-apple-system, BlinkMacSystemFont, 'Segoe UI', Roboto, Helvetica, Arial, sans-serif, 'Apple Color Emoji', 'Segoe UI Emoji', 'Segoe UI Symbol'","checkout_accent_color":"#197bbd","checkout_button_color":"#197bbd","checkout_error_color":"#e32c2b","slider_tab_product_limit_all":6,"display_countdown":true,"text_countdown_qv":"Limited-Time Offers, End in:","enable_multilang":false,"show_product_countdown":true,"option_color_swatch":"Color","seal_logo_1_img":"","seal_logo_1_link":"","seal_logo_2_img":"","seal_logo_2_link":"","seal_logo_3_img":"","seal_logo_3_link":"","seal_logo_4_img":"","seal_logo_4_link":"","enable_custom_engraving":true,"custom_engraving_title":"Add Custom Engraving","custom_engraving_left_title":"Enter Text","info_text":"Max 20 characters, including spaces","info_character_number":"20","custom_engraving_place_holder_1":"Line 1","custom_engraving_place_holder_2":"Line 2","custom_engraving_note":"Notes: At least 1 character is required in each line and text will be upper case. <br><br>\n\nPlease add 2-3 business days to shipping times listed at checkout for customized watches, including overnight and priority overnight shipping options. <br> <br>\n\n*Customized watches are final and non-refundable* Please contact support@halothemes.com with any questions.","custom_engraving_price_text":"Total","custom_engraving_price":"3000","button_text_engraving":"Add Customize","error_value":"Please fill out both Line1 AND Line2","custom_engraving_right_title":"Example","custom_engraving_img":"","customer_layout":"theme","header_layout":"default","product_layout":"default","footer_top_layout":"policys","footer_layout":"footer_default","cookies_layout":"default","dpl_seal_logo":true,"countdown_bg":"#000000","countdown_color":"#ffffff","size_chart_text":"Size Chart","type_size_chart":"default","size_chart_title":"Size Charts","size_chart_heading":"Custom title","size_chart_content":"Nam tempus turpis at metus scelerisque placerat nulla deumantos delos solicitud felis. Pellentesque diam dolor, elementum etos lobortis des mollis de risus. Nullam accumsan tincidunt volutpat. Fusce a orci sit amet estos scelerisque consequat.","size_chart_img":"","enable_button_wishlist":false,"enable_button_quickview":false,"show_product_des_top_de":true,"enable_free_shipping_message":true,"free_shipping_price":"800","enable_extra_options1":true,"extra_options_collection1":"","extra_options_title1":"Add An Extra Options","extra_options_products_limit1":"4","enable_extra_options":true,"extra_options_collection":"","extra_options_title":"Add An Extra Options","extra_options_products_limit":"2","when_to_show":"first_time","popup_newsletter_text_note":"Don’t show again","bg_wishlist":"#fff","show_product_des_top":true,"display_shipping_returns":true,"shipping_returns_title":"Shipping & Returns","shipping_returns_content":"<h4>Returns Policy<\/h4><p>You may return most new, unopened items within 30 days of delivery for a full refund. We'll also pay the return shipping costs if the return is a result of our error (you received an incorrect or defective item, etc.).<\/p><p>You should expect to receive your refund within four weeks of giving your package to the return shipper, however, in many cases you will receive a refund more quickly. This time period includes the transit time for us to receive your return from the shipper (5 to 10 business days), the time it takes us to process your return once we receive it (3 to 5 business days), and the time it takes your bank to process our refund request (5 to 10 business days).<\/p><p>If you need to return an item, simply login to your account, view the order using the 'Complete Orders' link under the My Account menu and click the Return Item(s) button. We'll notify you via e-mail of your refund once we've received and processed the returned item.<\/p><h4>Shipping<\/h4><p>We can ship to virtually any address in the world. Note that there are restrictions on some products, and some products cannot be shipped to international destinations.<\/p><p>When you place an order, we will estimate shipping and delivery dates for you based on the availability of your items and the shipping options you choose. Depending on the shipping provider you choose, shipping date estimates may appear on the shipping quotes page.<\/p><p>Please also note that the shipping rates for many items we sell are weight-based. The weight of any such item can be found on its detail page. To reflect the policies of the shipping companies we use, all weights will be rounded up to the next full pound.<\/p>","display_product_detail_description":true,"product_description_title":"Details | Einzelheiten","display_custom_tab":true,"custom_tab_title":"Shipping & Returns | Liefer- und Versandkosten","custom_tab_content":"<h4>Returns Policy<\/h4><p>You may return most new, unopened items within 30 days of delivery for a full refund. We'll also pay the return shipping costs if the return is a result of our error (you received an incorrect or defective item, etc.).<\/p><p>You should expect to receive your refund within four weeks of giving your package to the return shipper, however, in many cases you will receive a refund more quickly. This time period includes the transit time for us to receive your return from the shipper (5 to 10 business days), the time it takes us to process your return once we receive it (3 to 5 business days), and the time it takes your bank to process our refund request (5 to 10 business days).<\/p><p>If you need to return an item, simply login to your account, view the order using the 'Complete Orders' link under the My Account menu and click the Return Item(s) button. We'll notify you via e-mail of your refund once we've received and processed the returned item.<\/p><h4>Shipping<\/h4><p>We can ship to virtually any address in the world. Note that there are restrictions on some products, and some products cannot be shipped to international destinations.<\/p><p>When you place an order, we will estimate shipping and delivery dates for you based on the availability of your items and the shipping options you choose. Depending on the shipping provider you choose, shipping date estimates may appear on the shipping quotes page.<\/p><p>Please also note that the shipping rates for many items we sell are weight-based. The weight of any such item can be found on its detail page. To reflect the policies of the shipping companies we use, all weights will be rounded up to the next full pound.<\/p>","product_review_title":"Customer Reviews | Kundenbewertungen","display_sidebar_blog":true,"quickview_text_countdown":"Limited-Time Offers, End in:","register_text":"Register Account","border_wishlist":"#4c4c4c","bg_compare":"#fff","btn_1_bg_color_hover":"#000","btn_1_border_color_hover":"#000","btn_1_text_color_hover":"#ffffff","btn_2_bg_color_hover":"#fff","btn_2_border_color_hover":"#000","btn_2_text_color_hover":"#000","btn_3_bg_color_hover":"#232323","btn_3_border_color_hover":"#232323","btn_3_text_color_hover":"#ffffff","color_border":"#c7c7c7","color_text":"#3d4246","color_body_text":"#69727b","color_sale_text":"#557b97","color_button":"#557b97","color_button_text":"#fff","color_small_button_text_border":"#3d4246","color_text_field_label":"#0f0f0f","color_text_field_text":"#3c3c3c","color_text_field_border":"#eeeeee","color_text_field_placeholder":"#777777","color_image_overlay_text":"#fff","color_image_overlay":"#3d4246","image_overlay_opacity":40,"color_borders":"#e8e9eb","color_body_bg":"#fff","type_header_font":"work_sans_n6","type_header_base_size":26,"type_base_font":"work_sans_n4","type_base_size":16,"type_bold_product_titles":false,"newsletter":"shopify:\/\/shop_images\/newsletter-compressor.jpg","mailing_list_form_action":"\/\/myshopify.us9.list-manage.com\/subscribe\/post?u=f03cabb421b3912425cda25cc&amp;id=2b084b0139","slick_arrow_color":"#000","slick_arrow_border":"#000","slick_arrow_background":"#000","slick_dots_background":"#a5a6a8","slick_dots_border":"#a5a6a8","slick_dots_background_active":"#ffffff","slick_dots_border_active":"#a5a6a8","back_to_top_bg":"#bbbbbb","back_to_top_color":"#ffffff","back_to_top_border":"#bbbbbb","back_to_top_bg_hover":"#000000","back_to_top_color_hover":"#ffffff","back_to_top_border_hover":"#000000","sections":{"header":{"type":"header","settings":{"display_header_top":true,"header_top_image":"shopify:\/\/shop_images\/top-bar-promotion.jpg","top_message_text":"Sale upto 70% off on selected items. End ins:","countdown":"2021\/01\/7 0:0:00","bg_header_top":"#e44b6a","text_header_top_color":"#fff","bg_header_bottom_color":"#f7f7f7","header_bottom_icon_color":"#232323","header_bottom_text_color":"#3c3c3c","header_bottom_icon_vertical_color":"#eaeaea","header_bottom_icon_dropdown_color":"#c0c0c0","display_currency":true,"display_custom_text":true,"custom_text":"Find A Store","link":"shopify:\/\/pages\/find-a-store","brand_type":"image","brand_text":"","logo_max_width":30,"font_size_logo":"20px","logo_text_color":"#0f0f0f","logo":"shopify:\/\/shop_images\/cospora-logo-compressor.png","max_height_logo_mb":"26px","logo_pc":"shopify:\/\/shop_images\/cospora-logo-compressor.png","max_height_logo_pc":"30px","bg_search_color":"#fafafa","search_color":"#3c3c3c","bg_cart_color":"#141414","cart_color":"#fff"}},"slideshow":{"type":"slideshow","blocks":{"slideshow-0":{"type":"image","settings":{"dpl_slide_img":true,"image_slide":"shopify:\/\/shop_images\/home-slide-1.jpg","image_slide_mb":"","alignment":"left","heading":"Milancelos","font_size_heading":"40px","color_heading":"#232323","slide-des":"Pellentesque posuere morci lobortis scelerisque blandit. Donec an tellus lacinia an tincidunt risus de cosmopolis consequat velitos.","font_size_des":"12px","color_des":"#000000","button_slide":"Shop Now","link":"","bg_button":"#000000","border_button":"#000000","color_button":"#fff","lb_product_1":"","top_position_1":"10","left_position_1":"10","dots_color_1":"#fff","dots_bg_color_1":"#323232","dots_shadow_color_1":"#fff","lb_product_2":"","top_position_2":"10","left_position_2":"10","dots_color_2":"#fff","dots_bg_color_2":"#323232","dots_shadow_color_2":"#fff","lb_product_3":"","top_position_3":"10","left_position_3":"10","dots_color_3":"#fff","dots_bg_color_3":"#323232","dots_shadow_color_3":"#fff"}},"slideshow-1":{"type":"image","settings":{"dpl_slide_img":true,"image_slide":"shopify:\/\/shop_images\/home-slide-2.jpg","image_slide_mb":"","alignment":"right","heading":"Lorémica","font_size_heading":"40px","color_heading":"#232323","slide-des":"Pellentesque posuere morci lobortis scelerisque blandit. Donec an tellus lacinia an tincidunt risus de cosmopolis consequat velitos.","font_size_des":"12px","color_des":"#232323","button_slide":"Shop The Collection","link":"","bg_button":"#000000","border_button":"#000000","color_button":"#fff","lb_product_1":"","top_position_1":"10","left_position_1":"10","dots_color_1":"#fff","dots_bg_color_1":"#323232","dots_shadow_color_1":"#fff","lb_product_2":"","top_position_2":"10","left_position_2":"10","dots_color_2":"#fff","dots_bg_color_2":"#323232","dots_shadow_color_2":"#fff","lb_product_3":"","top_position_3":"10","left_position_3":"10","dots_color_3":"#fff","dots_bg_color_3":"#323232","dots_shadow_color_3":"#fff"}},"1568707838614":{"type":"image","settings":{"dpl_slide_img":true,"image_slide":"shopify:\/\/shop_images\/home-slide-3.jpg","image_slide_mb":"","alignment":"left","heading":"Beauty Shop","font_size_heading":"40px","color_heading":"#232323","slide-des":"Pellentesque posuere morci lobortis scelerisque blandit. Donec an tellus lacinia an tincidunt risus de cosmopolis consequat velitos.","font_size_des":"12px","color_des":"#232323","button_slide":"Shop Now","link":"","bg_button":"#000000","border_button":"#000000","color_button":"#fff","lb_product_1":"","top_position_1":"10","left_position_1":"10","dots_color_1":"#fff","dots_bg_color_1":"#323232","dots_shadow_color_1":"#fff","lb_product_2":"","top_position_2":"10","left_position_2":"10","dots_color_2":"#fff","dots_bg_color_2":"#323232","dots_shadow_color_2":"#fff","lb_product_3":"","top_position_3":"10","left_position_3":"10","dots_color_3":"#fff","dots_bg_color_3":"#323232","dots_shadow_color_3":"#fff"}}},"block_order":["slideshow-0","slideshow-1","1568707838614"],"settings":{"layout":"default","margin_bottom_mb":20,"margin_bottom_tab":20,"margin_bottom":30,"autoplay":true,"slideshow_speed":"5000","slideshow_transition":"true","dots":"true","dots_color":"#9e9c9b","dots_active_color":"#9e9c9b","dots_opacity":false,"arrow_color":"#1c1c1c","position_slick_arrow":"-67px","min_width_banner_button":"","bg_video":"#866965","bg_overlay_opacity":40,"video_height":"41.7%","auto_playvideo":true}},"navigation":{"type":"navigation","blocks":{"1568876721842":{"type":"style_1","settings":{"megamenu_items_1":"Nail","style_1_per_row":"3","dpl_column_first_style_1":true,"title_featured_product":"Featured Products","featured_product":"featured-products","featured_product_limit_all":"2","dpl_column_second_style_1":true,"banner_first_style_1":"shopify:\/\/shop_images\/mega-menu-1-compressor.jpg","link_banner_first_style_1":"","banner_second_style_1":"shopify:\/\/shop_images\/mega-menu-2-compressor.jpg","link_banner_second_style_1":""}},"1568861641888":{"type":"style_2","settings":{"megamenu_items_2":"Makeup","style_2_per_row":"5","dpl_banner_bottom_style_2":true,"banner_bottom_style_2_text":"Free Sample With Any Purchases","banner_bottom_style_2_background":"#d2f2f1","banner_bottom_style_2_text_color":"#141414"}},"1568881307188":{"type":"style_3","settings":{"dpl_column_first_style_3":true,"banner_first_style_3":"shopify:\/\/shop_images\/mega-menu-new-6-compressor.jpg","link_banner_first_style_3":"","megamenu_items_3":"Makeup tools","style_3_per_row":"3"}},"1568883745577":{"type":"style_4","settings":{"megamenu_items_4":"Accessories","banner_first_style_4":"shopify:\/\/shop_images\/mega-menu-new-3-compressor.jpg","link_banner_first_style_4":"","banner_second_style_4":"shopify:\/\/shop_images\/mega-menu-4-compressor.jpg","link_banner_second_style_4":"","banner_third_style_4":"shopify:\/\/shop_images\/mega-menu-new-5-compressor.jpg","link_banner_third_style_4":""}}},"block_order":["1568876721842","1568861641888","1568881307188","1568883745577"],"settings":{"display_fixtop_menu":true,"logo_fix":"shopify:\/\/shop_images\/logo_99ef5157-7b1c-44dc-8394-6342310e8249.png","horizontal_linklist":"main-menu","alignment":"center","bg_menu":"#ffffff","bg_dropdown_menu":"#fff","bg_dropdown_border_menu":"#eaeaea","bg_dropdown_hover_menu":"#fafafa","color_menu_lv1":"#000000","hover_color_mnu_lv1":"#000000","font_size_mnu_lv1":"14px","color_menu_lv2":"#232323","hover_color_mnu_lv2":"#232323","font_size_mnu_lv2":"12px","color_menu_lv3":"#2d2d2d","hover_color_mnu_lv3":"#000000","font_size_mnu_lv3":"12px","enable_sale":true,"lb_sale":"Sale","sale_item":"Fragrance","bg_lb_sale":"#ec4065","color_lb_sale":"#fff","enable_new":true,"lb_new":"New","new_item":"Brands","bg_lb_new":"#43b5f4","color_lb_new":"#fff","enable_hot":true,"lb_hot":"Hot","hot_item":"Lookbook","bg_lb_hot":"#f79a00","color_lb_hot":"#fff","display_megamenu":true,"featured_product_btn_color":"#ffffff","featured_product_btn_bg":"#000000","featured_product_btn_border":"#000000","featured_product_btn_color_hover":"#ffffff","featured_product_btn_bg_hover":"#e7040f","featured_product_btn_border_hover":"#e7040f"}},"1568964348372":{"type":"home-top-banner","blocks":{"1568964348372-0":{"type":"image","settings":{"image":"shopify:\/\/shop_images\/banner-top-1-compressor.jpg","title":"Lipstick","color_title":"#fff","link":""}},"1568964348372-1":{"type":"image","settings":{"image":"shopify:\/\/shop_images\/banner-top-2-compressor.jpg","title":"Makeup","color_title":"#fff","link":""}},"1568977533705":{"type":"image","settings":{"image":"shopify:\/\/shop_images\/banner-top-3-compressor.jpg","title":"Tools","color_title":"#fff","link":""}}},"block_order":["1568964348372-0","1568964348372-1","1568977533705"],"settings":{"display_sub_banner":true,"margin_bottom_mb":0,"margin_bottom_tab":0,"margin_bottom":0,"font_size_title":"20px"}},"1568967495193":{"type":"home-new-products-tab","blocks":{"1568967507408":{"type":"NewProductTabs","settings":{"title":"Makeup","collection":"makeup"}},"1568967525463":{"type":"NewProductTabs","settings":{"title":"Nail","collection":"nail"}},"1568967538893":{"type":"NewProductTabs","settings":{"title":"Accessories","collection":"accessories"}},"1568967546196":{"type":"NewProductTabs","settings":{"title":"Body Art","collection":"body-art"}},"1568967553277":{"type":"NewProductTabs","settings":{"title":"Makeup Tools","collection":"makeup-tools"}},"1568967560827":{"type":"NewProductTabs","settings":{"title":"Fragrance","collection":"fragrance"}}},"block_order":["1568967507408","1568967525463","1568967538893","1568967546196","1568967553277","1568967560827"],"settings":{"show_home_new_products_tab":true,"space_on":0,"space_below":60,"new_product_tab_title":"New Products | Neue Produkte","layout_style":"carousel","color_tab":"#2d2d2d","color_text_tab":"#2d2d2d","color_border_tab":"#eaeaea","color_background_tab":"#fff","limit_product":6,"products_tab_results_per_row":"5"}},"1569235050734":{"type":"home-middle-banner","blocks":{"1569235050734-0":{"type":"image","settings":{"image":"shopify:\/\/shop_images\/home-banner-milde-1-compressor.jpg","link":"shopify:\/\/collections\/accessories"}},"1569235050734-1":{"type":"image","settings":{"image":"shopify:\/\/shop_images\/home-banner-milde-2-compressor.jpg","link":"shopify:\/\/collections\/makeup"}}},"block_order":["1569235050734-0","1569235050734-1"],"settings":{"display_sub_banner":true,"margin_bottom_mb":0,"margin_bottom_tab":0,"margin_bottom":0,"font_size_title":"20px"}},"1569238463827":{"type":"home-featured-products","settings":{"show_home_featured_product":true,"space_on":0,"space_below":0,"show_slider_feature_collection":"featured-products","slider_feature_title":"Featured Products | Vorgestellte Produkte","slider_feature_limit_all":6,"feature_collection_results_per_row":"5"}},"1569291788686":{"type":"home-featured-products","settings":{"show_home_featured_product":true,"space_on":0,"space_below":0,"show_slider_feature_collection":"editors-picks","slider_feature_title":"Editor's Picks | Redakteurfavoriten","slider_feature_limit_all":6,"feature_collection_results_per_row":"5"}},"1569296911033":{"type":"home-custom-block-spotlight","blocks":{"1569296911033-0":{"type":"image","settings":{"image":"shopify:\/\/shop_images\/home-bottom-banner-new-1-compressor.jpg","title":"Milancé","color_title":"#141414","sub_title":"Make up","color_sub_title":"#2d2d2d","des":"Pellentesque lorem denim consequat feugiat sapien delos pretium libero. Destibulum ullamcorper melito an amet cosmopolis morttitor nulla lectus.","color_des":"#2d2d2d","button":"Browse Now","color_button":"#000","link":"","video_link":"","video_icon_color":"#fff"}},"1569296911033-1":{"type":"image","settings":{"image":"shopify:\/\/shop_images\/home-bottom-banner-2-compressor.jpg","title":"#Loremis","color_title":"#141414","sub_title":"New Arrivals","color_sub_title":"#2d2d2d","des":"Pellentesque lorem denim consequat feugiat sapien delos pretium libero. Destibulum ullamcorper melito an amet cosmopolis morttitor nulla lectus.","color_des":"#2d2d2d","button":"Shop Now","color_button":"#000","link":"","video_link":"","video_icon_color":"#fff"}},"1569296911033-2":{"type":"image","settings":{"image":"shopify:\/\/shop_images\/home-bottom-banner-new-3-compressor.jpg","title":"Ziloues","color_title":"#141414","sub_title":"Beauty Care","color_sub_title":"#2d2d2d","des":"Pellentesque lorem denim consequat feugiat sapien delos pretium libero. Destibulum ullamcorper melito an amet cosmopolis morttitor nulla lectus.","color_des":"#2d2d2d","button":"Discover Now","color_button":"#000","link":"","video_link":"","video_icon_color":"#fff"}}},"block_order":["1569296911033-0","1569296911033-1","1569296911033-2"],"settings":{"margin_bottom_mb":25,"margin_bottom_tab":35,"margin_bottom":42,"spotlight_block_title":"#Trending Now | #Gerade angesagt"}},"1569311228728":{"type":"home-blog-posts","settings":{"blog_posts":"blog","blog_results_per_row":"2","post_limit":3,"blog_show_author":true,"blog_show_date":true,"blog_post_title":"Recent Posts | kürzliche Posts","margin_bottom_mb":20,"margin_bottom_tab":20,"margin_bottom":50,"button_readmore":"Read More"}},"1569319272470":{"type":"home-instagram","blocks":{"1589872140821":{"type":"instagram","settings":{"enable":true,"image":"shopify:\/\/shop_images\/1.jpg","link":""}},"1589872148795":{"type":"instagram","settings":{"enable":true,"image":"shopify:\/\/shop_images\/2.jpg","link":""}},"1589872149938":{"type":"instagram","settings":{"enable":true,"image":"shopify:\/\/shop_images\/3.jpg","link":""}},"1589872150853":{"type":"instagram","settings":{"enable":true,"image":"shopify:\/\/shop_images\/4.jpg","link":""}},"1589874026716":{"type":"instagram","settings":{"enable":true,"image":"shopify:\/\/shop_images\/5.jpg","link":""}},"1589874041184":{"type":"instagram","settings":{"enable":true,"image":"shopify:\/\/shop_images\/6.jpg","link":""}},"1589874056374":{"type":"instagram","settings":{"enable":true,"image":"shopify:\/\/shop_images\/7.jpg","link":""}},"1589874069139":{"type":"instagram","settings":{"enable":true,"image":"shopify:\/\/shop_images\/8.jpg","link":""}},"1589880668499":{"type":"instagram","settings":{"enable":true,"image":"shopify:\/\/shop_images\/9.jpg","link":""}},"1589880680495":{"type":"instagram","settings":{"enable":true,"image":"shopify:\/\/shop_images\/10.jpg","link":""}},"1589880692504":{"type":"instagram","settings":{"enable":true,"image":"shopify:\/\/shop_images\/11.jpg","link":""}}},"block_order":["1589872140821","1589872148795","1589872149938","1589872150853","1589874026716","1589874041184","1589874056374","1589874069139","1589880668499","1589880680495","1589880692504"],"settings":{"show_instagram":true,"instagram_title":"Cospora On Instagram | Cospora Auf Instagram","instagram_des":"#Cospora-Cosmetics","color_des":"#e7040f","type_instagram":"default","embed_code":"<script src=\"https:\/\/snapppt.com\/widgets\/widget_loader\/8ac4b3ea-a8b1-4263-94ee-6f43cf6c34c1\/carousel.js\" defer class=\"snapppt-widget\"><\/script>","type_instagram_by_gallery":"popup_image","limit":"10","images_per_row":"5","display_arrow":true,"slide_rows":"1","resolution_images":"standard_resolution"}},"home-brands":{"type":"home-brands","blocks":{"1569376871634":{"type":"image","settings":{"image":"shopify:\/\/shop_images\/brands-1.png","title":"Loremous","link":""}},"1569376883577":{"type":"image","settings":{"image":"shopify:\/\/shop_images\/brands-2.png","title":"Loremous","link":""}},"1569376891839":{"type":"image","settings":{"image":"shopify:\/\/shop_images\/brands-3.png","title":"Loremous","link":""}},"1569376898511":{"type":"image","settings":{"image":"shopify:\/\/shop_images\/brands-4.png","title":"Loremous","link":""}},"1569376904005":{"type":"image","settings":{"image":"shopify:\/\/shop_images\/brands-5.png","title":"Loremous","link":""}}},"block_order":["1569376871634","1569376883577","1569376891839","1569376898511","1569376904005"],"settings":{"bg_brands":"#fafafa","margin_bottom_mb":0,"margin_bottom_tab":0,"margin_bottom":0,"brand_rows":"5"}},"footer":{"type":"footer","blocks":{"1569379656045":{"type":"footer_link","settings":{"footer_title":"Navigate","footer_linklist":"navigate"}},"1569379688645":{"type":"footer_link","settings":{"footer_title":"Categories","footer_linklist":"categories"}},"1569379709222":{"type":"footer_link","settings":{"footer_title":"Popular Brands","footer_linklist":"popular-brands"}},"1569379737182":{"type":"footer_link","settings":{"footer_title":"Customer Service","footer_linklist":"customer-service"}},"1569379745548":{"type":"info_store","settings":{"footer_title_info":"Info","footer_info_store":"<p class=\"addr\">685 Market Street<br>San Francisco, CA 94105,<br>United States\n<\/p>\n<p class=\"addr\">Call us at: 1-888-699-8900<br>Email: <a href=\"mailto:support@halothemes.com\">support@halothemes.com<\/a><\/p>"}}},"block_order":["1569379656045","1569379688645","1569379709222","1569379737182","1569379745548"],"settings":{"bg_footer_img":"none","bg_footer_color":"#141414","bg_footer_position_x":"left","bg_footer_position_y":"top","bg_footer_repeat":"repeat","bg_footer_attachment":"scroll","bg-footer-img":"","footer_title_color":"#fff","footer_link_color":"#ffffff","footer_link_hover_color":"#ffffff","bg_footer_line_color":"#2a2a2a","footer_social_enable":true,"social_icon_color":"#ffffff","footer_newsletter_enable":true,"footer_newsletter_title":"Sign up for our Newsletter","bg_body_newsletter_color":"#fff","bg_newsletter_color":"#fff","newsletter_color":"#919191","newsletter_border_color":"#fff","bg_newsletter_button_color":"#141414","bg_newsletter_button_color_hover":"#ffffff","bg_newsletter_button_border_color":"#141414","bg_newsletter_button_border_color_hover":"#141414","newsletter_button_color":"#fff","newsletter_button_color_hover":"#141414","bg_footer_bottom_color":"#141414","footer_bottom_color":"#969696","footer_address_code":"© 2019 Cospora Demo. All Rights Reserved. Powered by Shopify.<br><a href=\"https:\/\/www.halothemes.com\/template_category\/shopify-templates\/\" title=\"Shopify Themes\">Shopify Themes & Templates<\/a> by <a href=\"http:\/\/halothemes.com\/\" title=\"HaloThemes.com\">HaloThemes.com<\/a>.","show_payment_icons":true,"payment_display_visa":true,"icon_visa":"shopify:\/\/shop_images\/Visa_Inverted.png","payment_display_visa_electron":false,"icon_visa_electron":"","payment_display_american_express":true,"icon_american_express":"shopify:\/\/shop_images\/American-Express-compressor.png","payment_display_master":true,"icon_master":"shopify:\/\/shop_images\/MasterCard-compressor.png","payment_display_maestro":false,"icon_maestro":"","payment_display_solo":false,"icon_solo":"","payment_display_paypal":true,"icon_paypal":"shopify:\/\/shop_images\/PayPal-compressor.png","payment_display_amazon_payments":false,"icon_amazon_payments":"","payment_display_apple_pay":false,"icon_apple_pay":"","payment_display_bitcoin":false,"icon_bitcoin":"","payment_display_cirrus":true,"icon_cirrus":"shopify:\/\/shop_images\/Cirrus_Inverted.png","payment_display_dankort":false,"icon_dankort":"","payment_display_diners_club":false,"icon_diners_club":"","payment_display_discover":true,"icon_discover":"shopify:\/\/shop_images\/Discover-compressor.png","payment_display_dogecoin":false,"icon_dogecoin":"","payment_display_dwolla":false,"icon_dwolla":"","payment_display_forbrugsforeningen":false,"icon_forbrugsforeningen":"","payment_display_interac":false,"icon_interac":"","payment_display_jcb":false,"icon_jcb":"","payment_display_litecoin":false,"icon_litecoin":"","payment_display_stripe":false,"icon_stripe":"","payment_display_sage":false,"icon_sage":"","payment_display_wallet":false,"icon_wallet":"","payment_display_western_union":true,"icon_western_union":"shopify:\/\/shop_images\/Western_Union.png"}},"someone-purchased":{"type":"someone-purchased","blocks":{"1569835481876":{"type":"image","settings":{"product":"baminos-lementum-disus-an-cras-damos-dincidunts","time_ago":"About 50 minutes ago","from_ago":"in Blumenau, Brazil"}},"1569835490225":{"type":"image","settings":{"product":"danterdum-pretium-de-milancelos","time_ago":"About 50 minutes ago","from_ago":"in Blumenau, Brazil"}},"1569840162131":{"type":"image","settings":{"product":"magnis-lorem-darturien-medro-laciniados-cosmopo","time_ago":"About 50 minutes ago","from_ago":"in Blumenau, Brazil"}},"1569840751586":{"type":"image","settings":{"product":"magnis-lorem-darturien-medros-laciados-cosmopolis","time_ago":"About 50 minutes ago","from_ago":"in Blumenau, Brazil"}}},"block_order":["1569835481876","1569835490225","1569840162131","1569840751586"],"settings":{"dpl_someone":true,"dpl_someone_mb":true,"show_someone":"left","someone_speed":"7000","text":"Someone recently bought a"}},"cookie_popup":{"type":"cookie_popup","settings":{"display_gdpr":true,"show_gdp":"right","bg_color":"#323232","text_color":"#ffffff","content":"The cookie settings on this website are set to 'allow all cookies' to give you the very best experience. Please click Accept Cookies to continue to use the site.","text_btn":"Accept Cookies","btn_text_color":"#0f0f0f","btn_text_color_hover":"#0f0f0f","policy_text":"Privacy Policy","policy_link":"https:\/\/policies.google.com","link_color":"#ffffff","link_color_hover":"#ffffff"}},"list-collections-template":{"type":"list-collections-template","blocks":{"1570069761738":{"type":"collection","settings":{"image":"","collection":"lorem-de-dorus"}},"1570069800968":{"type":"collection","settings":{"image":"","collection":"milancelos-a-lanos"}},"1570069813594":{"type":"collection","settings":{"image":"","collection":"lynn-cosmopolis"}},"1570069829723":{"type":"collection","settings":{"image":"","collection":"nor-loremirus"}},"1570069842085":{"type":"collection","settings":{"image":"","collection":"comos-de-milano"}},"1570069852597":{"type":"collection","settings":{"image":"","collection":"accessorius"}},"1575023704073":{"type":"collection","settings":{"image":"","collection":"nor-loremi"}},"1575023728573":{"type":"collection","settings":{"image":"","collection":"comos-de-mi"}},"1575023736201":{"type":"collection","settings":{"image":"","collection":"eccessorius"}}},"block_order":["1570069761738","1570069800968","1570069813594","1570069829723","1570069842085","1570069852597","1575023704073","1575023728573","1575023736201"],"settings":{"list_collection_results_per_row":"3","list_collection_title_size":"18","style_categories":"style_little"}},"home-featured-products":{"type":"home-featured-products","settings":{"show_home_featured_product":true,"space_on":50,"space_below":0,"show_slider_feature_collection":"you-may-also-like","slider_feature_title":"You may also like","slider_feature_limit_all":6,"feature_collection_results_per_row":"5"}},"sidebar-blog":{"type":"sidebar-blog","blocks":{"1570077487862":{"type":"product","settings":{"enable":true,"title":"Featured Products","collection":"featured-products","limit":"5"}},"1570077537528":{"type":"image","settings":{"enable":true,"image":"shopify:\/\/shop_images\/custom-image-1-compressor.jpg","link":""}},"1570096655103":{"type":"image","settings":{"enable":true,"image":"shopify:\/\/shop_images\/custom-image-2-compressor.jpg","link":""}},"1570077548638":{"type":"quote","settings":{"enable":true,"title":"Custom Block","quote":"<p>Custom CMS block displayed at the left sidebar on the Catalog Page. Put your own content here: text, html, images, media... whatever you like.<\/p>\n<p>There are many similar sample content placeholders across the store. All editable from admin panel.<\/p>"}}},"block_order":["1570077487862","1570077537528","1570096655103","1570077548638"],"settings":{"display_sidebar_blog_page":true,"show_sidebar":"left","display_sidebar_link":true,"sidebar_link_title":"Categories","style_categories":"style_little","link_list":"menu-sidebar-blog","sidebar_recent_art":true,"sidebar_blog_tags":false}},"blog-template":{"type":"blog-template","settings":{"blog_post":"3","blog_text_align":"left","blog_show_author":true,"blog_show_date":true}},"article-template":{"type":"article-template","settings":{"blog_show_author":true,"blog_show_date":true,"quote_title":"Sample Block Quote","quote_des":"Nam tempus turpis at metus scelerisque placerat nulla deumantos sollicitudin delos felis. Pellentesque diam dolor an elementum et lobortis at mollis ut risus. Curabitur semper sagittis mino de condimentum.","quote_title_2":"Sample Paragraph Text","quote_des_2":"Lorem ipsum dolor sit amet, consectetur adipiscing elit. Morbi ut blandit risus. Donec mollis nec tellus et rutrum. Orci varius natoque de penatibus et magnis dis parturient montes, nascetur ridiculus mus. Ut consequat quam a purus faucibus scelerisque. Mauris ac dui ante. Pellentesque congue porttitor tempus. Donec sodales dapibus urna sed dictum."}},"sidebar-filter":{"type":"sidebar-filter","blocks":{"1570187910784":{"type":"filter_color","settings":{"enable":true,"title":"Color | Farbe","color_text_1":"Beige","color_img_1":"shopify:\/\/shop_images\/beige.png","color_text_2":"Brown","color_img_2":"shopify:\/\/shop_images\/brown.png","color_text_3":"White","color_img_3":"shopify:\/\/shop_images\/white.png","color_text_4":"Pink","color_img_4":"shopify:\/\/shop_images\/pink.png","color_text_5":"Blue","color_img_5":"shopify:\/\/shop_images\/blue.png","color_text_6":"Black","color_img_6":"shopify:\/\/shop_images\/black.png","color_text_7":"Red","color_img_7":"shopify:\/\/shop_images\/red.png","color_text_8":"Silver","color_img_8":"shopify:\/\/shop_images\/silver.png","color_text_9":"Green","color_img_9":"shopify:\/\/shop_images\/green.png","color_text_10":"","color_img_10":"","color_text_11":"","color_img_11":"","color_text_12":"","color_img_12":"","color_text_13":"","color_img_13":"","color_text_14":"","color_img_14":"","color_text_15":"","color_img_15":"","color_text_16":"","color_img_16":"","color_text_17":"","color_img_17":"","color_text_18":"","color_img_18":"","color_text_19":"","color_img_19":"","color_text_20":"","color_img_20":""}},"1570188332332":{"type":"filter_text","settings":{"enable":true,"title":"Size | Größe","list_tags":"XS, S, M, L, Xl, 2X, 3X"}},"1570188354338":{"type":"filter_text","settings":{"enable":true,"title":"Price | Preis","list_tags":"Less than $100.00, $100.00 - $200.00,  $200.00 - $400.00, Above $400.00"}},"1570188362124":{"type":"filter_text","settings":{"enable":true,"title":"Brand | Marke","list_tags":"Anna, Benjamin Button, Burberry, Chanel, Coco Lee, Daventry, Meers, GANTT, Tommorrow, Cosmopolis, Mango"}},"1570188372919":{"type":"filter_text","settings":{"enable":true,"title":"Product Type | Produktart","list_tags":"Dincidunteros, Cosmopolis, Solutmades, Loremous, Comodous"}}},"block_order":["1570187910784","1570188332332","1570188354338","1570188362124","1570188372919"],"settings":{"display_sidebar":true,"show_sidebar":"left","enable_categories":true,"title_categories":"Categories","style_categories":"style_little","link_list":"menu-sidebar-category","enable_product":true,"title_product":"Featured Products","collection":"featured-products","limit":"5","enable_img_1":true,"image_img_1":"shopify:\/\/shop_images\/custom-image-1-compressor.jpg","link_img_1":"","enable_img_2":true,"image_img_2":"shopify:\/\/shop_images\/custom-image-2-compressor.jpg","link_img_2":"","enable_custom_block":true,"title_custom_block":"Custom Block","quote_custom_block":"<p>Custom CMS block displayed at the left sidebar on the Catalog Page. Put your own content here: text, html, images, media... whatever you like.<\/p>\n<p>There are many similar sample content placeholders across the store. All editable from admin panel.<\/p>"}},"collection-template-default":{"type":"collection-template-default","settings":{"display_collection_image":true,"collection_image":"shopify:\/\/shop_images\/category-banner-compressor.jpg","display_collection_des":true,"display_sub_categries":true,"sub_collection_title":"Sub Categories","viewas_enable":true,"limited_view":true,"sort_enable":true,"collection_results_per_row":"4","collection_results_per_page":"24"}},"recently-viewed-products":{"type":"recently-viewed-products","settings":{"display_recently_viewed_products":true,"recently_viewed_products_title":"Recently Viewed Products | Kürzlich angesehene Produkte","recently_viewed_results_per_row":"5","number_of_recently_viewed_products":10}},"sidebar-section":{"type":"sidebar-section","blocks":{"1570520202640":{"type":"menu","settings":{"enable":true,"title":"Categories","style_categories":"style_little","link_list":"menu-sidebar-category"}},"1570520230064":{"type":"product","settings":{"enable":true,"title":"Featured Products","collection":"featured-products","limit":"8"}},"1570520260243":{"type":"image","settings":{"enable":true,"image":"shopify:\/\/shop_images\/custom-image-1-compressor.jpg","link":""}},"1570520269195":{"type":"image","settings":{"enable":true,"image":"shopify:\/\/shop_images\/custom-image-2-compressor.jpg","link":""}},"1570520275089":{"type":"quote","settings":{"enable":true,"title":"Custom Block","quote":"<p>Custom CMS block displayed at the left sidebar on the Catalog Page. Put your own content here: text, html, images, media... whatever you like.<\/p>\n<p>There are many similar sample content placeholders across the store. All editable from admin panel.<\/p>"}}},"block_order":["1570520202640","1570520230064","1570520260243","1570520269195","1570520275089"],"settings":{"display_sidebar":true,"show_sidebar":"left"}},"product-template-default":{"type":"product-template-default","blocks":{"1570680113284":{"type":"image","settings":{"main_pr_look":"danterdum-pretium-de-milancelos","image_1":"shopify:\/\/shop_images\/collection-image-1-compressor.jpg","image_2":"shopify:\/\/shop_images\/collection-image-2-compressor.jpg","image_3":"shopify:\/\/shop_images\/collection-image-3-compressor.jpg","image_4":"shopify:\/\/shop_images\/collection-image-4-compressor.jpg","image_5":"shopify:\/\/shop_images\/collection-image-5-compressor.jpg","image_6":"shopify:\/\/shop_images\/collection-image-6-compressor.jpg","image_7":"shopify:\/\/shop_images\/collection-image-7-compressor.jpg","image_8":"shopify:\/\/shop_images\/collection-image-8-compressor.jpg","image_9":"","image_10":""}}},"block_order":["1570680113284"],"settings":{"video_product":true,"enable_payment_button":true,"show_sold_in":true,"item_prd":"3,5,6,7,8,10,12,15","item_prds":"sold in last","hours_prs":"10,15,16,17,18,20,25,35","item_hours":"hours","display_vendor":true,"text_vendor":"Brand:","display_product_sku":true,"text_product_sku":"Product Code:","display_availability":true,"text_availability":"Availability:","display_product_type":false,"text_product_type":"Product Type:","display_text_zoom":true,"text_zoom_image":"Roll over or click image to zoom in","total_items":"100","min_items_left":"8","max_items_left":"26","progressbar_color":"#ccc","progressbar_active_color":"#ea3b02","custombox_text":"<div class=\"heading\">December   Sale Save 15%! + Free Worldwide Shipping *<\/div>\n                    <div class=\"code\">Sale Ends Once The Timer Hits Zero!<\/div>\n                    <div class=\"explain\"> Discount will be automatically applied at checkout, no discount code required.<\/div>","dpl_customers_view":true,"title_view":"customers are viewing this product","number_view":"100, 59, 11, 14, 185, 193, 165, 50, 38, 99, 112, 46, 10, 125, 200, 250, 18","show_desc":"short","display_subtotal":true,"display_product_detail_tag":false,"display_product_detail_share":true,"display_trust_img":true,"show_tab":"horizontal","display_product_detail_description":true,"product_description_title":"Description","display_product_reviews":true,"product_review_title":"Customer Reviews","display_shipping_returns":true,"shipping_returns_title":"Shipping & Returns","shipping_returns_content":"<h4>Returns Policy<\/h4>\n<p>You may return most new, unopened items within 30 days of delivery for a full refund. We'll also pay the return shipping costs if the return is a result of our error (you received an incorrect or defective item, etc.)..<\/p>\n<p>\n    You should expect to receive your refund within four weeks of giving your package to the return shipper, however, in many cases you will receive a refund more quickly. This time period includes the transit time for us to receive your return from the shipper (5 to 10 business days), the time it takes us to process your return once we receive it (3 to 5 business days), and the time it takes your bank to process our refund request (5 to 10 business days).<\/p>\n<p>\n    If you need to return an item, simply login to your account, view the order using the \"Complete Orders\" link under the My Account menu and click the Return Item(s) button. We'll notify you via e-mail of your refund once we've received and processed the returned item..<\/p>\n<h4>Shipping<\/h4>\n<p>We can ship to virtually any address in the world. Note that there are restrictions on some products, and some products cannot be shipped to international destinations..<\/p>\n<p>\n    When you place an order, we will estimate shipping and delivery dates for you based on the availability of your items and the shipping options you choose. Depending on the shipping provider you choose, shipping date estimates may appear on the shipping quotes page.<\/p>\n<p>\n    Please also note that the shipping rates for many items we sell are weight-based. The weight of any such item can be found on its detail page. To reflect the policies of the shipping companies we use, all weights will be rounded up to the next full pound..<\/p>","display_custom_tab":true,"custom_tab_title":"Custom Product Tab","custom_tab_type":"all","custom_tab_content":"<p>Nam tempus turpis at metus scelerisque placerat nulla deumantos solicitud felis. Pellentesque diam dolor, elementum etos lobortis des mollis ut risus. Sedcus faucibus an sullamcorper mattis drostique des commodo pharetras loremos.Donec pretium egestas sapien et mollis. Pellentesque diam dolor cosmopolis etos lobortis.<\/p>\n<table class=\"table paragraphTable\">\n<tbody>\n<tr>\n<td><strong>Comodous:<\/strong><\/td>\n<td>Comodous in tempor ullamcorper miaculis<\/td>\n<\/tr>\n<tr>\n<td><strong>Mattis Dareto:<\/strong><\/td>\n<td>Pellentesque vitae neque mollis urna mattis laoreet.<\/td>\n<\/tr>\n<tr>\n<td><strong>Divamus de Ametos:<\/strong><\/td>\n<td>Divamus sit amet purus justo.<\/td>\n<\/tr>\n<tr>\n<td><strong>Molestie:<\/strong><\/td>\n<td>Proin molestie egestas orci ac suscipit risus posuere loremous<\/td>\n<\/tr>\n<\/tbody>\n<\/table>","dpl_lookbook_description":true,"style_lookbook_description":"all_product","quote_title_1a":"Sample Image Gallery Module","quote_title":"Sample Block Quote","quote_des":"Praesent vestibulum congue tellus at fringilla. Curabitur vitae semper sem, eu convallis est. Cras felis nunc commodo eu convallis vitae interdum non nisl. Maecenas ac est sit amet augue pharetra convallis nec danos dui. Cras suscipit quam et turpis eleifend vitae malesuada magna congue.","quote_title_2":"Sample Paragraph Text","quote_des_2":"Praesent vestibulum congue tellus at fringilla. Curabitur vitae semper sem, eu convallis est. Cras felis nunc commodo eu convallis vitae interdum non nisl. Maecenas ac est sit amet augue pharetra convallis nec danos dui. Cras suscipit quam et turpis eleifend vitae malesuada magna congue. Damus id ullamcorper neque. Sed vitae mi a mi pretium aliquet ac sed elito.","dpl_gallery_lookbook":true,"dpl_gallery_row":"3","style_lookbook_gallery":"all_product","dpl_grouped_product":true,"grouped_title":"Frequently Bought Together","grouped_choose_options_text":"Please choose options for all selected products:","choose_options":"Choose Options","enable_bundle_discount":true,"bundle_discount_text":"Get a [discount]% discount buying these products together | Erhalten Sie einen Rabatt von [discount]%, wenn Sie diese Produkte zusammen kaufen"}},"cart-template":{"type":"cart-template","settings":{"cart_notes":true}},"contact-template":{"type":"contact-template","settings":{"display_google_map":true,"google_map_code":"<iframe src=\"https:\/\/maps.google.com\/maps?f=q&source=s_q&hl=vi&geocode=&q=4+Nguy%E1%BB%85n+%C4%90%C3%ACnh+chi%E1%BB%83u,+%C4%90a+Kao,+Qu%E1%BA%ADn+1&aq=&sll=37.0625,-95.677068&sspn=41.903538,86.572266&ie=UTF8&hq=&hnear=4+Nguy%E1%BB%85n+%C4%90%C3%ACnh+Chi%E1%BB%83u,+%C4%90a+Kao,+Qu%E1%BA%ADn+1,+H%E1%BB%93+Ch%C3%AD+Minh,+Vi%E1%BB%87t+Nam&t=m&ll=10.797518,106.700377&spn=0.014754,0.071197&z=15&iwloc=A&output=embed\" marginwidth=\"0\" marginheight=\"0\" scrolling=\"no\" width=\"100%\" height=\"278\" frameborder=\"0\"><\/iframe>","contact_title":"Contact Us","contact_text_desc":"Have a question or comment? Use the form below to send us a message or contact us by mail at:","contact_your_name":"","contact_phone_number":"","contact_your_email":"","display_location":true,"location_code":"<h4>Please do get in touch!<\/h4>\n<p>We'd love to hear from you - please use the form to send us your message or ideas. Or simply pop in for a cup of fresh tea and a cookie:<\/p>\n<p class=\"addr\">8808 Ave Dermentum, Onsectetur Adipiscing<br>Tortor Sagittis, CA 880986,<br>United States\n<\/p>\n<p class=\"addr\">087S Divamus Faucibus Str.,<br>City name, Postal Code, CA 90896<br>United States\n<\/p>\n\n<p class=\"addr\">Email: <a href=\"mailto:support@halothemes.com\">support@halothemes.com<\/a><br>Toll-free: <strong>1-800-000-COSPORA<\/strong><\/p><div class=\"open-hours\">\n<span>Opening Hours:<\/span>\n<br>Monday to Saturday: 9am - 10pm\n<br>Sundays: 10am - 6pm\n<p><\/p>\n<\/div>"}},"lookbook":{"type":"lookbook","blocks":{"1571216739507":{"type":"image","settings":{"dpl_slide_img":true,"image_slide":"shopify:\/\/shop_images\/lookbook-image-1-compressor_4e7ae33d-2a92-4dfb-9300-3594650edd35.jpg","alignment":"left","heading":"","font_size_heading":"40px","color_heading":"#ffffff","slide-des":"","font_size_des":"12px","color_des":"#ffffff","button_slide":"","link":"","bg_button":"#232323","border_button":"#232323","color_button":"#fff","lb_product_1":"ainterdu-pretium-de-miancelos-dincidunts","top_position_1":"40","left_position_1":"40","dots_color_1":"#fff","dots_bg_color_1":"#323232","dots_shadow_color_1":"#fff","lb_product_2":"danterdum-pretium-de-milancelos","top_position_2":"30","left_position_2":"79","dots_color_2":"#fff","dots_bg_color_2":"#323232","dots_shadow_color_2":"#fff","lb_product_3":"","top_position_3":"10","left_position_3":"10","dots_color_3":"#fff","dots_bg_color_3":"#323232","dots_shadow_color_3":"#fff"}},"1571216767917":{"type":"image","settings":{"dpl_slide_img":true,"image_slide":"shopify:\/\/shop_images\/lookbook-image-2-compressor.jpg","alignment":"left","heading":"","font_size_heading":"40px","color_heading":"#ffffff","slide-des":"","font_size_des":"12px","color_des":"#ffffff","button_slide":"","link":"","bg_button":"#232323","border_button":"#232323","color_button":"#fff","lb_product_1":"ainterdu-pretium-de-miancelos-dincidunts","top_position_1":"40","left_position_1":"30","dots_color_1":"#fff","dots_bg_color_1":"#323232","dots_shadow_color_1":"#fff","lb_product_2":"magnis-lorem-darturien-medros-laciados-cosmopolis","top_position_2":"25","left_position_2":"55","dots_color_2":"#fff","dots_bg_color_2":"#323232","dots_shadow_color_2":"#fff","lb_product_3":"copy-of-naminos-lementum-disus-an-naras-dincidunts-comodous","top_position_3":"80","left_position_3":"51","dots_color_3":"#fff","dots_bg_color_3":"#323232","dots_shadow_color_3":"#fff"}},"1571216777170":{"type":"image","settings":{"dpl_slide_img":true,"image_slide":"shopify:\/\/shop_images\/lookbook-image-3-compressor_174e93ae-3e79-4d27-9a90-f890ce3d5424.jpg","alignment":"left","heading":"","font_size_heading":"40px","color_heading":"#ffffff","slide-des":"","font_size_des":"12px","color_des":"#ffffff","button_slide":"","link":"","bg_button":"#232323","border_button":"#232323","color_button":"#fff","lb_product_1":"magnis-lorem-darturien-medro-laciniados-cosmopo","top_position_1":"42","left_position_1":"43","dots_color_1":"#fff","dots_bg_color_1":"#323232","dots_shadow_color_1":"#fff","lb_product_2":"baminos-lementum-disus-an-cras-damos-dincidunts","top_position_2":"63","left_position_2":"63","dots_color_2":"#fff","dots_bg_color_2":"#323232","dots_shadow_color_2":"#fff","lb_product_3":"","top_position_3":"10","left_position_3":"10","dots_color_3":"#fff","dots_bg_color_3":"#323232","dots_shadow_color_3":"#fff"}}},"block_order":["1571216739507","1571216767917","1571216777170"],"settings":{"display_product_detail_share":true,"share_text":"Share","button":"Shop LookBook","link":"shopify:\/\/collections","autoplay":false,"speed":"5000","transition":"true","arrow_color":"#000000","arrow_border_color":"#ffffff","arrow_bg_color":"#ffffff","position_slick_arrow":"50px"}},"brands-page":{"type":"brands-page","settings":{"display_brand":false}},"faq-page":{"type":"faq-page","blocks":{"1571296505839":{"type":"text","settings":{"question_faqs":"Will your template be fully compatible with Shopify?","answer_faqs":"Yes it is."}},"1571296533613":{"type":"text","settings":{"question_faqs":"I cannot upload the theme to my Shopify store \/ Shopify alerts that the file is too big to upload, what is the problem?","answer_faqs":"<p>Please make sure that you follow below steps:<\/p>\n\n<p>1\/ Download the package from themeforest.net (the file is in zip format)\n<br>\n<br>\n2\/ Extract the file you've just downloaded.\n<br>\n<br>\n3\/ Find this file: ella-3.0.0-sections-ready.zip in the folder Ella Sections Ready 3.0.0, then you just need to upload ella-3.0.0-sections-ready.zip file to your Shopify store.\n<\/p>"}},"1571297045254":{"type":"text","settings":{"question_faqs":"What I have to do when I need your support?","answer_faqs":"<p>To save your time and reach our support quickly, please follow below steps:\n<\/p><p>1\/ Create a staff account for us (with Themes permission and Settings permission) <a href=\"http:\/\/docs.shopify.com\/manual\/settings\/account\/staff-members\" target=\"_blank\" style=\"color: #e66f65;\" rel=\"noopener noreferrer\">http:\/\/docs.shopify.com\/manual\/settings\/account\/staff-members<\/a><\/p>\n<p>2\/ Capture screenshot or video for the issue you get.<\/p>\n<p>3\/ Specify which template and version you are using.<\/p>\n<p>4\/ Describe clearly how to reproduce the issue.<\/p>\n<p>5\/ Send all information (staff account, screenshot, video, template name and version, description of the issues, link) to <a href=\"mailto:support@halothemes.com\" target=\"_blank\" style=\"color: #e66f65;\" rel=\"noopener noreferrer\">support@halothemes.com<\/a><\/p>\n<p><\/p>"}},"1571297069357":{"type":"text","settings":{"question_faqs":"Would assistance be available to upload the template if needed?","answer_faqs":"Yes, we will assist you to install the template if needed"}},"1571297100633":{"type":"text","settings":{"question_faqs":"Do you guys offer customisation services for your themes?","answer_faqs":"Yes, we do. Please send your customisation requests to support@halothemes.com, we will give you our quote. Thank you."}},"1571297120676":{"type":"text","settings":{"question_faqs":"Can I turn on\/off Lazy Loading Image \/ Item Animation \/ Fade Up on the page?","answer_faqs":"Yes. You can turn on\/off the animation in the Setting page."}},"1571297143748":{"type":"text","settings":{"question_faqs":"Can I turn on\/off some blocks on the page?","answer_faqs":"Yes. You can turn on\/off almost any blocks on the page (featured products, slideshow, banners, related products, recent products,...)."}},"1571297165486":{"type":"text","settings":{"question_faqs":"I want to have the dropdown cart displayed automatically every time clients hover over it (instead of clicking on it). Is it possible?","answer_faqs":"Yes, we have a setting for you to switch between these two options: Display on Hover and Display on Click."}},"1571297189534":{"type":"text","settings":{"question_faqs":"What is included in the theme package?","answer_faqs":"The theme package includes theme source, Photoshop design files, sample data and manual guide."}},"1571297207108":{"type":"text","settings":{"question_faqs":"I notice that the images used in the theme are all portrait. Will that be a problem if I use square images for our products? How will they be displayed in the theme?","answer_faqs":"That is not a problem. You just need to modify the width\/height ratio in theme settings."}},"1571297225327":{"type":"text","settings":{"question_faqs":"Does the theme support image resizing and cropping?","answer_faqs":"Yes. Normally, the theme will resize images to a default size (based on your width\/height ratio setting). We also have Crop setting if you don’t want to scale the image."}},"1571297244764":{"type":"text","settings":{"question_faqs":"Can I add borders around our product images?","answer_faqs":"Yes, you can. You can also set image border colours."}},"1571297269611":{"type":"text","settings":{"question_faqs":"Can I have multi level menu?","answer_faqs":"Yes, you can. Just simply follow the instructions in our Manual Guide, you will be able to easily create a multi-level menu."}},"1571297283874":{"type":"text","settings":{"question_faqs":"Do you guys provide customer support during weekends \/ holidays?","answer_faqs":"Normally we don't provide support during weekends, except for urgent cases. In these cases, you only need to mark “Urgent” in your email, we will get back to you ASAP."}},"1571297300508":{"type":"text","settings":{"question_faqs":"Does the theme support Variant Image?","answer_faqs":"Yes, it does. Please check it out here to see how it works: <a href=\"https:\/\/sneake-demo.myshopify.com\/products\/sample-proin-de-corper-nulla-dan-melementum-1?variant=10214763888684\">https:\/\/sneake-demo.myshopify.com\/products\/sample-proin-de-corper-nulla-dan-melementum-1?variant=10214763888684<\/a>"}}},"block_order":["1571296505839","1571296533613","1571297045254","1571297069357","1571297100633","1571297120676","1571297143748","1571297165486","1571297189534","1571297207108","1571297225327","1571297244764","1571297269611","1571297283874","1571297300508"],"settings":{"des_faqs":"<span>\n  Below FAQ are some common concerns of our clients before purchasing the theme, if you have other questions, please just send it to <a href=\"mailto:support@halothemes.com\" target=\"_blank\">support@halothemes.com<\/a>\n<\/span>","contact_text":"Unable to find satisfactory answers ?","contact_link_text":"Contact Support","contact_link":"shopify:\/\/pages\/contact-us","icon_faqs":"Question | Frage","bg_icon_qs":"#ec4065","color_icon_qs":"#fff","bg_question":"#fafafa","color_question":"#000","font_size_qs":"13","bg_question_acitve":"#232323","color_question_acitve":"#fff","icon_answer":"Answer | Antworten","bg_icon_answer":"#69c69c","color_icon_answer":"#ffffff","color_question_answer":"#000000","font_size_answer":"12","color_question_link":"#0688e2","icon_show":"Show | Anzeigen","icon_hide":"Hide | verbergen"}},"find-a-store":{"type":"find-a-store","blocks":{"1571392473095":{"type":"item","settings":{"content":"<h4>Cospora Store Skyline<\/h4><br> 2905 East Skyline Drive Tuscon,<br>AZ 85718, United States<br><strong>Toll-free: 415-555-5589<\/strong>","name":"","lat":"32.3247425","lng":"-110.9321855"}},"1571392510128":{"type":"item","settings":{"content":"<h4>Cospora Store Arizona<\/h4><br> 5000 Arizona Mills Circle Tempe, <br>AZ 85282, United States<br><strong>oll-free: 415-555-5560<\/strong>","name":"","lat":"33.3891387","lng":"-111.9767654"}},"1571393104480":{"type":"item","settings":{"content":"<h4>Cospora Store Cameback<\/h4><br> 7014 East CameLback Road Scottsdale, <br>AZ 85251, United States<br><strong>Toll-free: 415-555-5580<\/strong>","name":"","lat":"33.502904","lng":"-111.9316692"}},"1571393134817":{"type":"item","settings":{"content":"<h4>Cospora Store Broadway<\/h4><br> 5870 East Broadway Boulevard Tucson, <br>AZ 85711, United States<br><strong>Toll-free: 415-555-4089<\/strong>","name":"","lat":"32.2194629","lng":"-110.86807"}},"1571393158219":{"type":"item","settings":{"content":"<h4>Cospora Store Fancico<\/h4><br> 2905 East Skyline Drive Tuscon,<br>AZ 85718, United States<br><strong>Toll-free: 415-555-5589<\/strong>","name":"","lat":"32.3250511","lng":"-110.9306387"}},"1571393177195":{"type":"item","settings":{"content":"<h4>Cospora Store Linenew<\/h4><br> 2905 East Skyline Drive Tuscon,<br>AZ 85718, United States<br><strong>Toll-free: 415-555-5589<\/strong>","name":"","lat":"35.474318","lng":"-97.5165599"}},"1571393195820":{"type":"item","settings":{"content":"<h4>Cospora Store East<\/h4><br> 2905 East Skyline Drive Tuscon,<br>AZ 85718, United States<br><strong>Toll-free: 415-555-5589<\/strong>","name":"","lat":"35.669166","lng":"-105.957526"}},"1571393230050":{"type":"item","settings":{"content":"<h4>Cospora Store Option<\/h4><br> 2905 East Skyline Drive Tuscon,<br>AZ 85718, United States<br><strong>Toll-free: 415-555-5589<\/strong>","name":"","lat":"39.771343","lng":"-86.157371"}},"1571393245816":{"type":"item","settings":{"content":"<h4>Cospora Store Kill<\/h4><br> 2905 East Skyline Drive Tuscon,<br>AZ 85718, United States<br><strong>Toll-free: 415-555-5589<\/strong>","name":"","lat":"41.592065","lng":"-93.607217"}},"1571393267032":{"type":"item","settings":{"content":"<h4>Cospora Store Drive<\/h4><br> 2905 East Skyline Drive Tuscon,<br>AZ 85718, United States<br><strong>Toll-free: 415-555-5589<\/strong>","name":"","lat":"39.840348","lng":"-89.646603"}},"1571393278418":{"type":"item","settings":{"content":"<h4>Cospora Store Circle<\/h4><br> 5000 Arizona Mills Circle Tempe, <br>AZ 85282, United States<br><strong>oll-free: 415-555-5560<\/strong>","name":"","lat":"44.930000","lng":"-123.010000"}},"1571393614605":{"type":"item","settings":{"content":"<h4>Cospora Store Road<\/h4><br> 7014 East CameLback Road Scottsdale, <br>AZ 85251, United States<br><strong>Toll-free: 415-555-5580<\/strong>","name":"","lat":"46.984871","lng":"-122.921851"}},"1571393632442":{"type":"item","settings":{"content":"<h4>Cospora Store Bouejd<\/h4><br> 5870 East Broadway Boulevard Tucson, <br>AZ 85711, United States<br><strong>Toll-free: 415-555-4089<\/strong>","name":"","lat":"30.192737","lng":"-97.715470"}}},"block_order":["1571392473095","1571392510128","1571393104480","1571393134817","1571393158219","1571393177195","1571393195820","1571393230050","1571393245816","1571393267032","1571393278418","1571393614605","1571393632442"],"settings":{"display_find_a_store":true,"title_find":"Find Store Location Near You","des_find":"<p>We have 05 stores throughout \"Country\" and more in works.<br> Complete the search details below to find a Cospora store near you.<\/p>"}},"about-us-1-slideshow":{"type":"about-us-1-slideshow","blocks":{"1571394689759":{"type":"content","settings":{"title":"Cosmopolis de Milance","content":"Quisquemos sodales suscipit tortor ditaemcos condimentum de cosmo lacus meleifend menean diverra loremous. Nullam sit amet orci rutrum risus laoreet semper vel non magna. Mauris vel sem a lectus vehicula ultricies. Etiam semper sollicitudin lectus indous scelerisque. Curabitur vel tristique lacus. Nam risus mauris, accumsan et eleifend vitae, dignissim at eros. Vivamus pellentesque dui ex, a interdum orci dignissim vel.","dpl_qoute":true,"profile_picture":"shopify:\/\/shop_images\/avata-blog_200x200_baba6a20-2cf1-4bb9-b1db-d52e1ddbdd41.png","qoute_heading":"Managing Director","name":"Anne.l","qoute_content":"Quisquemos sodales suscipit tortor ditaemcos condimentum de cosmo lacus meleifend menean diverra loremous. Nullam sit amet orci rutrum risus laoreet semper vel non magna. Mauris vel sem a lectus vehicula ultricies...","button_text":"Meet The Team","button_link":""}},"1571394706108":{"type":"content","settings":{"title":"Excepteur sint occaecat","content":"Lorem ipsum dolor sit amet, consectetur adipiscing elit, sed do eiusmod tempor incididunt ut labore et dolore magna aliqua. Ut enim ad minim veniam, quis nostrud exercitation ullamco laboris nisi ut aliquip ex ea commodo consequat. Duis aute irure dolor in reprehenderit in voluptate velit esse cillum dolore eu fugiat nulla pariatur. Excepteur sint occaecat cupidatat non proident, sunt in culpa qui officia deserunt mollit anim id est laborum.","dpl_qoute":true,"profile_picture":"shopify:\/\/shop_images\/avata-blog_200x200_baba6a20-2cf1-4bb9-b1db-d52e1ddbdd41.png","qoute_heading":"Managing Director","name":"Anne.l","qoute_content":"Quisquemos sodales suscipit tortor ditaemcos condimentum de cosmo lacus meleifend menean diverra loremous. Nullam sit amet orci rutrum risus laoreet semper vel non magna. Mauris vel sem a lectus vehicula ultricies...","button_text":"Meet The Team","button_link":""}},"1571394734461":{"type":"content","settings":{"title":"Tortor id aliquet","content":"Vitae purus faucibus ornare suspendisse sed nisi. Tincidunt arcu non sodales neque sodales. Sociis natoque penatibus et magnis dis parturient montes. Mauris augue neque gravida in fermentum et sollicitudin ac. Habitant morbi tristique senectus et netus. Tortor id aliquet lectus proin nibh nisl condimentum. Faucibus turpis in eu mi bibendum neque egestas congue quisque. Sodales ut etiam sit amet. Viverra ipsum nunc aliquet bibendum enim facilisis gravida. Non odio euismod lacinia at quis risus sed. Nunc pulvinar sapien et ligula ullamcorper. Amet est placerat in egestas erat imperdiet sed euismod.","dpl_qoute":true,"profile_picture":"shopify:\/\/shop_images\/avata-blog_200x200_baba6a20-2cf1-4bb9-b1db-d52e1ddbdd41.png","qoute_heading":"Managing Director","name":"Anne.l","qoute_content":"Quisquemos sodales suscipit tortor ditaemcos condimentum de cosmo lacus meleifend menean diverra loremous. Nullam sit amet orci rutrum risus laoreet semper vel non magna. Mauris vel sem a lectus vehicula ultricies...","button_text":"Meet The Team","button_link":""}},"1571394753509":{"type":"content","settings":{"title":"Tempor nec feugiat","content":"Ultrices dui sapien eget mi proin sed. Ullamcorper velit sed ullamcorper morbi. Eget sit amet tellus cras adipiscing enim. Quis hendrerit dolor magna eget est. Neque egestas congue quisque egestas. Velit aliquet sagittis id consectetur purus ut faucibus. Egestas purus viverra accumsan in nisl nisi scelerisque. Lacus vestibulum sed arcu non. Sollicitudin nibh sit amet commodo. Odio euismod lacinia at quis risus sed vulputate. Sed pulvinar proin gravida hendrerit lectus.","dpl_qoute":true,"profile_picture":"shopify:\/\/shop_images\/avata-blog_200x200_baba6a20-2cf1-4bb9-b1db-d52e1ddbdd41.png","qoute_heading":"Managing Director","name":"Anne.l","qoute_content":"Quisquemos sodales suscipit tortor ditaemcos condimentum de cosmo lacus meleifend menean diverra loremous. Nullam sit amet orci rutrum risus laoreet semper vel non magna. Mauris vel sem a lectus vehicula ultricies...","button_text":"Meet The Team","button_link":""}}},"block_order":["1571394689759","1571394706108","1571394734461","1571394753509"],"settings":{"autoplay":true,"slideshow_speed":"5000","background_image":"shopify:\/\/shop_images\/about-compo.jpg","text_color":"#fff","title_size":"40","button_bg_color":"rgba(0,0,0,0)","button_text_color":"#fff","button_bd_color":"#fff","button_bg_color_h":"rgba(0,0,0,0)","button_text_color_h":"#fff","button_bd_color_h":"#fff"}},"about-us-1-content":{"type":"about-us-1-content","settings":{"left_heading":"About Store","left_content":"Quisquemos sodales suscipit tortor ditaemcos condimentum de cosmo lacus meleifend menean diverra loremous. Nullam sit amet orci rutrum risus laoreet semper vel non magna. Mauris vel sem a lectus vehicula ultricies. Etiam semper sollicitudin lectus indous scelerisque. Curabitur vel tristique lacus. Nam risus mauris, accumsan et eleifend vitae, dignissim at eros. Vivamus pellentesque duiex a interdum.","right_heading":"Contact Us","right_content":"Quisquemos sodales suscipit tortor ditaemcos condimentum de cosmo lacus meleifend menean diverra loremous. Nullam sit amet orci rutrum risus laoreet semper vel non magna. Mauris vel sem a lectus vehicula ultricies. Etiam semper sollicitudin lectus indous scelerisque. Curabitur vel tristique lacus. Nam risus mauris, accumsan et eleifend vitae, dignissim at eros. Vivamus pellentesque duiex a interdum."}},"product-recommendations":{"type":"product-recommendations","settings":{"display_related_products":true,"related_products_title":"Related Products | Verwandte Produkte","related_product_row":"4","number_of_related_products":8}}},"content_for_index":["slideshow","1568964348372","1568967495193","1569235050734","1569238463827","1569291788686","1569296911033","1569311228728","1569319272470"]},"presets":{"Default":{"color_text":"#3d4246","color_body_text":"#69727b","color_sale_text":"#557B97","color_borders":"#e8e9eb","color_button":"#557B97","color_button_text":"#fff","color_small_button_text_border":"#3d4246","color_text_field":"#fff","color_text_field_text":"#000","color_text_field_border":"#949494","color_image_overlay_text":"#fff","color_image_overlay":"#3d4246","image_overlay_opacity":40,"color_body_bg":"#fff","type_header_font":"work_sans_n6","type_header_base_size":26,"type_base_font":"work_sans_n4","type_base_size":16,"type_bold_product_titles":false,"share_facebook":true,"share_twitter":true,"share_pinterest":true,"sections":{"header":{"type":"header","settings":{}},"slideshow":{"type":"slideshow","blocks":{"slideshow-0":{"type":"image","settings":{}},"slideshow-1":{"type":"image","settings":{}}},"block_order":["slideshow-0","slideshow-1"],"settings":{}}},"content_for_index":["slideshow"]},"Light":{"color_text":"#162950","color_body_text":"#6d6d6d","color_sale_text":"#DA2F0C","color_borders":"#e4e4e4","color_button":"#DA2F0C","color_button_text":"#ffffff","color_small_button_text_border":"#162950","color_text_field":"#ffffff","color_text_field_text":"#162950","color_text_field_border":"#909090","color_image_overlay_text":"#ffffff","color_image_overlay":"#3d3d3d","image_overlay_opacity":40,"color_body_bg":"#f8f8f8","type_header_font":"muli_n6","type_header_base_size":26,"type_base_font":"muli_n4","type_base_size":18,"type_bold_product_titles":true,"share_facebook":true,"share_twitter":true,"share_pinterest":true,"social_twitter_link":"","social_facebook_link":"","social_pinterest_link":"","social_instagram_link":"","social_tumblr_link":"","social_snapchat_link":"","social_youtube_link":"","social_vimeo_link":"","favicon":"","checkout_header_image":"","checkout_logo_image":"","checkout_logo_position":"left","checkout_logo_size":"small","checkout_body_background_image":"","checkout_body_background_color":"#ffffff","checkout_input_background_color_mode":"white","checkout_sidebar_background_image":"","checkout_sidebar_background_color":"#e8f3f6","checkout_heading_font":"Roboto","checkout_body_font":"Source Sans Pro","checkout_accent_color":"#1990c6","checkout_button_color":"#23314e","checkout_error_color":"#ff6d6d","sections":{"header":{"type":"header","settings":{"logo":""}},"slideshow":{"type":"slideshow","blocks":{"slideshow-0":{"type":"image","settings":{"alignment":"center center"}},"1492095993817":{"type":"image","settings":{"alignment":"center"}}},"block_order":["slideshow-0","1492095993817"],"settings":{}},"blog-template":{"type":"blog-template","settings":{"blog_show_author":true,"blog_show_date":false}},"article-template":{"type":"article-template","settings":{"blog_show_author":true,"blog_show_date":true}},"cart-template":{"type":"cart-template","settings":{}}},"content_for_index":["slideshow"]}}}