[{"name":"theme_info","theme_name":"Cospora","theme_author":"Halothemes","theme_version":"3.0.0","theme_documentation_url":"https:\/\/help.shopify.com\/manual\/using-themes\/sections","theme_support_url":"https:\/\/support.shopify.com\/"},{"name":"Welcome","settings":[{"type":"paragraph","content":"Theme settings allow designers to provide an easy way for any user to customize the look and feel of their shop without having to delve into HTML or CSS code. Please see our [help page on theme settings](http:\/\/docs.shopify.com\/themes\/theme-templates\/settings) to learn more about how you can make your theme customizable."}]},{"name":"Sticky Add To Cart","settings":[{"type":"checkbox","id":"display_sticky","label":"Display?","default":true},{"type":"checkbox","id":"display_sticky_mb","label":"Display Mobile ?","default":true,"info":"===================="},{"type":"checkbox","id":"display_countdown_sticky","label":"Display Countdown?","default":true},{"type":"color","id":"bg_sticky","label":"Background Color","default":"#fff"},{"type":"color","id":"color_sticky","label":"Text Color","default":"#3c3c3c"},{"type":"color","id":"color_variants","label":"Variants Text Color","default":"#646464"}]},{"name":"Multi Languages","settings":[{"type":"checkbox","id":"enable_multilang_shopify","label":"Enable Multi Languages","default":true},{"type":"text","id":"lange_1","label":"Language 1","default":"en"},{"type":"image","id":"i-lang-1.png","label":"Language 1 Icon"},{"type":"text","id":"lange_2","label":"Language 2","default":"de"},{"type":"image","id":"i-lang-2.png","label":"Language 2 Icon"},{"type":"text","id":"lange_3","label":"Language 3"},{"type":"image","id":"i-lang-3.png","label":"Language 3 Icon"},{"type":"text","id":"lange_4","label":"Language 4"},{"type":"image","id":"i-lang-4.png","label":"Language 4 Icon"},{"type":"text","id":"lange_5","label":"Language 5"},{"type":"image","id":"i-lang-5.png","label":"Language 5 Icon"},{"type":"text","id":"lange_6","label":"Language 6"},{"type":"image","id":"i-lang-6.png","label":"Language 6 Icon"}]},{"name":"Social media","settings":[{"type":"header","content":"Social accounts"},{"type":"text","id":"social_facebook_link","label":"Facebook","info":"https:\/\/facebook.com\/shopify"},{"type":"text","id":"social_twitter_link","label":"Twitter","info":"https:\/\/twitter.com\/shopify"},{"type":"text","id":"social_vimeo_link","label":"Vimeo","info":"https:\/\/vimeo.com\/shopify"},{"type":"text","id":"social_instagram_link","label":"Instagram","info":"http:\/\/instagram.com\/shopify"},{"type":"text","id":"social_google_plus_link","label":"Google Plus","info":"https:\/\/plus.google.com\/+shopify"},{"type":"text","id":"social_pinterest_link","label":"Pinterest","info":"https:\/\/pinterest.com\/shopify"},{"type":"text","id":"social_tumblr_link","label":"Tumblr","info":"http:\/\/shopify.tumblr.com"},{"type":"text","id":"social_snapchat_link","label":"Snapchat","info":"https:\/\/www.snapchat.com\/add\/shopify"},{"type":"text","id":"social_youtube_link","label":"YouTube","info":"https:\/\/www.youtube.com\/shopify"},{"type":"text","id":"social_whats_app_link","label":"WhatsApp","info":"https:\/\/whatsapp.com\/shopify"}]},{"name":"Setting Header Mobile","settings":[{"type":"color","id":"bg_menu_mb","label":"Background Menu Mobile","default":"#fff","info":"======================="},{"type":"color","id":"color_menu_mb","label":"Color Menu Mobile","default":"#323232"},{"type":"color","id":"border_color_menu_mb","label":"Border Color Menu","default":"#e5e5e5"},{"type":"header","content":"Menu Mobile Level 1"},{"type":"color","id":"color_menu_mb_lv1","label":"Menu Color","default":"#323232"},{"type":"color","id":"color_menu_mb_lv1_hover","label":"Menu Color when hover","default":"#0688e2"},{"type":"color","id":"bg_color_menu_mb_lv1_hover","label":"Background Color Menu when hover","default":"#f8f8f8"},{"type":"header","content":"Menu Mobile Level 2"},{"type":"color","id":"color_menu_mb_lv2","label":"Menu Color","default":"#323232"},{"type":"color","id":"color_menu_mb_lv2_hover","label":"Menu Color when hover","default":"#323232"},{"type":"header","content":"Menu Mobile Level 3"},{"type":"color","id":"color_menu_mb_lv3","label":"Menu Color","default":"#646464"},{"type":"color","id":"color_menu_mb_lv3_hover","label":"Menu Color when hover","default":"#0688e2"}]},{"name":"General","settings":[{"type":"image_picker","id":"favicon","label":"Favicon","info":"16px x 16px .png"},{"type":"text","id":"body_font_size","label":"Body Font Size","default":"12","info":"Default Value: 12"},{"type":"header","content":"Share Open Graph"},{"type":"checkbox","id":"enable_opengraph","label":"Display Share Open Graph?","default":true},{"type":"image_picker","id":"image_opengraph","label":"Image Open Graph","info":"200px x 200px .png"},{"type":"header","content":"Color"},{"type":"color","id":"body_bg","label":"Body Background Color","default":"#fff","info":"Default Value: #fff"},{"type":"color","id":"body_color","label":"Body Color","default":"#2d2d2d","info":"Default Value: #2d2d2d"},{"type":"color","id":"link_color","label":"Link Color","default":"#0688e2","info":"Default Value: #0688e2"},{"type":"color","id":"link_color_hover","label":"Link Color When Hover","default":"#ff5621","info":"Default Value: #ff5621"},{"type":"header","content":"Breadcrumb"},{"type":"checkbox","id":"display_breadcrumb","label":"Display Breadcrumb?","default":true},{"type":"color","id":"breadcrumb_color","label":"Breadcrumb Color","default":"#999999","info":"Default Value: #999999"},{"type":"select","id":"breadcrumb_text_transform","label":"Breadcrumb Text Transform","options":[{"value":"uppercase","label":"Uppercase"},{"value":"capitalize","label":"Capitalize"},{"value":"lowercase","label":"Lowercase"}],"default":"capitalize","info":"Default Value: Capitalize"},{"type":"header","content":"Header and Title"},{"type":"text","id":"page_title_font_size","label":"Page Title Font Size","default":"24","info":"Default Value: 24"},{"type":"color","id":"page_title_color","label":"Page Title Color","default":"#141414","info":"Default Value: #141414"},{"type":"select","id":"page_title_text_align","label":"Page Title Text Align","options":[{"value":"center","label":"Center"},{"value":"left","label":"Left"},{"value":"right","label":"Right"}],"default":"left","info":"Default Value: Left"},{"type":"header","content":"Multiple Filter Choices"},{"type":"checkbox","id":"enable_sidebar_multiple_choice","label":"Enable","default":true,"info":"User can select multiple colors (size, brand...) or only one color (size, brand...)?"},{"type":"header","content":"Back To Top"},{"type":"checkbox","id":"enable_back_to_top","label":"Display Back To Top?","default":true},{"type":"header","content":"Collection Page"},{"type":"checkbox","id":"collection_infinite_scrolling","label":"Enable Infinite Scrolling (Show More Button)","default":true},{"type":"checkbox","id":"infinity_scroll_feature","label":"Enable Infinity Scroll Feature","default":true},{"type":"header","content":"Product"},{"type":"select","id":"product_name_text_transform","label":"Product Name Text Transform","options":[{"value":"none","label":"None"},{"value":"uppercase","label":"Uppercase"},{"value":"capitalize","label":"Capitalize"},{"value":"lowercase","label":"Lowercase"}],"default":"none","info":"Default Value: None"},{"type":"select","id":"product_name_text_align","label":"Product Name Text Align","options":[{"value":"center","label":"Center"},{"value":"left","label":"Left"},{"value":"right","label":"Right"}],"default":"left","info":"Default Value: Left"},{"type":"color","id":"color_title_product","label":"Color Product Title","default":"#000"},{"type":"color","id":"color_title_product_hover","label":"Color Product Title when hover","default":"#000"},{"type":"header","content":"Countdown"},{"type":"checkbox","id":"display_product_countdown","label":"Enable?","default":true},{"type":"radio","id":"option_countdown","label":"Style","options":[{"value":"all_product","label":"Use for all products"},{"value":"different_product","label":"Use for different product"}],"default":"all_product"},{"type":"text","id":"text_countdown","label":"Text Countdown","default":"Limited-Time Offers, End in:","info":"======================   Use for countdown of all products"},{"type":"text","id":"count_down_timer","label":"Deal Time","default":"2020-12-25 22:11:00"},{"type":"header","content":"Label Sale"},{"type":"radio","id":"type_label_sale","label":"Select Label Sale Type:","options":[{"value":"label_sale","label":"Normal Label"},{"value":"discount_sale","label":"% Sale"}],"default":"label_sale"},{"type":"color","id":"new_text","label":"New Text","default":"#fff"},{"type":"color","id":"bg_new","label":"Background New","default":"#000000"},{"type":"color","id":"sale_text","label":"Sale Text","default":"#fff"},{"type":"color","id":"bg_sale","label":"Background Sale","default":"#e7040f"},{"type":"color","id":"custom_label_text","label":"Custom Label Text","default":"#fff"},{"type":"color","id":"custom_label_bg","label":"Background Custom Label","default":"#000000"},{"type":"color","id":"bundle_label_text","label":"Bundle Label Text","default":"#fff"},{"type":"color","id":"bundle_label_bg","label":"Background Bundle Label","default":"#232323"},{"type":"color","id":"sold_out_text","label":"Sold out Text","default":"#fff"},{"type":"color","id":"bg_sold_out","label":"Background Sold out","default":"#c1c1c1"},{"type":"color","id":"color_price","label":"Color Price","default":"#000"},{"type":"color","id":"color_price_sale","label":"Color Price Sale","default":"#e7040f"},{"type":"color","id":"color_compare_price","label":"Color Compare Price","default":"#969696"},{"type":"color","id":"color_compare","label":"Color Compare","default":"#2d2d2d"},{"type":"color","id":"color_quick_view","label":"Color Quick View","default":"#000"},{"type":"color","id":"color_quick_view_hover","label":"Color Quick View Hover","default":"#fff"},{"type":"color","id":"bg_quick_view","label":"Background Quick View","default":"#fff"},{"type":"color","id":"bg_quick_view_hover","label":"Background Quick View Hover","default":"#000"},{"type":"color","id":"color_wishlist","label":"Color Wishlist Icon","default":"#232323"},{"type":"header","content":"Image"},{"type":"checkbox","id":"enable_hover_image","label":"Enable blur effect when hover over banners\/images","default":true},{"type":"header","content":"Close Icons","info":"Use for Quick View Popup, Add To Cart Popup"},{"type":"color","id":"close_color","label":"Color Close","default":"#fff"},{"type":"color","id":"close_bg","label":"Background Close","default":"#000"},{"type":"color","id":"close_color_hover","label":"Color Hover Close","default":"#fff"},{"type":"color","id":"close_bg_hover","label":"Background Hover Close","default":"#b20000"},{"type":"header","content":"Close Icons Mobile","info":"Use for Menu Popup, Customer Login Popup and Sidebar Popup"},{"type":"color","id":"close_mobile_bg","label":"Background Close Mobile","default":"#b20000"},{"type":"color","id":"close_mobile_color","label":"Color Close Mobile","default":"#ffffff"},{"type":"header","content":"Variant Swatch"},{"type":"checkbox","id":"use_color_swatch","label":"Use Variant Swatch?","default":true},{"type":"select","id":"color_swatch_style","label":"Color Swatch:","options":[{"value":"normal","label":"Color for Swatch"},{"value":"variant","label":"Variant images for Swatch"},{"value":"variant_grouped","label":"Variant Images Grouped"}],"default":"normal"},{"type":"text","id":"color_swatch_option","label":"Option To Use Swatch Style Product Variants","default":"Color;Size"},{"type":"header","content":"Terms And Conditions Checkbox"},{"type":"checkbox","id":"enable_checkbox","label":"Show Checkbox","default":true},{"type":"text","id":"checkbox_text","label":"Terms and conditions text","default":"I agree with the terms and conditions"}]},{"name":"Button","settings":[{"type":"header","content":"Button 1"},{"type":"color","id":"btn_1_bg_color","label":"Button 1 Background Color","default":"#000","info":"Default Value: #000"},{"type":"color","id":"btn_1_border_color","label":"Button 1 Border Color","default":"#000","info":"Default Value: #000"},{"type":"color","id":"btn_1_text_color","label":"Button 1 Text Color","default":"#fff","info":"Default Value: #fff"},{"type":"header","content":"Button 2"},{"type":"color","id":"btn_2_bg_color","label":"Button 2 Background Color","default":"#e7040f","info":"Default Value: #e7040f"},{"type":"color","id":"btn_2_border_color","label":"Button 2 Border Color","default":"#e7040f","info":"Default Value: #e7040f"},{"type":"color","id":"btn_2_text_color","label":"Button 2 Text Color","default":"#fff","info":"Default Value: #fff"},{"type":"header","content":"Button 3"},{"type":"color","id":"btn_3_bg_color","label":"Button 3 Background Color","default":"#fff","info":"Default Value: #fff"},{"type":"color","id":"btn_3_border_color","label":"Button 3 Border Color","default":"#000","info":"Default Value: #000"},{"type":"color","id":"btn_3_text_color","label":"Button 3 Text Color","default":"#000","info":"Default Value: #000"}]},{"name":"Newsletter Popup","settings":[{"type":"checkbox","id":"display_popup_newsletter","label":"Display Newsletter Popup?","default":true},{"type":"text","id":"popup_newsletter_expire","label":"Newsletter Popup shows again after (days)","default":"1"},{"type":"text","id":"popup_newsletter_delay","label":"Newsletter Popup Delay Time (seconds)","default":"5"},{"type":"image_picker","id":"newsletter_image","label":"Upload a new newsletter image"},{"type":"text","id":"popup_newsletter_title","label":"Newsletter Popup Title"},{"type":"textarea","id":"popup_newsletter_des","label":"Newsletter Popup Descriptions"},{"type":"text","id":"newssletter_success_text","label":"Successfully Subscribed Text","default":"You have successfully subscribed!"},{"type":"text","id":"newssletter_error_text","label":"Successfully Subscribed Text","default":"This email address is already registered!"},{"type":"header","content":"Social"},{"type":"checkbox","id":"display_popup_social","label":"Display Popup Newsletter?","default":true}]},{"name":"Wishlist","settings":[{"type":"checkbox","id":"enable_wishlist","label":"Enable wishlist","default":true}]},{"name":"Compare","settings":[{"type":"checkbox","id":"enable_compare_product","label":"Enable Compare","default":true},{"type":"checkbox","id":"enable_compare_rating","label":"Show Rating","default":true},{"type":"checkbox","id":"enable_compare_description","label":"Show Description","default":true},{"type":"checkbox","id":"enable_compare_collection","label":"Show Collection","default":true},{"type":"checkbox","id":"enable_compare_availability","label":"Show Availability","default":true},{"type":"checkbox","id":"enable_compare_product_type","label":"Show Product Type","default":true},{"type":"checkbox","id":"enable_compare_sku","label":"Show SKU","default":true},{"type":"checkbox","id":"enable_compare_size","label":"Show Size","default":true},{"type":"checkbox","id":"enable_compare_color","label":"Show Color","default":true},{"type":"checkbox","id":"enable_compare_option","label":"Show Otion","default":true}]},{"name":"Product Item","settings":[{"type":"checkbox","id":"image_swap","label":"Use Image Swap","default":true},{"type":"checkbox","id":"product_image_border","label":"Use border?"},{"type":"color","id":"product_image_border_color","label":"Border Color"},{"type":"checkbox","id":"product_image_resize","label":"Resize image?","info":"If your images don't have the same size, pleases turn on resize image to have better look."},{"type":"checkbox","id":"product_image_crop","label":"Crop image? (Resize Image First)","info":"All product images will have same height"},{"type":"text","id":"product_image_height","label":"Image Height (%)","default":"130","info":"Use for resize\/crop image"},{"type":"header","content":"Wishlist + Quickview"},{"type":"checkbox","id":"show_product_des_top_mb","label":"Show Mobile\/Tablet","default":true},{"type":"header","content":"Vendor"},{"type":"checkbox","id":"show_vendor","label":"Show product vendors","default":true},{"type":"color","id":"color_vendor","label":"Color Vendor","default":"#000"},{"type":"header","content":"Video"},{"type":"color","id":"bg_icon_video","label":"Background Icon Video","default":"#f04723"},{"type":"color","id":"color_icon_video","label":"Color Icon Video","default":"#ffffff"},{"type":"header","content":"Reviews"},{"type":"checkbox","id":"display_product_reviews","label":"Show Reviews","default":true},{"type":"color","id":"color_no_reviews","label":"Color No Reviews","default":"#e4e4e4"},{"type":"color","id":"color_has_reviews","label":"Color Has Reviews","default":"#ffc50a"},{"type":"header","content":"Size Variant"},{"type":"checkbox","id":"display_item_size","label":"Show Size Variant","default":true},{"type":"color","id":"bg_item_size","label":"Background Size Variant","default":"#ffffff"},{"type":"color","id":"color_item_size","label":"Color Size Variant","default":"#ffffff"},{"type":"color","id":"color_item_size_hover","label":"Hover Color Size Variant","default":"#fff"},{"type":"header","content":"Color Variant"},{"type":"checkbox","id":"display_item_swatch","label":"Show Color Swatch","default":true},{"type":"color","id":"border_item_swatch","label":"Border Color Swatch","default":"#e4e4e4"},{"type":"color","id":"border_active_item_swatch","label":"Border Color active Swatch ","default":"#ef6454"},{"type":"select","id":"item_color_swatch_style","label":"Color Swatch:","options":[{"value":"normal","label":"Color for Swatch"},{"value":"variant","label":"Variant images for Swatch"}],"default":"normal"},{"type":"checkbox","id":"display_button","label":"Show Select Option\/ Add to cart Button","default":true}]},{"name":"Products Quickview","settings":[{"type":"checkbox","id":"enable_quick_view","label":"Enable quickview","default":true},{"type":"checkbox","id":"video_product","label":"Enable Video Product","default":true},{"type":"checkbox","id":"qv_display_product_reviews","label":"Display Product Reviews?","default":true},{"type":"header","content":"The number of products has been sold"},{"type":"checkbox","id":"qv_show_sold_in","label":"Enabled","default":true},{"type":"textarea","id":"qv_item_prd","label":"The number of products","default":"3,5,6,7,8,10,12,15"},{"type":"text","id":"qv_item_prds","label":"Text Sold in","default":"sold in last"},{"type":"textarea","id":"qv_hours_prs","label":"Hours","default":"10,15,16,17,18,20,25,35"},{"type":"text","id":"qv_item_hours","label":"Text Hours","default":"hours"},{"type":"header","content":"Product Infor"},{"type":"checkbox","id":"display_quickview_vendor","label":"Display Product Vendor?","default":true},{"type":"text","id":"quickview_text_vendor","label":"Text Product Vendor","default":"Brand:"},{"type":"checkbox","id":"display_quickview_product_sku","label":"Display Product SKU?","default":true},{"type":"text","id":"text_quickview_product_sku","label":"Text Product SKU","default":"Product Code:"},{"type":"checkbox","id":"display_quickview_availability","label":"Display Availability?","default":true},{"type":"text","id":"quickview_text_availability","label":"Text Availability","default":"Availability"},{"type":"checkbox","id":"display_quickview_product_type","label":"Display Product Type?","default":true},{"type":"text","id":"quickview_text_product_type","label":"Text Product Type","default":"Product Type"},{"type":"checkbox","id":"display_quickview_short_desc","label":"Display Short Description?","default":true},{"type":"checkbox","id":"display_quickview_subtotal","label":"Display Subtotal?","default":true},{"type":"header","content":"Customers viewing"},{"type":"checkbox","id":"dpl_customers_view_qv","label":"Display Customers viewing","default":true},{"type":"text","id":"title_view_qv","label":"Title","default":"customers are viewing this product"},{"type":"textarea","id":"number_view_qv","label":"Number of customers viewing","default":"283, 100, 59, 11, 14, 185, 193, 165, 50, 38, 99, 112, 46, 10, 125, 200, 250, 18","info":"Please enter the number"},{"type":"checkbox","id":"display_product_detail_share","label":"Display Product Share?","default":true}]},{"name":"Size Chart","settings":[{"type":"checkbox","id":"display_size_chart","label":"Display Size Chart?","default":true},{"type":"text","id":"display_size_chart_at","label":"Show Size Chart At Option (Use for swatch)","default":"Size"},{"type":"text","id":"size_guide_text","label":"Size Guide Text","default":"Size Guide"},{"type":"text","id":"custom_size_chart_header","label":"Header","default":"Size Chart"},{"type":"select","id":"size_chart","label":"Using different size charts for products by following","options":[{"value":"none","label":"None"},{"value":"product_vendor","label":"Product Vendor"},{"value":"product_type","label":"Product Type"},{"value":"different","label":"Each of size chart for each of product"}],"default":"none","info":"Default Value: None"},{"type":"image_picker","id":"custom_size_chart","label":"Size Chart Image","info":"Select Image if you would like to show the same Size Chart for all products"}]},{"name":"Ask An Expert Product Page","settings":[{"type":"checkbox","id":"enable_ask_an_expert","label":"Enable","default":true},{"type":"textarea","id":"ask_an_expert","label":"Text","default":"Have question? Ask an Beauty Expert"},{"type":"text","id":"ask_an_expert_header","label":"Header","default":"Have Questions?"},{"type":"textarea","id":"ask_an_expert_title","label":"Title","default":"Ask the Expert anything on LuxWatches"},{"type":"textarea","id":"ask_an_expert_des","label":"Descriptions","default":"We will follow up with you via email within 24-36 hours"},{"type":"textarea","id":"ask_an_expert_questions","label":"Text","default":"Please answer the following questionnaire"},{"type":"header","content":"Do You Need"},{"type":"checkbox","id":"enable_ask_do_you_need","label":"Enable","default":true},{"type":"textarea","id":"ask_do_you_need","label":"Label","default":"Do You Need"},{"type":"textarea","id":"ask_do_you_need_1","label":"Infor 1","default":"Pricing"},{"type":"textarea","id":"ask_do_you_need_2","label":"Infor 2","default":"Answers"},{"type":"textarea","id":"ask_do_you_need_3","label":"Infor 3","default":"Both"},{"type":"header","content":"Message"},{"type":"textarea","id":"ask_form_mess","label":"Label","default":"What can i help you with today ?"},{"type":"header","content":"How would you like me to contact you?"},{"type":"checkbox","id":"enable_how_would_you_like_me_to_contact_you","label":"Enable","default":true},{"type":"textarea","id":"how_would_you_like_me_to_contact_you","label":"Label","default":"How would you like me to contact you?"},{"type":"textarea","id":"contact_with_you_1","label":"Infor 1","default":"Phone"},{"type":"textarea","id":"contact_with_you_2","label":"Infor 2","default":"Email"},{"type":"textarea","id":"contact_with_you_3","label":"Infor 3","default":"Both"}]},{"name":"Register and Login Page","settings":[{"type":"textarea","id":"login_text_desc","label":"Text Description - Login Page","default":"If you have an account with us, please log in."},{"type":"textarea","id":"register_text_desc","label":"Text Description - Register Page","default":"By creating an account you will be able to shop faster, be up to date on an order's status, and keep track of the orders you have previously made."}]},{"name":"Search","settings":[{"type":"header","content":"Search Page"},{"type":"text","id":"search_1","label":"Your search for (no results html)","default":"Your search for | Ihre Suche nach"},{"type":"text","id":"search_2","label":"did not yield any results (no results html)","default":"did not yield any results. | hat keine Ergebnisse hervorgebracht. "},{"type":"text","id":"search_3","label":"Your search for (results for html)","default":"Your search for | Ihre Suche nach"},{"type":"text","id":"search_4","label":"revealed the following (results for html)","default":"revealed the following: | hat folgende Ergebnisse hervorgebracht:"},{"type":"header","content":"Trending"},{"type":"checkbox","id":"enable_search_trending","label":"Enable","default":true},{"type":"text","id":"trending_search_title","label":"Title","default":"trending","info":"==================="},{"type":"text","id":"trending_search_item_1","label":"Search Item 1","default":"dempus"},{"type":"text","id":"trending_search_item_2","label":"Search Item 2","default":"sample"},{"type":"text","id":"trending_search_item_3","label":"Search Item 3","default":"magnis"},{"type":"text","id":"trending_search_item_4","label":"Search Item 4","default":"loremous saliduar"},{"type":"text","id":"trending_search_item_5","label":"Search Item 5","default":"naminos"},{"type":"text","id":"trending_search_item_6","label":"Search Item 6","default":"dinterdum","info":"==================="},{"type":"header","content":"Popular Products"},{"type":"checkbox","id":"enable_search_popular_products","label":"Enable","default":true},{"type":"text","id":"popular_products_search_title","label":"Title","default":"Popular Products","info":"==================="},{"type":"collection","id":"popular_products_collection","label":"Collection to use","info":"==================="},{"type":"range","id":"popular_products_limit","label":"Number of new products to show","min":2,"max":4,"step":1,"default":3}]},{"name":"Cart","settings":[{"type":"header","content":"Ajax Cart"},{"type":"select","id":"ajax_popup_cart","label":"Popup Ajax Cart","default":"normal","options":[{"value":"normal","label":"Normal"},{"value":"none","label":"None"}]},{"type":"textarea","id":"cart_popup_related_title","label":"Header Related Products Popup Cart Upsell","default":"You May Also Like"},{"type":"header","content":"Secure Shopping Guarantee."},{"type":"checkbox","id":"dpl_seal_logo_cart","label":"Display Secure Shopping Guarantee","default":false},{"type":"textarea","id":"secure_text","label":"Secure Shopping Guarantee Text","default":"Secure Shopping Guarantee."},{"type":"image_picker","id":"img_trust","label":"Image Trust"},{"type":"header","content":"Shipping rate calculator"},{"type":"checkbox","id":"show_shipping_calculator","label":"Display shipping rates calculator","default":true},{"type":"text","id":"shipping_calculator_heading","label":"Shipping Rates Calculator Heading","default":"Shipping rates calculator"},{"type":"select","id":"shipping_calculator_default_country","label":"Shipping Rates Calculator default country selection","options":[{"value":"","label":"-- Please Select --"},{"value":"Vietnam","label":"Vietnam"},{"value":"Canada","label":"Canada"},{"value":"Australia","label":"Australia"},{"value":"Afghanistan","label":"Afghanistan"},{"value":"Aland Islands","label":"Aland Islands"},{"value":"Albania","label":"Albania"},{"value":"Algeria","label":"Algeria"},{"value":"Andorra","label":"Andorra"},{"value":"Angola","label":"Angola"},{"value":"Anguilla","label":"Anguilla"},{"value":"Antigua And Barbuda","label":"Antigua And Barbuda"},{"value":"Argentina","label":"Argentina"},{"value":"Armenia","label":"Armenia"},{"value":"Aruba","label":"Aruba"},{"value":"Austria","label":"Austria"},{"value":"Azerbaijan","label":"Azerbaijan"},{"value":"Bahamas","label":"Bahamas"},{"value":"Bahrain","label":"Bahrain"},{"value":"Bangladesh","label":"Bangladesh"},{"value":"Barbados","label":"Barbados"},{"value":"Belarus","label":"Belarus"},{"value":"Belgium","label":"Belgium"},{"value":"Belize","label":"Belize"},{"value":"Benin","label":"Benin"},{"value":"Bermuda","label":"Bermuda"},{"value":"Bhutan","label":"Bhutan"},{"value":"Bolivia","label":"Bolivia"},{"value":"Bosnia And Herzegovina","label":"Bosnia And Herzegovina"},{"value":"Botswana","label":"Botswana"},{"value":"Bouvet Island","label":"Bouvet Island"},{"value":"Brazil","label":"Brazil"},{"value":"British Indian Ocean Territory","label":"British Indian Ocean Territory"},{"value":"Brunei","label":"Brunei"},{"value":"Bulgaria","label":"Bulgaria"},{"value":"Burkina Faso","label":"Burkina Faso"},{"value":"Burma","label":"Burma"},{"value":"Burundi","label":"Burundi"},{"value":"Cambodia","label":"Cambodia"},{"value":"Cape Verde","label":"Cape Verde"},{"value":"Cayman Islands","label":"Cayman Islands"},{"value":"Central African Republic","label":"Central African Republic"},{"value":"Chad","label":"Chad"},{"value":"Chile","label":"Chile"},{"value":"China","label":"China"},{"value":"Christmas Island","label":"Christmas Island"},{"value":"Cocos (Keeling) Islands","label":"Cocos (Keeling) Islands"},{"value":"Colombia","label":"Colombia"},{"value":"Comoros","label":"Comoros"},{"value":"Congo","label":"Congo"},{"value":"Congo, The Democratic Republic Of The","label":"Congo, The Democratic Republic Of The"},{"value":"Cook Islands","label":"Cook Islands"},{"value":"Costa Rica","label":"Costa Rica"},{"value":"Croatia","label":"Croatia"},{"value":"Cuba","label":"Cuba"},{"value":"Curaçao","label":"Curaçao"},{"value":"Cyprus","label":"Cyprus"},{"value":"Czech Republic","label":"Czech Republic"},{"value":"Côte d'Ivoire","label":"Côte d'Ivoire"},{"value":"Denmark","label":"Denmark"},{"value":"Djibouti","label":"Djibouti"},{"value":"Dominica","label":"Dominica"},{"value":"Dominican Republic","label":"Dominican Republic"},{"value":"Ecuador","label":"Ecuador"},{"value":"Egypt","label":"Egypt"},{"value":"El Salvador","label":"El Salvador"},{"value":"Equatorial Guinea","label":"Equatorial Guinea"},{"value":"Eritrea","label":"Eritrea"},{"value":"Estonia","label":"Estonia"},{"value":"Ethiopia","label":"Ethiopia"},{"value":"Falkland Islands (Malvinas)","label":"Falkland Islands (Malvinas)"},{"value":"Faroe Islands","label":"Faroe Islands"},{"value":"Fiji","label":"Fiji"},{"value":"Finland","label":"Finland"},{"value":"France","label":"France"},{"value":"French Guiana","label":"French Guiana"},{"value":"French Polynesia","label":"French Polynesia"},{"value":"French Southern Territories","label":"French Southern Territories"},{"value":"Gabon","label":"Gabon"},{"value":"Gambia","label":"Gambia"},{"value":"Georgia","label":"Georgia"},{"value":"Germany","label":"Germany"},{"value":"Ghana","label":"Ghana"},{"value":"Gibraltar","label":"Gibraltar"},{"value":"Greece","label":"Greece"},{"value":"Greenland","label":"Greenland"},{"value":"Grenada","label":"Grenada"},{"value":"Guadeloupe","label":"Guadeloupe"},{"value":"Guatemala","label":"Guatemala"},{"value":"Guernsey","label":"Guernsey"},{"value":"Guinea","label":"Guinea"},{"value":"Guinea Bissau","label":"Guinea Bissau"},{"value":"Guyana","label":"Guyana"},{"value":"Haiti","label":"Haiti"},{"value":"Heard Island And Mcdonald Islands","label":"Heard Island And Mcdonald Islands"},{"value":"Holy See (Vatican City State)","label":"Holy See (Vatican City State)"},{"value":"Honduras","label":"Honduras"},{"value":"Hong Kong","label":"Hong Kong"},{"value":"Hungary","label":"Hungary"},{"value":"Iceland","label":"Iceland"},{"value":"India","label":"India"},{"value":"Indonesia","label":"Indonesia"},{"value":"Iran, Islamic Republic Of","label":"Iran, Islamic Republic Of"},{"value":"Iraq","label":"Iraq"},{"value":"Ireland","label":"Ireland"},{"value":"Isle Of Man","label":"Isle Of Man"},{"value":"Israel","label":"Israel"},{"value":"Italy","label":"Italy"},{"value":"Jamaica","label":"Jamaica"},{"value":"Japan","label":"Japan"},{"value":"Jersey","label":"Jersey"},{"value":"Jordan","label":"Jordan"},{"value":"Kazakhstan","label":"Kazakhstan"},{"value":"Kenya","label":"Kenya"},{"value":"Kiribati","label":"Kiribati"},{"value":"Korea, Democratic People's Republic Of","label":"Korea, Democratic People's Republic Of"},{"value":"Kosovo","label":"Kosovo"},{"value":"Kuwait","label":"Kuwait"},{"value":"Kyrgyzstan","label":"Kyrgyzstan"},{"value":"Lao People's Democratic Republic","label":"Lao People's Democratic Republic"},{"value":"Latvia","label":"Latvia"},{"value":"Lebanon","label":"Lebanon"},{"value":"Lesotho","label":"Lesotho"},{"value":"Liberia","label":"Liberia"},{"value":"Libyan Arab Jamahiriya","label":"Libyan Arab Jamahiriya"},{"value":"Liechtenstein","label":"Liechtenstein"},{"value":"Lithuania","label":"Lithuania"},{"value":"Luxembourg","label":"Luxembourg"},{"value":"Macao","label":"Macao"},{"value":"Macedonia, Republic Of","label":"Macedonia, Republic Of"},{"value":"Madagascar","label":"Madagascar"},{"value":"Malawi","label":"Malawi"},{"value":"Malaysia","label":"Malaysia"},{"value":"Maldives","label":"Maldives"},{"value":"Mali","label":"Mali"},{"value":"Malta","label":"Malta"},{"value":"Martinique","label":"Martinique"},{"value":"Mauritania","label":"Mauritania"},{"value":"Mauritius","label":"Mauritius"},{"value":"Mayotte","label":"Mayotte"},{"value":"Mexico","label":"Mexico"},{"value":"Moldova, Republic of","label":"Moldova, Republic of"},{"value":"Monaco","label":"Monaco"},{"value":"Mongolia","label":"Mongolia"},{"value":"Montenegro","label":"Montenegro"},{"value":"Montserrat","label":"Montserrat"},{"value":"Morocco","label":"Morocco"},{"value":"Mozambique","label":"Mozambique"},{"value":"Namibia","label":"Namibia"},{"value":"Nauru","label":"Nauru"},{"value":"Nepal","label":"Nepal"},{"value":"Netherlands","label":"Netherlands"},{"value":"Netherlands Antilles","label":"Netherlands Antilles"},{"value":"New Caledonia","label":"New Caledonia"},{"value":"New Zealand","label":"New Zealand"},{"value":"Nicaragua","label":"Nicaragua"},{"value":"Niger","label":"Niger"},{"value":"Nigeria","label":"Nigeria"},{"value":"Niue","label":"Niue"},{"value":"Norfolk Island","label":"Norfolk Island"},{"value":"Norway","label":"Norway"},{"value":"Oman","label":"Oman"},{"value":"Pakistan","label":"Pakistan"},{"value":"Palestinian Territory, Occupied","label":"Palestinian Territory, Occupied"},{"value":"Panama","label":"Panama"},{"value":"Papua New Guinea","label":"Papua New Guinea"},{"value":"Paraguay","label":"Paraguay"},{"value":"Peru","label":"Peru"},{"value":"Philippines","label":"Philippines"},{"value":"Pitcairn","label":"Pitcairn"},{"value":"Poland","label":"Poland"},{"value":"Portugal","label":"Portugal"},{"value":"Qatar","label":"Qatar"},{"value":"Republic of Cameroon","label":"Republic of Cameroon"},{"value":"Reunion","label":"Reunion"},{"value":"Romania","label":"Romania"},{"value":"Russia","label":"Russia"},{"value":"Rwanda","label":"Rwanda"},{"value":"Saint Barthélemy","label":"Saint Barthélemy"},{"value":"Saint Helena","label":"Saint Helena"},{"value":"Saint Kitts And Nevis","label":"Saint Kitts And Nevis"},{"value":"Saint Lucia","label":"Saint Lucia"},{"value":"Saint Martin","label":"Saint Martin"},{"value":"Saint Pierre And Miquelon","label":"Saint Pierre And Miquelon"},{"value":"Samoa","label":"Samoa"},{"value":"San Marino","label":"San Marino"},{"value":"Sao Tome And Principe","label":"Sao Tome And Principe"},{"value":"Saudi Arabia","label":"Saudi Arabia"},{"value":"Senegal","label":"Senegal"},{"value":"Serbia","label":"Serbia"},{"value":"Seychelles","label":"Seychelles"},{"value":"Sierra Leone","label":"Sierra Leone"},{"value":"Singapore","label":"Singapore"},{"value":"Slovakia","label":"Slovakia"},{"value":"Slovenia","label":"Slovenia"},{"value":"Solomon Islands","label":"Solomon Islands"},{"value":"Somalia","label":"Somalia"},{"value":"South Africa","label":"South Africa"},{"value":"South Georgia And The South Sandwich Islands","label":"South Georgia And The South Sandwich Islands"},{"value":"South Korea","label":"South Korea"},{"value":"Spain","label":"Spain"},{"value":"Sri Lanka","label":"Sri Lanka"},{"value":"St. Vincent","label":"St. Vincent"},{"value":"Sudan","label":"Sudan"},{"value":"Suriname","label":"Suriname"},{"value":"Svalbard And Jan Mayen","label":"Svalbard And Jan Mayen"},{"value":"Swaziland","label":"Swaziland"},{"value":"Sweden","label":"Sweden"},{"value":"Switzerland","label":"Switzerland"},{"value":"Syria","label":"Syria"},{"value":"Taiwan","label":"Taiwan"},{"value":"Tajikistan","label":"Tajikistan"},{"value":"Tanzania, United Republic Of","label":"Tanzania, United Republic Of"},{"value":"Thailand","label":"Thailand"},{"value":"Timor Leste","label":"Timor Leste"},{"value":"Togo","label":"Togo"},{"value":"Tokelau","label":"Tokelau"},{"value":"Tonga","label":"Tonga"},{"value":"Trinidad and Tobago","label":"Trinidad and Tobago"},{"value":"Tunisia","label":"Tunisia"},{"value":"Turkey","label":"Turkey"},{"value":"Turkmenistan","label":"Turkmenistan"},{"value":"Turks and Caicos Islands","label":"Turks and Caicos Islands"},{"value":"Tuvalu","label":"Tuvalu"},{"value":"Uganda","label":"Uganda"},{"value":"Ukraine","label":"Ukraine"},{"value":"United Arab Emirates","label":"United Arab Emirates"},{"value":"United Kingdom","label":"United Kingdom"},{"value":"United States","label":"United States"},{"value":"United States Minor Outlying Islands","label":"United States Minor Outlying Islands"},{"value":"Uruguay","label":"Uruguay"},{"value":"Uzbekistan","label":"Uzbekistan"},{"value":"Vanuatu","label":"Vanuatu"},{"value":"Venezuela","label":"Venezuela"},{"value":"Virgin Islands, British","label":"Virgin Islands, British"},{"value":"Wallis And Futuna","label":"Wallis And Futuna"},{"value":"Western Sahara","label":"Western Sahara"},{"value":"Yemen","label":"Yemen"},{"value":"Zambia","label":"Zambia"},{"value":"Zimbabwe","label":"Zimbabwe"}],"default":"Canada"},{"type":"paragraph","content":"If your customer is logged-in, the country in his default shipping address will be selected. If you are not sure about the spelling to use above, refer to your first checkout page."},{"type":"header","content":"Dropdown Cart"},{"type":"select","id":"redirect_button","label":"Redirect Continue Shopping button","default":"link_to","options":[{"value":"link_to","label":"Input link for button"},{"value":"go_back","label":"Go back to previous page"},{"value":"none","label":"Stay on the same page"}]},{"type":"text","id":"link_to_redirect","label":"Link","default":"\/collection\/all","info":"Use for Option: Input link for button"}]},{"name":"Money options","settings":[{"type":"checkbox","id":"enable_shopify_payments_currencies","label":"Enalble Shopify Payments?","info":"* Only avaiable for store has Shopify Payments . Link  [here](https:\/\/help.shopify.com\/en\/manual\/payments\/shopify-payments\/multi-currency\/setup)       Don't choose both of 3 options   Don't choose Shopify payment with other options"},{"type":"checkbox","id":"enable_multiple_currencies","label":"Enable Multiple Currencies"},{"type":"checkbox","id":"enable_auto_currency","label":"Enable Automatic currency?"},{"type":"text","id":"currency_1_unit","label":"Currency 1 unit Text","default":"USD"},{"type":"image","id":"i-currency-1.png","label":"Currency 1 unit Icon"},{"type":"text","id":"currency_2_unit","label":"Currency 2 unit Text","default":"EUR"},{"type":"image","id":"i-currency-2.png","label":"Currency 2 unit Icon"},{"type":"text","id":"currency_3_unit","label":"Currency 3 unit Text","default":"GBP"},{"type":"image","id":"i-currency-3.png","label":"Currency 3 unit Icon"},{"type":"text","id":"currency_4_unit","label":"Currency 4 unit Text","default":"CHF"},{"type":"image","id":"i-currency-4.png","label":"Currency 4 unit Icon"},{"type":"text","id":"currency_5_unit","label":"Currency 5 unit Text","default":"AUD"},{"type":"image","id":"i-currency-5.png","label":"Currency 5 unit Icon"},{"type":"text","id":"currency_6_unit","label":"Currency 6 unit Text","default":"CAD"},{"type":"image","id":"i-currency-6.png","label":"Currency 6 unit Icon"},{"type":"text","id":"currency_7_unit","label":"Currency 7 unit Text","default":"NZD"},{"type":"image","id":"i-currency-7.png","label":"Currency 7 unit Icon"},{"type":"text","id":"currency_8_unit","label":"Currency 8 unit Text","default":"DKK"},{"type":"image","id":"i-currency-8.png","label":"Currency 8 unit Icon"},{"type":"text","id":"currency_9_unit","label":"Currency 9 unit Text","default":"JPY"},{"type":"image","id":"i-currency-9.png","label":"Currency 9 unit Icon"},{"type":"text","id":"currency_10_unit","label":"Currency 10 unit Text","default":"SGD"},{"type":"image","id":"i-currency-10.png","label":"Currency 10 unit Icon"},{"type":"paragraph","content":"Separate your currency codes with a space. Use the ISO 4217 3-letter currency code. Click [here](http:\/\/www.xe.com\/iso4217.php) for a complete list of currency codes. Example: CAD USD."},{"type":"paragraph","content":"* For this functionality to work in your shop, you are required to edit your money formats as per [these instructions](http:\/\/help.shopify.com\/en\/themes\/customization\/currencies) (“Do tell where the money is”)."}]},{"name":"Fonts","settings":[{"type":"header","content":"Heading And Buttons"},{"type":"font_picker","id":"header_font_new","label":"Font","default":"oswald_n4","info":"(this option uses for Shopify font)"},{"type":"header","content":"Body Text"},{"type":"font_picker","id":"base_font_new","label":"Font","default":"arimo_n4","info":"(this option uses for Shopify font)"}]}]