[{"name":"Welcome","settings":[{"type":"paragraph","content":"Theme settings allow designers to provide an easy way for any user to customize the look and feel of their shop without having to delve into HTML or CSS code. Please see our [help page on theme settings](http:\/\/docs.shopify.com\/themes\/theme-templates\/settings) to learn more about how you can make your theme customizable."}]},{"name":"Multi Languages","settings":[{"type":"checkbox","id":"enable_multilang_shopify","label":"Enable","default":true},{"type":"text","id":"lange_1","label":"Language 1","default":"German"},{"type":"image","id":"i-lang-1.png","label":"Language 1 Icon","max-width":16,"max-height":11,"info":"16px x 11px .png"},{"type":"text","id":"lange_2","label":"Language 2","default":"English"},{"type":"image","id":"i-lang-2.png","label":"Language 2 Icon","max-width":16,"max-height":11,"info":"16px x 11px .png"},{"type":"text","id":"lange_3","label":"Language 3"},{"type":"image","id":"i-lang-3.png","label":"Language 3 Icon","max-width":16,"max-height":11,"info":"16px x 11px .png"},{"type":"text","id":"lange_4","label":"Language 4"},{"type":"image","id":"i-lang-4.png","label":"Language 4 Icon","max-width":16,"max-height":11,"info":"16px x 11px .png"},{"type":"text","id":"lange_5","label":"Language 5"},{"type":"image","id":"i-lang-5.png","label":"Language 5 Icon","max-width":16,"max-height":11,"info":"16px x 11px .png"},{"type":"text","id":"lange_6","label":"Language 6"},{"type":"image","id":"i-lang-6.png","label":"Language 6 Icon","max-width":16,"max-height":11,"info":"16px x 11px .png"}]},{"name":"Font","settings":[{"type":"header","content":"Import Google Fonts","info":"[Where do I find Google Fonts?](http:\/\/www.google.com\/fonts)"},{"type":"textarea","id":"google_font_name","label":"Google Fonts Name","info":"Use \",\" to separate fonts name if you have multiple fonts. For ex: Montserrat, Roboto, Roboto Condensed"},{"type":"text","id":"body_font_size","label":"Body Font Size","default":"12","info":"Default Value: 12"},{"type":"header","content":"Font options"},{"type":"text","id":"general_font","label":"General Font","info":"Used for Body Text"},{"type":"text","id":"h1_font","label":"Font Name #1","info":"Used for Level Top Menu,  Page Title, Block Title, Button Text"},{"type":"text","id":"h2_font","label":"Font Name #2","info":"Used for Instagam Button, Top Menu Button, Phone Number"}]},{"name":"Color","settings":[{"type":"header","content":"Body Background"},{"type":"color","id":"body_bg_color","label":"Body Background color","default":"#fff"},{"type":"color","id":"body_bg_2_color","label":"Body Background 2 color","default":"#f7f7f7","info":"Default Value: #f7f7f7 (use for Recently View Product at Home Page, Product detail tab, toolbar)"},{"type":"header","content":"Body Text Color"},{"type":"color","id":"body_text_color","label":"Body Text Color","default":"#000","info":"Default Value: #000 (use for Body text)"},{"type":"color","id":"body_text_2_color","label":"Body Text 2 Color","default":"#000","info":"Default Value: #000 (use for Ajax product title, Quickview Title,Product Name, Total price ...)"},{"type":"color","id":"body_text_3_color","label":"Body Text 3 Color","default":"#3c3c3c","info":"Default Value: #3c3c3c (use for use for Newsletter )"},{"type":"color","id":"body_text_4_color","label":"Body Text 4 Color","default":"#f6740a","info":"Default Value: #f6740a (use for Sidebar Title, Page Title, Collection Title, Hover Categories )"},{"type":"header","content":"Body Line"},{"type":"select","id":"body_line_style","label":"Body Line Style","options":[{"value":"solid","label":"Solid"},{"value":"dashed","label":"Dashed"},{"value":"dotted","label":"Dotted"}],"default":"solid","info":"Default Value: Solid"},{"type":"color","id":"body_line_color","label":"Body Line Color","default":"#dedede","info":"Default Value: #dedede"}]},{"name":"General","settings":[{"type":"image_picker","id":"favicon","label":"Favicon","info":"16px x 16px .png"},{"type":"header","content":"Breadcrumb"},{"type":"checkbox","id":"display_breadcrumb","label":"Display Breadcrumb?","default":true},{"type":"color","id":"breadcrumb_color","label":"Breadcrumb Color","default":"#969696","info":"Default Value: #969696"},{"type":"select","id":"breadcrumb_text_transform","label":"Breadcrumb Text Transform","options":[{"value":"uppercase","label":"Uppercase"},{"value":"capitalize","label":"Capitalize"},{"value":"lowercase","label":"Lowercase"},{"value":"full-width","label":"Full-width"}],"default":"lowercase","info":"Default Value: Lowercase"},{"type":"header","content":"Product Name"},{"type":"select","id":"product_name_text_transform","label":"Product Name Text Transform","options":[{"value":"none","label":"None"},{"value":"uppercase","label":"Uppercase"},{"value":"capitalize","label":"Capitalize"},{"value":"lowercase","label":"Lowercase"},{"value":"full-width","label":"Full-width"}],"default":"none","info":"Default Value: Lowercase"},{"type":"header","content":"Color Swatch"},{"type":"checkbox","id":"use_color_swatch","label":"Use Color Swatch?","default":true},{"type":"checkbox","id":"enable_checkbox","label":"Show Checkbox","default":true},{"type":"text","id":"checkbox_text","label":"Terms and conditions text","default":"I agree with the terms and conditions"}]},{"name":"Button","settings":[{"type":"header","content":"1st Button","info":"use for other Button ...."},{"type":"color","id":"first_button_bg_color","label":"Button Background Color","default":"#fff","info":"Default Value: #fff"},{"type":"color","id":"first_button_border_color","label":"Button Border Color","default":"#000","info":"Default Value: #000"},{"type":"color","id":"first_button_text_color","label":"Button Text Color","default":"#000","info":"Default Value: #000"},{"type":"header","content":"1st Button Hover","info":"use for other Button ....When hover"},{"type":"color","id":"first_button_hover_bg_color","label":"Button Background Color","default":"#fff","info":"Default Value: #fff"},{"type":"color","id":"first_button_hover_border_color","label":"Button Border Color","default":"#000","info":"Default Value: #000"},{"type":"color","id":"first_button_hover_text_color","label":"Button Text Color","default":"#000","info":"Default Value: #000"},{"type":"header","content":"2nd Button","info":"use for pagination button, buttons in Ajax Cart & Cart page...."},{"type":"color","id":"first_button_bg_color_2","label":"Button Background Color","default":"#000","info":"Default Value: #000"},{"type":"color","id":"first_button_border_color_2","label":"Button Border Color","default":"#000","info":"Default Value: #000"},{"type":"color","id":"first_button_text_color_2","label":"Button Text Color","default":"#fff","info":"Default Value: #fff"},{"type":"header","content":"2nd Button Hover","info":"use for pagination button, buttons in Ajax Cart & Cart page..... When hover"},{"type":"color","id":"first_button_hover_bg_color_2","label":"Button Background Color","default":"#fff","info":"Default Value: #fff"},{"type":"color","id":"first_button_hover_border_color_2","label":"Button Border Color","default":"#000","info":"Default Value: #000"},{"type":"color","id":"first_button_hover_text_color_2","label":"Button Text Color","default":"#000","info":"Default Value: #000"},{"type":"header","content":"3rd Button","info":"use for load more product..."},{"type":"color","id":"first_button_bg_color_3","label":"Button Background Color","default":"#fff","info":"Default Value: #fff"},{"type":"color","id":"first_button_border_color_3","label":"Button Border Color","default":"#000","info":"Default Value: #000"},{"type":"color","id":"first_button_text_color_3","label":"Button Text Color","default":"#000","info":"Default Value: #000"},{"type":"header","content":"3rd Button Hover","info":"use for load more product..."},{"type":"color","id":"first_button_hover_bg_color_3","label":"Button Background Color","default":"#fff","info":"Default Value: #fff"},{"type":"color","id":"first_button_hover_border_color_3","label":"Button Border Color","default":"#000","info":"Default Value: #000"},{"type":"color","id":"first_button_hover_text_color_3","label":"Button Text Color","default":"#000","info":"Default Value: #000"},{"type":"header","content":"Icon color","info":"Icon Add To Cart and Quick View"},{"type":"color","id":"bg_icon","label":"Icon Background Color","default":"#9A9CA0","info":"Default Value: #9A9CA0"},{"type":"color","id":"text_icon","label":"Icon Color","default":"#fff","info":"Default Value: #fff"},{"type":"header","content":"Icon color Hover","info":"Icon Add To Cart and Quick View"},{"type":"color","id":"bg_icon_hover","label":"Icon Background Color Hover","default":"#f6740a","info":"Default Value: #f6740a"},{"type":"color","id":"text_icon_hover","label":"Icon Color Hover","default":"#fff","info":"Default Value: #fff"}]},{"name":"Social","settings":[{"type":"header","content":"Open Graph Share"},{"type":"checkbox","id":"enable_opengraph","label":"Enable Open Graph?","default":true},{"type":"image_picker","id":"image_share","label":"Image Share Homepage","info":"Minimum size: 200x200"},{"type":"checkbox","id":"display_social","label":"Show social media links?"},{"type":"text","id":"social_home_headding","label":"Social Heading Text","default":"Stay Connected"},{"type":"text","id":"social_home_title_1","label":"Social Title 1"},{"type":"text","id":"social_home_link_1","label":"Social link 1"},{"type":"color","id":"color_bg_hover_1","label":"Background hover","info":"Only for social popup newsletter"},{"type":"text","id":"social_home_title_2","label":"Social Title 2"},{"type":"text","id":"social_home_link_2","label":"Social link 2"},{"type":"color","id":"color_bg_hover_2","label":"Background hover","info":"Only for social popup newsletter"},{"type":"text","id":"social_home_title_3","label":"Social Title 3"},{"type":"text","id":"social_home_link_3","label":"Social link 3"},{"type":"color","id":"color_bg_hover_3","label":"Background hover","info":"Only for social popup newsletter"},{"type":"text","id":"social_home_title_4","label":"Social Title 4"},{"type":"text","id":"social_home_link_4","label":"Social link 4"},{"type":"color","id":"color_bg_hover_4","label":"Background hover","info":"Only for social popup newsletter"},{"type":"text","id":"social_home_title_5","label":"Social Title 5"},{"type":"text","id":"social_home_link_5","label":"Social link 5"},{"type":"color","id":"color_bg_hover_5","label":"Background hover","info":"Only for social popup newsletter"},{"type":"text","id":"social_home_title_6","label":"Social Title 6"},{"type":"text","id":"social_home_link_6","label":"Social link 6"},{"type":"color","id":"color_bg_hover_6","label":"Background hover","info":"Only for social popup newsletter"},{"type":"text","id":"social_home_title_7","label":"Social Title 7"},{"type":"text","id":"social_home_link_7","label":"Social link 7"},{"type":"color","id":"color_bg_hover_7","label":"Background hover","info":"Only for social popup newsletter"},{"type":"text","id":"social_home_title_8","label":"Social Title 8"},{"type":"text","id":"footer_social_link_8","label":"Social link 8"},{"type":"color","id":"color_bg_hover_8","label":"Background hover","info":"Only for social popup newsletter"},{"type":"text","id":"social_home_title_9","label":"Social Title 9"},{"type":"text","id":"social_home_link_9","label":"Social link 9"},{"type":"color","id":"color_bg_hover_9","label":"Background hover","info":"Only for social popup newsletter"},{"type":"text","id":"social_home_title_10","label":"Social Title 10"},{"type":"text","id":"social_home_link_10","label":"Social link 10"},{"type":"color","id":"color_bg_hover_10","label":"Background hover","info":"Only for social popup newsletter"}]},{"name":"Popup Newsletter","settings":[{"type":"checkbox","id":"display_popup_newsletter","label":"Display Popup Newsletter?","default":true},{"type":"image_picker","id":"bg_popup_wrapper","label":"Upload a new newsletter background image","info":"927 x 440 wide recommended"},{"type":"select","id":"when_to_show","label":"When To Show","options":[{"value":"first_time","label":"With 'No, thanks' Option"},{"value":"all_the_time","label":"Without 'No, thanks' Option"}],"default":"first_time","info":"Default Value: With 'No, thanks' Option"},{"type":"text","id":"popup_newsletter_expire","label":"Newsletter Popup shows again after (days)","default":"1"},{"type":"color","id":"bg_color","label":"Background Color","info":"when without background image"},{"type":"image_picker","id":"img_newsletter","label":"Upload a new newsletter image"},{"type":"text","id":"popup_newsletter_title","label":"Popup Newsletter Title"},{"type":"text","id":"popup_newsletter_sub_title","label":"Popup Newsletter Sub Title"},{"type":"text","id":"popup_newsletter_message","label":"Popup Newsletter Message"},{"type":"checkbox","id":"display_popup_newsletter_text_note","label":"Display Popup Newsletter Text Note?","default":true},{"type":"text","id":"popup_newsletter_text_note","label":"Popup Newsletter Text Note"},{"type":"text","id":"newssletter_success_text","label":"Successfully Subscribed Text","default":"You have successfully subscribed!"},{"type":"text","id":"newssletter_error_text","label":"Error Subscribed Text","default":"This email has been registered"}]},{"name":"Sidebar","settings":[{"type":"checkbox","id":"display_sidebar_cat_page","label":"Enable Sidebar at Category Page","default":true},{"type":"checkbox","id":"display_sidebar_detail_page","label":"Enable Sidebar at Detail Page","default":true},{"type":"checkbox","id":"display_sidebar_search_page","label":"Enable Sidebar at Search Page","default":false},{"type":"checkbox","id":"display_sidebar_blog_page","label":"Enable Sidebar at Blog Page","default":true},{"type":"radio","id":"show_sidebar","label":"Show sidebar on the","options":[{"value":"left","label":"Left"},{"value":"right","label":"Right"}],"default":"right"},{"type":"header","content":"Categories"},{"type":"checkbox","id":"display_sidebar_categories","label":"Enable at Category Page","default":true},{"type":"checkbox","id":"display_sidebar_categories_detail","label":"Enable at Detail Page","default":true},{"type":"text","id":"sidebar_categories_title","label":"Categories Block Title","default":"Categories"},{"type":"radio","id":"style_categories","label":"Show all \/ Only a few categories","options":[{"value":"style_show_all","label":"Show all"},{"value":"style_little","label":"Only a few categories"}]},{"type":"textarea","id":"categories_items","label":"List of categories","info":"Use \",\" to separate categories items if you have multiple categories. For ex: Shop, Collections"},{"type":"header","content":"Featured Products Sidebar"},{"type":"checkbox","id":"show_featured_product","label":"Enable at Category Page","default":true},{"type":"checkbox","id":"show_featured_product_detail","label":"Enable at Detail Page","default":true},{"type":"collection","id":"featured_product_list_collection","label":"Collection to use"},{"type":"text","id":"featured_product_title","label":"Title","default":"Featured Products"},{"type":"text","id":"featured_product_limit_all","label":"Number of products to show","default":"8"},{"type":"header","content":"Block Banner Sidebar"},{"type":"checkbox","id":"display_banner_sidebar","label":"Enable at Category Page","default":true},{"type":"checkbox","id":"display_banner_sidebar_detail","label":"Enable at Detail Page","default":true},{"type":"checkbox","id":"display_banner_sidebar_blog","label":"Enable at Blog Page","default":true},{"type":"image_picker","id":"banner-sidebar","label":"Banner Image Sidebar"},{"type":"text","id":"banner_sidebar_link","label":"Banner Image Link"},{"type":"image_picker","id":"banner-sidebar-1","label":"Banner Image Sidebar 1"},{"type":"text","id":"banner_sidebar_link_1","label":"Banner Image Link 1"},{"type":"header","content":"Custom CMS Block Sidebar"},{"type":"checkbox","id":"display_sidebar_custom","label":"Enable at Category Page","default":true},{"type":"checkbox","id":"display_sidebar_custom_detail","label":"Enable at Detail Page","default":true},{"type":"checkbox","id":"display_sidebar_custom_blog","label":"Enable at Blog Page","default":true},{"type":"text","id":"custom_cms_title","label":"Custom CMS Block Title","default":"Custom CMS Block"},{"type":"textarea","id":"custom_cms_text","label":"Custom CMS Block Description"}]},{"name":"Wishlist","settings":[{"type":"checkbox","id":"enable_wishlist","label":"Enable wishlist","default":true}]},{"name":"Product Image","settings":[{"type":"checkbox","id":"image_swap","label":"Use Image Swap","default":true},{"type":"checkbox","id":"product_image_resize","label":"Resize image?","info":"If your images don't have the same size, pleases turn on resize image to have better look."},{"type":"checkbox","id":"product_image_crop","label":"Crop image?"},{"type":"text","id":"product_image_ratio_width","label":"Average ratio of product image (Width:Height)","default":"1"},{"type":"text","id":"product_image_ratio_height","label":":","default":"1.35"},{"type":"paragraph","content":"i.e: 1:2, 1:1.5 or 3:4"},{"type":"checkbox","id":"show_vendor","label":"Show product vendors","default":true},{"type":"checkbox","id":"display_product_reviews","label":"Show Reviews","default":true},{"type":"checkbox","id":"new_label","label":"Show Label Icon","default":true},{"type":"checkbox","id":"display_item_swatch","label":"Show Color Variant","default":true},{"type":"checkbox","id":"collection_infinite_scrolling","label":"Enable Infinite Scrolling (Show More Button)","default":true},{"type":"text","id":"collection_countdown","label":"Text Countdown"}]},{"name":"List Collection pages","settings":[{"type":"select","id":"list_collection_results_per_row","label":"Products per row","default":"3","options":[{"value":"2","label":"2"},{"value":"3","label":"3"},{"value":"4","label":"4"},{"value":"5","label":"5"}]},{"type":"radio","id":"style_collections","label":"Show all \/ Only a few collections","options":[{"value":"style_show_all","label":"Show all"},{"value":"style_little","label":"Only a few collections"}]},{"type":"textarea","id":"collections_items","label":"List of collections","info":"Use \",\" to separate collections items if you have multiple collections. For ex: Shop, Collections"}]},{"name":"Recently Viewed Products","settings":[{"type":"checkbox","id":"display_recently_viewed_products","label":"Display Recently Viewed Products?","default":true},{"type":"text","id":"recently_viewed_products_title","label":"Title of recently viewed products","default":"Recently Viewed Products"},{"type":"text","id":"number_of_recently_viewed_products","label":"Number of recently viewed products","default":"8"},{"type":"select","id":"recently_viewed_products_per_row","label":"Products per row","options":[{"value":"3","label":"3"},{"value":"4","label":"4"},{"value":"5","label":"5"},{"value":"6","label":"6"}],"default":"5"}]},{"name":"Related Products","settings":[{"type":"checkbox","id":"display_related_products","label":"Display Related Products?","default":true},{"type":"text","id":"related_products_title","label":"Title of related products block","default":"Related Products"},{"type":"text","id":"number_of_related_products","label":"Number of related products","default":"8"},{"type":"select","id":"related_products_per_row","label":"Products per row","options":[{"value":"3","label":"3"},{"value":"4","label":"4"},{"value":"5","label":"5"},{"value":"6","label":"6"}],"default":"3"}]},{"name":"Products Quickview","settings":[{"type":"checkbox","id":"enable_quick_view","label":"Enable quickview","default":true},{"type":"checkbox","id":"display_quickview_text_sku","label":"Display SKU?","default":true},{"type":"text","id":"text_sku","label":"Text SKU","default":"SKU"},{"type":"checkbox","id":"display_quickview_availability","label":"Display Availability?","default":true},{"type":"text","id":"quickview_text_availability","label":"Text Availability","default":"Availability"},{"type":"checkbox","id":"display_quickview_product_type","label":"Display Product Type?","default":true},{"type":"text","id":"quickview_text_product_type","label":"Text Product Type","default":"Product Type"},{"type":"checkbox","id":"display_quickview_vendor","label":"Display Vendor?","default":true},{"type":"checkbox","id":"display_quickview_subtotal","label":"Display Subtotal?","default":true},{"type":"checkbox","id":"display_quickview_short_desc","label":"Display Short Description?","default":true},{"type":"text","id":"quickview_text_countdown","label":"Text Countdown","default":"Limited-Time Offers, End in:"}]},{"name":"Register Page","settings":[{"type":"text","id":"register_text_desc","label":"Text Description","default":"Sign up for a free account at Ella Boutique."}]},{"name":"Money options","settings":[{"type":"checkbox","id":"enable_shopify_payments_currencies","label":"Enable Shopify Payments","info":"* Only avaiable for store has Shopify Payments. Link [here](https:\/\/help.shopify.com\/en\/manual\/payments\/shopify-payments\/multi-currency\/setup). Don't choose both of 3 options. Don't choose Shopify payment with other options.","default":false},{"type":"checkbox","id":"enable_multiple_currencies","label":"Enable Multiple Currencies"},{"type":"checkbox","id":"enable_auto_currency","label":"Enable Automatic Currency"},{"type":"text","id":"currency_1_unit","label":"Currency 1 unit Text","default":"AUD"},{"type":"text","id":"currency_2_unit","label":"Currency 2 unit Text","default":"EUR"},{"type":"text","id":"currency_3_unit","label":"Currency 3 unit Text","default":"GBP"},{"type":"text","id":"currency_4_unit","label":"Currency 4 unit Text","default":"USD"},{"type":"text","id":"currency_5_unit","label":"Currency 5 unit Text"},{"type":"text","id":"currency_6_unit","label":"Currency 6 unit Text"},{"type":"text","id":"currency_7_unit","label":"Currency 7 unit Text"},{"type":"text","id":"currency_8_unit","label":"Currency 8 unit Text"},{"type":"text","id":"currency_9_unit","label":"Currency 9 unit Text"},{"type":"text","id":"currency_10_unit","label":"Currency 10 unit Text"},{"type":"paragraph","content":"Separate your currency codes with a space. Use the ISO 4217 3-letter currency code. Click [here](http:\/\/www.xe.com\/iso4217.php) for a complete list of currency codes. Example: CAD USD."},{"type":"paragraph","content":"* For this functionality to work in your shop, you are required to edit your money formats as per [these instructions](http:\/\/wiki.shopify.com\/How_to_Show_Multiple_Currencies#Do_tell_where_the_money_is) (“Do tell where the money is”)."}]},{"name":"Lazy Loading Effect","settings":[{"type":"checkbox","id":"enable_lazy_loading_pc","label":"Enable Lazy Loading Effect on PC?","default":true},{"type":"checkbox","id":"enable_lazy_loading_mobile","label":"Enable Lazy Loading Effect on Mobile Devices?"},{"type":"text","id":"time_lazy_load","label":"Time Delay","info":"(ms)"},{"type":"paragraph","content":"i.e: 100, 200, or 300"}]},{"name":"Cart","settings":[{"type":"checkbox","id":"ajax_cart","label":"Enable Ajax Cart","default":true}]}]