[{"name":"theme_info","theme_name":"Glassos","theme_author":"HaloThemes","theme_version":"1.0.0","theme_documentation_url":"https:\/\/help.shopify.com\/manual\/using-themes\/sections","theme_support_url":"https:\/\/support.shopify.com\/"},{"name":"Welcome","settings":[{"type":"paragraph","content":"Theme settings allow designers to provide an easy way for any user to customize the look and feel of their shop without having to delve into HTML or CSS code. Please see our [help page on theme settings](http:\/\/docs.shopify.com\/themes\/theme-templates\/settings) to learn more about how you can make your theme customizable."}]},{"name":"FontSize & Typography","settings":[{"type":"header","content":"Header Font - Navigation"},{"type":"radio","id":"font_header","label":"Select font type:","options":[{"value":"google_fonts","label":"Google Fonts [Where do I find Google Fonts?](http:\/\/www.google.com\/fonts)"},{"value":"shopify_fonts","label":"Shopify Font"}],"default":"google_fonts"},{"type":"text","id":"fonts_name_header","label":"Fonts Name","default":"Heebo","info":"(this option uses for Normal font and Google font)"},{"type":"font_picker","id":"header_font_shopify","label":"Font","default":"poppins_n7","info":"(this option uses for Shopify font)"},{"type":"range","id":"type_header_base_size","label":"Fonts Size:","default":14,"min":10,"max":20,"step":1,"unit":"px"},{"type":"range","id":"logo_size","label":"Logo Size (Text):","default":26,"min":10,"max":36,"step":1,"unit":"px"},{"type":"header","content":"Body Font"},{"type":"radio","id":"font_body","label":"Select font type:","options":[{"value":"google_fonts","label":"Google Fonts [Where do I find Google Fonts?](http:\/\/www.google.com\/fonts)"},{"value":"shopify_fonts","label":"Shopify Font"}],"default":"google_fonts"},{"type":"text","id":"fonts_name_body","label":"Fonts Name","default":"Heebo","info":"(this option uses for Normal font and Google font)"},{"type":"font_picker","id":"type_base_font","label":"Font","default":"poppins_n4"},{"type":"range","id":"type_base_size","label":"Fonts Size:","default":12,"min":10,"max":20,"step":1,"unit":"px"},{"type":"header","content":"Heading fonts"},{"type":"radio","id":"font_heading","label":"Select font type:","options":[{"value":"google_fonts","label":"Google Fonts [Where do I find Google Fonts?](http:\/\/www.google.com\/fonts)"},{"value":"shopify_fonts","label":"Shopify Font"}],"default":"google_fonts"},{"type":"text","id":"fonts_name_heading","label":"Fonts Name","default":"Heebo","info":"(this option uses for Normal font and Google font)"},{"type":"font_picker","id":"type_heading_font","label":"Font","default":"poppins_n7"},{"type":"range","id":"type_heading_size","label":"Fonts Size:","default":24,"min":10,"max":40,"step":2,"unit":"px"},{"type":"header","content":"Button fonts"},{"type":"radio","id":"font_button","label":"Select font type:","options":[{"value":"google_fonts","label":"Google Fonts [Where do I find Google Fonts?](http:\/\/www.google.com\/fonts)"},{"value":"shopify_fonts","label":"Shopify Font"}],"default":"google_fonts"},{"type":"text","id":"fonts_name_button","label":"Fonts Name","default":"Heebo","info":"(this option uses for Normal font and Google font)"},{"type":"font_picker","id":"type_button_font","label":"Font","default":"poppins_n7"},{"type":"range","id":"type_button_size","label":"Fonts Size:","default":14,"min":10,"max":20,"step":2,"unit":"px"}]},{"name":"General","settings":[{"type":"header","content":"Favicon"},{"type":"image_picker","id":"favicon","label":"Favicon image","info":"Will be scaled down to 32 x 32px"},{"type":"header","content":"Open Graph Share"},{"type":"checkbox","id":"enable_opengraph","label":"Enable Open Graph?","default":true},{"type":"image_picker","id":"image_share","label":"Image Share Homepage","info":"Minimum size: 200x200"},{"type":"header","content":"Back To Top Button"},{"type":"checkbox","id":"enable_backtotop","label":"Enable Back To Top?","default":true}]},{"name":"Products","settings":[{"type":"header","content":"Setting General"},{"type":"range","id":"product_card_height_procent","min":50,"max":150,"step":1,"label":"Image height (in % of width)","default":100},{"type":"checkbox","id":"terms_conditions","label":"Enable Terms and Conditions?","default":true},{"type":"text","id":"terms_conditions_text","label":"Terms and Conditions Text","default":"I agree with the terms and conditions"},{"type":"checkbox","id":"use_option_swatch","label":"Enable Swatch Option?","default":true},{"type":"text","id":"option_color_swatch","label":"Use Color Swatch For Option","default":"Color"},{"type":"header","content":"Change Group Image By Swatch options"},{"type":"checkbox","id":"enable_change_group_image","label":"Enabled Change Group Image","default":false},{"type":"header","content":"Countdown"},{"type":"checkbox","id":"display_countdown","label":"Enable Countdown?","default":true,"info":"Please install app Metafields Guru and setting like Document"},{"type":"select","id":"option_countdown","label":"Option","options":[{"value":"all_product","label":"Use for all products"},{"value":"different_product","label":"Use for different product"}],"default":"all_product"},{"type":"text","id":"count_down_timer","label":"Deal Time","default":"2020-12-25 22:11:00","info":"Use for countdown of all products, Ex: 2020\/12\/25 22:11:00 "},{"type":"header","content":"Product Card"},{"type":"checkbox","id":"image_swap","label":"Use Image Swap","default":true},{"type":"checkbox","id":"show_product_quickview","label":"Enable Quick View?","default":true},{"type":"checkbox","id":"show_product_vendor","label":"Show Product Vendors","default":true},{"type":"checkbox","id":"show_product_title","label":"Show Product Title","default":true},{"type":"checkbox","id":"show_product_reviews","label":"Show Product Reviews","default":false},{"type":"checkbox","id":"show_product_price","label":"Show Product Price","default":true},{"type":"checkbox","id":"show_product_variant","label":"Enabled Product Variant","default":true},{"type":"checkbox","id":"show_product_variant_img","label":"Enable the ability to get PNG image for custom color","default":false},{"type":"checkbox","id":"show_product_variant_img_product","label":"Enable the ability to get Image for product variant","default":false},{"type":"checkbox","id":"show_product_button","label":"Show Add to cart Button","default":true},{"type":"checkbox","id":"show_wishlist","label":"Show wishlist","default":true},{"type":"checkbox","id":"show_wishlist_mb","label":"Show wishlist Mobile","default":false},{"type":"checkbox","id":"show_product_compare","label":"Show Compare","default":true},{"type":"checkbox","id":"show_product_compare_mb","label":"Show Compare Mobile","default":false},{"type":"range","id":"time_new","label":"Label New: Time To Show","max":50,"min":1,"step":1,"unit":"Day","default":30},{"type":"range","id":"number_product","label":"Number Products Show Label New","max":100,"min":5,"step":5,"unit":"Qty","default":30},{"type":"select","id":"type_label_sale","label":"Label Sale: Type","default":"text","options":[{"value":"text","label":"Normal Label"},{"value":"number","label":"% Sale"}]},{"type":"header","content":"Product Quick View"},{"type":"checkbox","id":"qv_enable_zoom","label":"Enable image zoom","default":true},{"type":"checkbox","id":"qv_enable_fancybox","label":"Enable image gallery popup","default":true},{"type":"checkbox","id":"qv_video_product","label":"Enable Video Product","default":true},{"type":"checkbox","id":"qv_display_product_reviews","label":"Enable Product Reviews?","default":true},{"type":"checkbox","id":"qv_show_sold_in","label":"Enabled products has been sold?","default":true},{"type":"textarea","id":"qv_item_prd","label":"The number of products","default":"3,5,6,7,8,10,12,15"},{"type":"text","id":"qv_item_prds","label":"Text Sold in","default":"sold in last"},{"type":"textarea","id":"qv_hours_prs","label":"Hours","default":"10,15,16,17,18,20,25,35"},{"type":"text","id":"qv_item_hours","label":"Text Hours","default":"hours"},{"type":"checkbox","id":"qv_display_vendor","label":"Enable Product Vendor?","default":true},{"type":"checkbox","id":"qv_display_product_sku","label":"Enable Product SKU?","default":true},{"type":"checkbox","id":"qv_display_availability","label":"Enable Product Availability?","default":true},{"type":"checkbox","id":"qv_display_product_type","label":"Enable Product Type?","default":false},{"type":"checkbox","id":"qv_display_price","label":"Enable Price?","default":true},{"type":"checkbox","id":"qv_display_subtotal","label":"Enable Subtotal?","default":false},{"type":"checkbox","id":"qv_show_quantity_selector","label":"Show quantity selector","default":true},{"type":"checkbox","id":"qv_display_short_description","label":"Enable Short description?","default":true},{"type":"text","id":"qv_number_words","label":"Number Words","default":"16"},{"type":"checkbox","id":"qv_dpl_customers_view","label":"Enable Customers viewing","default":true},{"type":"text","id":"qv_title_view","label":"Title","default":"customers are viewing this product"},{"type":"textarea","id":"qv_number_view","label":"Number of customers viewing","default":"283, 100, 59, 11, 14, 185, 193, 165, 50, 38, 99, 112, 46, 10, 125, 200, 250, 18","info":"Please enter the number"},{"type":"checkbox","id":"qv_display_product_detail_share","label":"Enable Product Share?","default":true},{"type":"text","id":"qv_share_text","label":"Share Text","default":"Share"}]},{"name":"Multiple Layout","settings":[{"type":"header","content":"Header layout"},{"type":"select","id":"header_layout","label":"Header Layout","default":"header_1","options":[{"value":"header_1","label":"Header Default"},{"value":"header_2","label":"Header 2"}]},{"type":"header","content":"Footer layout"},{"type":"select","id":"footer_layout","label":"Footer Layout","default":"footer_1","options":[{"value":"footer_1","label":"Footer Default"},{"value":"footer_2","label":"Footer 2"}]}]},{"name":"Multiple Language","settings":[{"type":"header","content":"Multiple Language","info":"Switch Language - Please install app Translation Lab and setting like Document"},{"type":"checkbox","id":"enable_language","label":"Enable Multiple Language","default":false},{"type":"text","id":"lange_1","label":"Language 1","default":"German"},{"type":"image","id":"i-lang-1.png","label":"Language 1 Icon"},{"type":"text","id":"lange_2","label":"Language 2","default":"English"},{"type":"image","id":"i-lang-2.png","label":"Language 2 Icon"},{"type":"text","id":"lange_3","label":"Language 3"},{"type":"image","id":"i-lang-3.png","label":"Language 3 Icon"},{"type":"text","id":"lange_4","label":"Language 4"},{"type":"image","id":"i-lang-4.png","label":"Language 4 Icon"},{"type":"text","id":"lange_5","label":"Language 5"},{"type":"image","id":"i-lang-5.png","label":"Language 5 Icon"},{"type":"text","id":"lange_6","label":"Language 6"},{"type":"image","id":"i-lang-6.png","label":"Language 6 Icon"}]},{"name":"Multiple Currency","settings":[{"type":"header","content":"Multiple Currency"},{"type":"checkbox","id":"enable_shopify_payments_currencies","label":"Enalble Shopify Payments?","info":"* Only avaiable for store has Shopify Payments. Link [here](https:\/\/help.shopify.com\/en\/manual\/payments\/shopify-payments\/multi-currency\/setup). Don't choose both of 3 options. Don't choose Shopify payment with other options.","default":false},{"type":"checkbox","id":"enable_multiple_currencies","label":"Enable Multiple Currencies?","default":true},{"type":"checkbox","id":"enable_auto_currency","label":"Enable Automatic currency?","default":false},{"type":"text","id":"currency_1_unit","label":"Currency 1 unit Text","default":"USD"},{"type":"image","id":"i-currency-1.png","label":"Currency 1 unit Icon"},{"type":"text","id":"currency_2_unit","label":"Currency 2 unit Text","default":"EUR"},{"type":"image","id":"i-currency-2.png","label":"Currency 2 unit Icon"},{"type":"text","id":"currency_3_unit","label":"Currency 3 unit Text"},{"type":"image","id":"i-currency-3.png","label":"Currency 3 unit Icon"},{"type":"text","id":"currency_4_unit","label":"Currency 4 unit Text"},{"type":"image","id":"i-currency-4.png","label":"Currency 4 unit Icon"},{"type":"text","id":"currency_5_unit","label":"Currency 5 unit Text"},{"type":"image","id":"i-currency-5.png","label":"Currency 5 unit Icon"},{"type":"text","id":"currency_6_unit","label":"Currency 6 unit Text"},{"type":"image","id":"i-currency-6.png","label":"Currency 6 unit Icon"},{"type":"text","id":"currency_7_unit","label":"Currency 7 unit Text"},{"type":"image","id":"i-currency-7.png","label":"Currency 7 unit Icon"},{"type":"text","id":"currency_8_unit","label":"Currency 8 unit Text"},{"type":"image","id":"i-currency-8.png","label":"Currency 8 unit Icon"},{"type":"text","id":"currency_9_unit","label":"Currency 9 unit Text"},{"type":"image","id":"i-currency-9.png","label":"Currency 9 unit Icon"},{"type":"text","id":"currency_10_unit","label":"Currency 10 unit Text"},{"type":"image","id":"i-currency-10.png","label":"Currency 10 unit Icon"},{"type":"paragraph","content":"Separate your currency codes with a space. Use the ISO 4217 3-letter currency code. Click [here](http:\/\/www.xe.com\/iso4217.php) for a complete list of currency codes. Example: CAD USD."},{"type":"paragraph","content":"* For this functionality to work in your shop, you are required to edit your money formats as per [these instructions](http:\/\/wiki.shopify.com\/How_to_Show_Multiple_Currencies#Do_tell_where_the_money_is) (“Do tell where the money is”)."}]},{"name":"Search Form","settings":[{"type":"header","content":"Search Trending"},{"type":"checkbox","id":"enable_search_trending","label":"Enable","default":true},{"type":"text","id":"trending_search_title","label":"Title","default":"trending","info":"==================="},{"type":"text","id":"trending_search_item_1","label":"Search Item 1","default":"example"},{"type":"text","id":"trending_search_item_2","label":"Search Item 2","default":"eyeswear shopify templates"},{"type":"text","id":"trending_search_item_3","label":"Search Item 3","default":"glasses shopify themes"},{"type":"text","id":"trending_search_item_4","label":"Search Item 4","default":"drag & drop"},{"type":"text","id":"trending_search_item_5","label":"Search Item 5","default":"drag & drop shopify themes"},{"type":"text","id":"trending_search_item_6","label":"Search Item 6","default":"sunglasses shop","info":"==================="},{"type":"header","content":"Popular Products"},{"type":"checkbox","id":"enable_search_popular_products","label":"Enable","default":true},{"type":"text","id":"popular_products_search_title","label":"Title","default":"Popular Products","info":"==================="},{"type":"collection","id":"popular_products_collection","label":"Collection to use","info":"==================="},{"type":"range","id":"popular_products_limit","label":"Number of new products to show","min":3,"max":6,"step":1,"default":3}]},{"name":"Newsletter Popup","settings":[{"type":"checkbox","id":"display_popup_newsletter","label":"Display Newsletter Popup?","default":true},{"type":"select","id":"when_to_show","label":"When To Show","options":[{"value":"first_time","label":"With 'Don't show again' Option"},{"value":"all_the_time","label":"Without 'Don't show again' Option"}],"default":"first_time","info":"Default Value: With 'Don't show again' Option"},{"type":"range","id":"popup_newsletter_expire","label":"Times shows again (days)","max":7,"min":1,"step":1,"unit":"day","default":1},{"type":"range","id":"popup_newsletter_delay","label":"Delay Times (seconds)","max":15,"min":1,"step":1,"unit":"sec","default":8},{"type":"image_picker","id":"newsletter","label":"Upload a new newsletter image"},{"type":"text","id":"popup_newsletter_title","label":"Newsletter Popup Title","default":"Join Our Mailing List"},{"type":"textarea","id":"popup_newsletter_des_1","label":"Newsletter Popup Descriptions 1","default":"Sign Up for exclusive updates, new arrivals and insider-only discounts"},{"type":"textarea","id":"popup_newsletter_des","label":"Newsletter Popup Descriptions 2","default":"We promise to only send you good things"},{"type":"text","id":"popup_newsletter_text_note","label":"Popup Newsletter Text Note","default":"Don't show again!"},{"type":"text","id":"newssletter_success_text","label":"Successfully Subscribed Text","default":"You have successfully subscribed!"},{"type":"text","id":"newssletter_success_text_error","label":"Successfully Subscribed Text","default":"This email address is already registered!"},{"type":"header","content":"Social"},{"type":"checkbox","id":"display_popup_social","label":"Display Popup Newsletter?","default":true}]},{"name":"Someone Purchased","settings":[{"type":"checkbox","id":"display_someone-purchased","label":"Display Someone Purchased PC","default":true},{"type":"checkbox","id":"display_someone-purchased_mb","label":"Display Someone Purchased on mobile","default":true},{"type":"radio","id":"show_someone-purchased","label":"Someone Purchased Modal on the","options":[{"value":"left","label":"Left"},{"value":"right","label":"Right"}],"default":"left","info":"Only Desktop"},{"type":"range","id":"autorotate_speed","label":"Change slides every","max":15,"min":3,"step":1,"unit":"s","default":8},{"type":"text","id":"text","label":"Text Someone recently bought","default":"Someone recently bought a","info":"=============="},{"type":"product","id":"someone_recently_product_1","label":"Select Product"},{"type":"text","id":"from_ago_1","default":"20 minutes ago from Blackburn, UK","label":"Time and Location Text","info":"=============="},{"type":"product","id":"someone_recently_product_2","label":"Select Product"},{"type":"text","id":"from_ago_2","default":"20 minutes ago from Blackburn, UK","label":"Time and Location Text","info":"=============="},{"type":"product","id":"someone_recently_product_3","label":"Select Product"},{"type":"text","id":"from_ago_3","default":"20 minutes ago from Blackburn, UK","label":"Time and Location Text","info":"=============="},{"type":"product","id":"someone_recently_product_4","label":"Select Product"},{"type":"text","id":"from_ago_4","default":"20 minutes ago from Blackburn, UK","label":"Time and Location Text","info":"=============="},{"type":"product","id":"someone_recently_product_5","label":"Select Product"},{"type":"text","id":"from_ago_5","default":"20 minutes ago from Blackburn, UK","label":"Time and Location Text"}]},{"name":"GDPR Modal","settings":[{"type":"checkbox","id":"display_gdpr","label":"Enable GDPR Modal","default":true},{"type":"checkbox","id":"display_gdpr_mb","label":"Enable GDPR Modal on mobile","default":true},{"type":"radio","id":"show_gdpr","label":"Show GDPR Modal on the:","options":[{"value":"left","label":"Left"},{"value":"right","label":"Right"}],"default":"right","info":"Only Desktop"},{"type":"textarea","id":"gdpr_content","label":"Content","default":"This website uses cookies to ensure you get the best experience."},{"type":"text","id":"gdpr_privacy_policy_text","label":"Privacy Policy Text","default":"Learn more"},{"type":"text","id":"gdpr_privacy_policy_link","label":"Privacy Policy Link","default":"https:\/\/policies.google.com","info":"https:\/\/policies.google.com"},{"type":"text","id":"gdpr_accept_cookies_text","label":"Accept Cookies Text","default":"Ok, Got It"}]},{"name":"Progress Bar Shipping","settings":[{"type":"header","content":"Progress Bar Shipping","info":"Will be show Progress Bar Shipping in Cart Page and Side Cart"},{"type":"checkbox","id":"enable_progress_bar_shipping","label":"Enable Progress Bar Shipping","default":true},{"type":"text","id":"shipping_price","label":"Total price of order to offer free shipping","default":"1001"}]},{"name":"Ask An Expert Popup","settings":[{"type":"checkbox","id":"enable_ask_an_expert","label":"Enable","default":true},{"type":"image_picker","id":"image-ask","label":"Upload image Popup","info":"170 x 115px recommended"},{"type":"text","id":"ask_an_expert_header","label":"Header","default":"Have Questions?"},{"type":"image_picker","id":"image_logo_ask","label":"Upload image Logo","info":"130 x 26px recommended"},{"type":"textarea","id":"ask_an_expert_des","label":"Descriptions","default":"We will follow up with you via email within 24-36 hours. Please answer the following questionnaire:"},{"type":"textarea","id":"ask_an_expert_title","label":"Title","default":"Ask the expert anything on Glasso Store"},{"type":"header","content":"Do You Need"},{"type":"checkbox","id":"enable_ask_do_you_need","label":"Enable","default":true},{"type":"textarea","id":"ask_do_you_need","label":"Label","default":"Do You Need"},{"type":"textarea","id":"ask_do_you_need_1","label":"Infor 1","default":"Pricing"},{"type":"textarea","id":"ask_do_you_need_2","label":"Infor 2","default":"Answers"},{"type":"textarea","id":"ask_do_you_need_3","label":"Infor 3","default":"Both"},{"type":"header","content":"Message"},{"type":"textarea","id":"ask_form_mess","label":"Label","default":"What can i help you with today ?"},{"type":"header","content":"How would you like me to contact you?"},{"type":"checkbox","id":"enable_how_would_you_like_me_to_contact_you","label":"Enable","default":true},{"type":"textarea","id":"how_would_you_like_me_to_contact_you","label":"Label","default":"How would you like me to contact you?"},{"type":"textarea","id":"contact_with_you_1","label":"Infor 1","default":"Phone"},{"type":"textarea","id":"contact_with_you_2","label":"Infor 2","default":"Email"},{"type":"textarea","id":"contact_with_you_3","label":"Infor 3","default":"Both"}]},{"name":"Social media","settings":[{"type":"header","content":"Social sharing image"},{"type":"image_picker","id":"share_image","label":"Image","info":"Shown when sharing a link on social media. [Learn more](https:\/\/help.shopify.com\/manual\/using-themes\/troubleshooting\/showing-social-media-thumbnail-images\/) about image thumbnails."},{"type":"text","id":"social_twitter_link","label":"Twitter","info":"https:\/\/twitter.com\/shopify"},{"type":"text","id":"social_facebook_link","label":"Facebook","info":"https:\/\/facebook.com\/shopify"},{"type":"text","id":"social_pinterest_link","label":"Pinterest","info":"https:\/\/pinterest.com\/shopify"},{"type":"text","id":"social_google_plus_link","label":"Google Plus","info":"https:\/\/plus.google.com\/+shopify"},{"type":"text","id":"social_instagram_link","label":"Instagram","info":"http:\/\/instagram.com\/shopify"},{"type":"text","id":"social_mail_link","label":"Mail","info":"http:\/\/mail.com\/"},{"type":"text","id":"social_tumblr_link","label":"Tumblr","info":"http:\/\/shopify.tumblr.com"},{"type":"text","id":"social_snapchat_link","label":"Snapchat","info":"https:\/\/www.snapchat.com\/add\/shopify"},{"type":"text","id":"social_youtube_link","label":"YouTube","info":"https:\/\/www.youtube.com\/shopify"},{"type":"text","id":"social_vimeo_link","label":"Vimeo","info":"https:\/\/vimeo.com\/shopify"},{"type":"header","content":"Social sharing options"},{"type":"checkbox","id":"share_facebook","label":"Share on Facebook","default":true},{"type":"checkbox","id":"share_twitter","label":"Tweet on Twitter","default":true},{"type":"checkbox","id":"share_pinterest","label":"Pin on Pinterest","default":true}]},{"name":"Color (General)","settings":[{"type":"header","content":"Body Color"},{"type":"color","id":"color_body_text","label":"Text Color","default":"#3c3c3c","info":"Default Value: #3c3c3c"},{"type":"color","id":"color_url","label":"Link Color","default":"#3c3c3c","info":"Default Value: #3c3c3c"},{"type":"color","id":"color_url_hover","label":"Link Color Hover","default":"#323232","info":"Default Value: #323232"},{"type":"color","id":"color_body_bg","label":"Body Background","default":"#ffffff","info":"Default Value: #ffffff"},{"type":"header","content":"Heading\/Title Color"},{"type":"color","id":"color_heading_text","label":"Heading Color","default":"#26292d","info":"Default Value: #26292d"},{"type":"header","content":"Section Color (Homepage)"},{"type":"color","id":"color_section_border","label":"Border Color","default":"#e2e2e2","info":"Default Value: #e2e2e2"},{"type":"color","id":"color_section_bg_gray","label":"Background Color (Gray)","default":"#f9f9f9","info":"Default Value: #f9f9f9"},{"type":"header","content":"Buttons Primary"},{"type":"color","id":"color_button_text","label":"Text color","default":"#ffffff"},{"type":"color","id":"color_button_border","label":"Border color","default":"#26292D"},{"type":"color","id":"color_button","label":"Background color","default":"#26292D"},{"type":"color","id":"color_button_text_hover","label":"Text Color Hover","default":"#26292D"},{"type":"color","id":"color_button_border_hover","label":"Border Color Hover","default":"#26292D"},{"type":"color","id":"color_button_hover","label":"Background Color Hover","default":"#ffffff"},{"type":"header","content":"Buttons Secondary"},{"type":"color","id":"color_button_secondary_text","label":"Text color","default":"#26292D"},{"type":"color","id":"color_button_secondary_border","label":"Border color","default":"#26292D"},{"type":"color","id":"color_button_secondary","label":"Background color"},{"type":"color","id":"color_button_secondary_text_hover","label":"Text Color Hover","default":"#ffffff"},{"type":"color","id":"color_button_secondary_border_hover","label":"Border Color Hover","default":"#26292D"},{"type":"color","id":"color_button_secondary_hover","label":"Background Color Hover","default":"#26292D"},{"type":"header","content":"Buttons Tertiary"},{"type":"color","id":"color_small_button_text","label":"Buttons color","default":"#000000"},{"type":"color","id":"color_small_button_text_hover","label":"Buttons color hover","default":"#8d8d8d"},{"type":"header","content":"Form fields"},{"type":"color","id":"color_text_field_text","label":"Text","default":"#000"},{"type":"color","id":"color_text_field_border","label":"Borders","default":"#d2d2d2"},{"type":"color","id":"color_text_field","label":"Background","default":"#fff"},{"type":"header","content":"Image Overlay"},{"type":"range","id":"image_overlay_opacity","label":"Opacity","min":0,"max":100,"step":1,"unit":"%","default":40},{"type":"header","content":"Back To Top"},{"type":"color","id":"color_btt","label":"Color","default":"#999999","info":"Default Value: #999999"},{"type":"color","id":"color_border_btt","label":"Border Color","default":"#999999","info":"Default Value: #999999"},{"type":"color","id":"color_bg_btt","label":"Background Color","default":"#ffffff","info":"Default Value: #ffffff"},{"type":"header","content":"GDPR Modal"},{"type":"color","id":"color_cookieMessage","label":"Color","default":"#3c3c3c","info":"Default Value: #3c3c3c"},{"type":"color","id":"color_bg_cookieMessage","label":"Background Color","default":"#ffffff","info":"Default Value: #ffffff"},{"type":"color","id":"color_btn_cookieMessage_link","label":"Button Color Link","default":"#337dcf","info":"Default Value: #337dcf"},{"type":"color","id":"color_btn_cookieMessage","label":"Button Color","default":"#3c3c3c","info":"Default Value: #3c3c3c"},{"type":"color","id":"color_btn_cookieMessage_hover","label":"Button Color Hover","default":"#3c3c3c","info":"Default Value: #3c3c3c"},{"type":"header","content":"Someone Purchased"},{"type":"color","id":"color_notification2","label":"Color Text","default":"#999999","info":"Default Value: #999999"},{"type":"color","id":"color_title_notification2","label":"Color Title","default":"#323232","info":"Default Value: #323232"},{"type":"color","id":"color_bg_notification2","label":"Background Color","default":"#ffffff","info":"Default Value: #ffffff"}]},{"name":"Color (Header)","settings":[{"type":"header","content":"Announcement Bar"},{"type":"color","id":"color_announcement_bar","label":"Announcement Bar Color","default":"#26292D"},{"type":"color","id":"color_bg_announcement_bar","label":"Announcement Bar Background","default":"#F0F0F0"},{"type":"color","id":"color_announcement_bar_svg","label":"Announcement Bar Icon Arrow","default":"#3b393a"},{"type":"header","content":"Header Top"},{"type":"color","id":"color_header_top","label":"Header Top Color","default":"#8c8c8c"},{"type":"color","id":"color_header_top_2","label":"Header 2 Top Color","default":"#fff"},{"type":"color","id":"color_bg_header_top","label":"Header Top Background","default":"#26292d"},{"type":"color","id":"color_icon_social","label":"Header Top Social Icon Color","default":"#fff"},{"type":"color","id":"bg_line_header_top","label":"Header Top Background Line","default":"#b1978d"},{"type":"color","id":"bg_line_header_top_2","label":"Header 2 Top Background Line","default":"#fff"},{"type":"color","id":"bg_eng_current_top","label":"Header Top Background Language & Currency","default":"#ddbdb0"},{"type":"color","id":"color_cart_countPill","label":"Cart Count Text","default":"#26292d"},{"type":"color","id":"color_cart_countPill_2","label":"Cart 2 Count Text","default":"#fff"},{"type":"color","id":"color_bg_cart_countPill","label":"Cart Count Background","default":"transparent"},{"type":"color","id":"color_bg_cart_countPill_2","label":"Cart 2 Count Background","default":"#E64225"},{"type":"color","id":"bg_cart_top","label":"Cart Count Background Sticky & Mobile","default":"#ddbdb0"},{"type":"header","content":"Header Middle"},{"type":"color","id":"color_header_middle","label":"Header Middle Color","default":"#26292d"},{"type":"color","id":"color_bg_header_middle","label":"Header Middle Background","default":"#ffffff"},{"type":"color","id":"color_logo","label":"Logo Color (Text)","default":"#383e47"},{"type":"color","id":"color_search_bar","label":"Search Form Color","default":"#868686"},{"type":"color","id":"color_bg_search_bar","label":"Search Form Background","default":"#f7f7f7"},{"type":"color","id":"color_bg_search_bar_2","label":"Search Form 2 Background","default":"#fff"},{"type":"color","id":"color_search_btn","label":"Search Icon Button Color","default":"#26292d"},{"type":"color","id":"bg_line_header_middle_2","label":"Header 2 Middle Background Line","default":"#d9d9d9"},{"type":"color","id":"color_label_1","label":"Label 1 Color","default":"#ffffff"},{"type":"color","id":"color_bg_label_1","label":"Label 1 Background","default":"#31B1DF"},{"type":"color","id":"color_label_2","label":"Label 2 Color","default":"#ffffff"},{"type":"color","id":"color_bg_label_2","label":"Label 2 Background","default":"#E64225"},{"type":"color","id":"color_label_3","label":"Label 3 Color","default":"#ffffff"},{"type":"color","id":"color_bg_label_3","label":"Label 3 Background","default":"#FFB72D"},{"type":"header","content":"Dropdown Menu"},{"type":"color","id":"color_dropdownmenu","label":"Text color","default":"#383e47"},{"type":"color","id":"color_dropdownmenu_hover","label":"Text hover color","default":"#337dcf"},{"type":"color","id":"color_border_dropdownmenu","label":"Border","default":"#f7f7f7"},{"type":"color","id":"color_bg_dropdownmenu","label":"Background","default":"#ffffff"},{"type":"color","id":"color_bg_dropdownmenu_hover","label":"Background Hover","default":"#fafafa"},{"type":"header","content":"Mega Menu"},{"type":"color","id":"color_title_dropdownmenu","label":"Title color","default":"#26292d"},{"type":"color","id":"color_megamenu_lv2","label":"Level 2 Menu text color","default":"#26292d"},{"type":"color","id":"color_megamenu_hover_lv2","label":"Level 2 Menu text hover color","default":"#26292d"},{"type":"color","id":"color_megamenu_lv3","label":"Level 3 Menu text color","default":"#5a5a5a"},{"type":"color","id":"color_megamenu_hover_lv3","label":"Level 3 Menu text hover color","default":"#337dcf"},{"type":"color","id":"color_bg_megamenu","label":"Background","default":"#ffffff"}]},{"name":"Color (Footer)","settings":[{"type":"header","content":"Footer General"},{"type":"color","id":"color_footer_title","label":"Footer Title Color","default":"#ffffff"},{"type":"color","id":"color_footer_text","label":"Footer Text Color","default":"#dddddd"},{"type":"color","id":"color_footer_link_hover","label":"Footer Text Color (hover)","default":"#ffffff"},{"type":"color","id":"color_footer_bg","label":"Footer Background Color","default":"#26292D"},{"type":"header","content":"Footer Contact Owner"},{"type":"color","id":"bg_contact_owner","label":"Background Color","default":"#26292D"},{"type":"color","id":"border_contact_owner","label":"Border Color","default":"#343434"},{"type":"header","content":"Footer Newsletter"},{"type":"color","id":"color_newsletter_input","label":"Input Text Color","default":"#383e47"},{"type":"color","id":"color_newsletter_input_bg","label":"Input Background Color","default":"#ffffff"},{"type":"color","id":"color_newsletter_input_border","label":"Input Border Color","default":"#ffffff"},{"type":"color","id":"color_newsletter_button","label":"Button Text Color","default":"#fff"},{"type":"color","id":"color_newsletter_button_bg","label":"Button Background Color","default":"#ddbdb0"},{"type":"color","id":"color_newsletter_button_border","label":"Button Border Color","default":"#ddbdb0"},{"type":"color","id":"color_newsletter_button_hover","label":"Button Text Color Hover","default":"#fff"},{"type":"color","id":"color_newsletter_button_bg_hover","label":"Button Background Color Hover","default":"#ddbdb0"},{"type":"color","id":"color_newsletter_button_border_hover","label":"Button Border Color Hover","default":"#ddbdb0"},{"type":"header","content":"Footer Social List"},{"type":"color","id":"footer_social","label":"icon Color","default":"#ffffff"},{"type":"header","content":"Footer Bottom"},{"type":"color","id":"footer_bottom_text","label":"Text Color","default":"#696969"},{"type":"color","id":"footer_bottom_bg","label":"Background Color","default":"#fafafa"}]},{"name":"Color (Footer 2)","settings":[{"type":"header","content":"Footer General"},{"type":"color","id":"color_footer_title_2","label":"Footer Title Color","default":"#ffffff"},{"type":"color","id":"color_footer_text_first","label":"Footer Text First Color","default":"#26292d"},{"type":"color","id":"color_footer_text_2","label":"Footer Text Color","default":"#dddddd"},{"type":"color","id":"color_footer_link_hover_2","label":"Footer Text Color (hover)","default":"#ffffff"},{"type":"color","id":"color_footer_bg_2","label":"Footer Background Color","default":"#fafafa"},{"type":"header","content":"Footer Newsletter"},{"type":"color","id":"color_newsletter_input_2","label":"Input Text Color","default":"#383e47"},{"type":"color","id":"color_newsletter_input_bg_2","label":"Input Background Color","default":"#ffffff"},{"type":"color","id":"color_newsletter_input_border_2","label":"Input Border Color","default":"#ffffff"},{"type":"color","id":"color_newsletter_button_2","label":"Button Text Color","default":"#fff"},{"type":"color","id":"color_newsletter_button_bg_2","label":"Button Background Color","default":"#000000"},{"type":"color","id":"color_newsletter_button_border_2","label":"Button Border Color","default":"#000000"},{"type":"color","id":"color_newsletter_button_hover_2","label":"Button Text Color Hover","default":"#fff"},{"type":"color","id":"color_newsletter_button_bg_hover_2","label":"Button Background Color Hover","default":"#000000"},{"type":"color","id":"color_newsletter_button_border_hover_2","label":"Button Border Color Hover","default":"#000000"},{"type":"header","content":"Footer Social List"},{"type":"color","id":"footer_social_2","label":"icon Color","default":"#191919"},{"type":"header","content":"Footer Bottom"},{"type":"color","id":"footer_bottom_text_2","label":"Text Color","default":"#696969"},{"type":"color","id":"footer_bottom_bg_2","label":"Background Color","default":"#fafafa"}]},{"name":"Color (Product)","settings":[{"type":"header","content":"Product Card"},{"type":"color","id":"color_product_vendor","label":"Product vendor","default":"#696969"},{"type":"color","id":"color_product_title","label":"Product title","default":"#26292d"},{"type":"color","id":"color_product_title_hover","label":"Product title hover","default":"#26292d"},{"type":"color","id":"color_product_review","label":"Product review","default":"#ed6824"},{"type":"color","id":"color_product_review_empty","label":"Product review (empty)","default":"#e4e4e4"},{"type":"color","id":"color_product_price","label":"Product price (default)","default":"#696969"},{"type":"color","id":"color_product_price_sale","label":"Product price (sale)","default":"#E64225"},{"type":"color","id":"color_product_price_presale","label":"Product price (pre-sale)","default":"#696969"},{"type":"header","content":"Product Button Card"},{"type":"color","id":"color_product_card_button_text","label":"Text Color","default":"#000000"},{"type":"color","id":"color_product_card_button_bg","label":"Background Color","default":"#f9f9f9"},{"type":"color","id":"color_product_card_button_border","label":"Border Color","default":"#f9f9f9"},{"type":"color","id":"color_product_card_button_text_hover","label":"Text Color Hover","default":"#000000"},{"type":"color","id":"color_product_card_button_bg_hover","label":"Background Color Hover","default":"#efefef"},{"type":"color","id":"color_product_card_button_border_hover","label":"Border Color Hover","default":"#efefef"},{"type":"header","content":"Product Button"},{"type":"color","id":"color_product_button_text","label":"Text Color","default":"#ffffff"},{"type":"color","id":"color_product_button_bg","label":"Background Color","default":"#26292D"},{"type":"color","id":"color_product_button_border","label":"Border Color","default":"#26292D"},{"type":"color","id":"color_product_button_text_hover","label":"Text Color Hover","default":"#26292D"},{"type":"color","id":"color_product_button_bg_hover","label":"Background Color Hover","default":"#fff"},{"type":"color","id":"color_product_button_border_hover","label":"Border Color Hover","default":"#26292D"},{"type":"color","id":"color_product_button_soldOut_text","label":"Text Color (sold out)","default":"#ffffff"},{"type":"color","id":"color_product_button_soldOut_bg","label":"Background Color (sold out)","default":"#b2b2b2"},{"type":"color","id":"color_product_button_soldOut_border","label":"Border Color (sold out)","default":"#b2b2b2"},{"type":"header","content":"Product Button Checkout"},{"type":"color","id":"color_checkout_button_text","label":"Text Color","default":"#ffffff"},{"type":"color","id":"color_checkout_button_bg","label":"Background Color","default":"#e64225"},{"type":"color","id":"color_checkout_button_border","label":"Border Color","default":"#E64225"},{"type":"color","id":"color_checkout_button_text_hover","label":"Text Color Hover","default":"#ffffff"},{"type":"color","id":"color_checkout_button_bg_hover","label":"Background Color Hover","default":"#E64225"},{"type":"color","id":"color_checkout_button_border_hover","label":"Border Color Hover","default":"#E64225"},{"type":"header","content":"Product Button Wishlist"},{"type":"color","id":"color_product_button_w_text","label":"Text Color","default":"#8b8c8e"},{"type":"color","id":"color_product_button_w_bg","label":"Background Color","default":"#fff"},{"type":"color","id":"color_product_button_w_border","label":"Border Color","default":"#aaaaaa"},{"type":"color","id":"color_product_button_w_text_hover","label":"Text Color Hover & Active","default":"#e64225"},{"type":"color","id":"color_product_button_w_bg_hover","label":"Background Color Hover","default":"#fff"},{"type":"color","id":"color_product_button_w_border_hover","label":"Border Color Hover","default":"#aaaaaa"},{"type":"header","content":"Product Badge"},{"type":"color","id":"color_badge_text","label":"Default badge text","default":"#ffffff"},{"type":"color","id":"color_badge_bg","label":"Default badge background","default":"#383e46"},{"type":"color","id":"color_new_badge_text","label":"New badge text","default":"#ffffff"},{"type":"color","id":"color_new_badge_bg","label":"New badge background","default":"#31b1df"},{"type":"color","id":"color_sale_badge_text","label":"Sale badge text","default":"#ffffff"},{"type":"color","id":"color_sale_badge_bg","label":"Sale badge background","default":"#f04723"},{"type":"color","id":"color_soldOut_badge_text","label":"Soldout badge text","default":"#ffffff"},{"type":"color","id":"color_soldOut_badge_bg","label":"Soldout badge background","default":"#b6b6b6"},{"type":"color","id":"color_top_badge_text","label":"Top Rated badge text","default":"#ffffff"},{"type":"color","id":"color_top_badge_bg","label":"Top Rated badge background","default":"#ffb72d"}]}]