[{"name":"theme_info","theme_name":"Luxwatches","theme_author":"Halothemes","theme_version":"3.0.0","theme_documentation_url":"https:\/\/help.shopify.com\/manual\/using-themes\/sections","theme_support_url":"https:\/\/support.shopify.com\/"},{"name":"Welcome","settings":[{"type":"paragraph","content":"Theme settings allow designers to provide an easy way for any user to customize the look and feel of their shop without having to delve into HTML or CSS code. Please see our [help page on theme settings](http:\/\/docs.shopify.com\/themes\/theme-templates\/settings) to learn more about how you can make your theme customizable."}]},{"name":"Multiple Layouts","settings":[{"type":"select","id":"header_layout","label":"Header Layout","options":[{"value":"default","label":"Header Default"},{"value":"parallax","label":"Header Parallax"}]},{"type":"select","id":"product_layout","label":"Products Page Layout","options":[{"value":"default","label":"Products Page Default"},{"value":"custom","label":"Products Page Custom"}]},{"type":"select","id":"footer_top_layout","label":"Footer Top Layout","options":[{"value":"policys","label":"Footer Policys"},{"value":"newsletter","label":"Footer Newsletter"}]},{"type":"select","id":"footer_layout","label":"Footer Layout","options":[{"value":"footer_default","label":"Footer Default"},{"value":"footer_2","label":"Footer 01"}]},{"type":"select","id":"cookies_layout","label":"Cookies Popup Layout","options":[{"value":"default","label":"Cookies Default"},{"value":"custom","label":"Cookies Custom"}]}]},{"name":"Sticky Add To Cart","settings":[{"type":"checkbox","id":"display_sticky","label":"Display?","default":true},{"type":"checkbox","id":"display_sticky_mb","label":"Display Mobile ?","default":true,"info":"=================="},{"type":"color","id":"bg_sticky","label":"Background Color","default":"#fff"},{"type":"color","id":"color_sticky","label":"Text Color","default":"#3c3c3c"},{"type":"color","id":"color_variants","label":"Variants Text Color","default":"#646464"}]},{"name":"Multi Languages","settings":[{"type":"checkbox","id":"enable_multilang_shopify","label":"Enable Multi Languages","default":true},{"type":"text","id":"lange_1","label":"Language 1","default":"en"},{"type":"image","id":"i-lang-1.png","label":"Language 1 Icon"},{"type":"text","id":"lange_2","label":"Language 2","default":"de"},{"type":"image","id":"i-lang-2.png","label":"Language 2 Icon"},{"type":"text","id":"lange_3","label":"Language 3"},{"type":"image","id":"i-lang-3.png","label":"Language 3 Icon"},{"type":"text","id":"lange_4","label":"Language 4"},{"type":"image","id":"i-lang-4.png","label":"Language 4 Icon"},{"type":"text","id":"lange_5","label":"Language 5"},{"type":"image","id":"i-lang-5.png","label":"Language 5 Icon"},{"type":"text","id":"lange_6","label":"Language 6"},{"type":"image","id":"i-lang-6.png","label":"Language 6 Icon"}]},{"name":"Social media","settings":[{"type":"header","content":"Social accounts"},{"type":"text","id":"social_facebook_link","label":"Facebook","info":"https:\/\/facebook.com\/shopify"},{"type":"text","id":"social_twitter_link","label":"Twitter","info":"https:\/\/twitter.com\/shopify"},{"type":"text","id":"social_vimeo_link","label":"Vimeo","info":"https:\/\/vimeo.com\/shopify"},{"type":"text","id":"social_instagram_link","label":"Instagram","info":"http:\/\/instagram.com\/shopify"},{"type":"text","id":"social_google_plus_link","label":"Google Plus","info":"https:\/\/plus.google.com\/+shopify"},{"type":"text","id":"social_pinterest_link","label":"Pinterest","info":"https:\/\/pinterest.com\/shopify"},{"type":"text","id":"social_tumblr_link","label":"Tumblr","info":"http:\/\/shopify.tumblr.com"},{"type":"text","id":"social_snapchat_link","label":"Snapchat","info":"https:\/\/www.snapchat.com\/add\/shopify"},{"type":"text","id":"social_youtube_link","label":"YouTube","info":"https:\/\/www.youtube.com\/shopify"},{"type":"text","id":"social_whats_app_link","label":"WhatsApp","info":"https:\/\/whatsapp.com\/shopify"}]},{"name":"Setting Header Mobile","settings":[{"type":"color","id":"bg_menu_mb","label":"Background Menu Mobile","default":"#fff","info":"======================="},{"type":"color","id":"color_menu_mb","label":"Color Menu Mobile","default":"#323232"},{"type":"color","id":"border_color_menu_mb","label":"Border Color Menu","default":"#e5e5e5"},{"type":"header","content":"Menu Mobile Level 1"},{"type":"color","id":"color_menu_mb_lv1","label":"Menu Color","default":"#323232"},{"type":"color","id":"color_menu_mb_lv1_hover","label":"Menu Color when hover","default":"#0688e2"},{"type":"color","id":"bg_color_menu_mb_lv1_hover","label":"Background Color Menu when hover","default":"#f8f8f8"},{"type":"header","content":"Menu Mobile Level 2"},{"type":"color","id":"color_menu_mb_lv2","label":"Menu Color","default":"#323232"},{"type":"color","id":"color_menu_mb_lv2_hover","label":"Menu Color when hover","default":"#323232"},{"type":"header","content":"Menu Mobile Level 3"},{"type":"color","id":"color_menu_mb_lv3","label":"Menu Color","default":"#646464"},{"type":"color","id":"color_menu_mb_lv3_hover","label":"Menu Color when hover","default":"#0688e2"}]},{"name":"General","settings":[{"type":"image_picker","id":"favicon","label":"Favicon","info":"16px x 16px .png"},{"type":"text","id":"body_font_size","label":"Body Font Size","default":"12","info":"Default Value: 12"},{"type":"header","content":"Share Open Graph"},{"type":"checkbox","id":"enable_opengraph","label":"Display Share Open Graph?","default":true},{"type":"image_picker","id":"image_opengraph","label":"Image Open Graph","info":"200px x 200px .png"},{"type":"header","content":"Color"},{"type":"color","id":"body_bg","label":"Body Background Color","default":"#fff","info":"Default Value: #fff"},{"type":"color","id":"body_color","label":"Body Color","default":"#3c3c3c","info":"Default Value: #3c3c3c"},{"type":"color","id":"link_color","label":"Link Color","default":"#0688e2","info":"Default Value: #0688e2"},{"type":"color","id":"link_color_hover","label":"Link Color When Hover","default":"#ff5621","info":"Default Value: #ff5621"},{"type":"header","content":"Breadcrumb"},{"type":"checkbox","id":"display_breadcrumb","label":"Display Breadcrumb?","default":true},{"type":"color","id":"breadcrumb_color","label":"Breadcrumb Color","default":"#999999","info":"Default Value: #999999"},{"type":"select","id":"breadcrumb_text_transform","label":"Breadcrumb Text Transform","options":[{"value":"uppercase","label":"Uppercase"},{"value":"capitalize","label":"Capitalize"},{"value":"lowercase","label":"Lowercase"}],"default":"capitalize","info":"Default Value: Capitalize"},{"type":"header","content":"Header and Title"},{"type":"text","id":"page_title_font_size","label":"Page Title Font Size","default":"24","info":"Default Value: 24"},{"type":"color","id":"page_title_color","label":"Page Title Color","default":"#232323","info":"Default Value: #232323"},{"type":"select","id":"page_title_text_align","label":"Page Title Text Align","options":[{"value":"center","label":"Center"},{"value":"left","label":"Left"},{"value":"right","label":"Right"}],"default":"left","info":"Default Value: Left"},{"type":"header","content":"Multiple Filter Choices"},{"type":"checkbox","id":"enable_sidebar_multiple_choice","label":"Enable","default":true,"info":"User can select multiple colors (size, brand...) or only one color (size, brand...)?"},{"type":"header","content":"Back To Top"},{"type":"checkbox","id":"enable_back_to_top","label":"Display Back To Top?","default":true},{"type":"header","content":"Collection Page"},{"type":"checkbox","id":"collection_infinite_scrolling","label":"Enable Infinite Scrolling (Show More Button)","default":true},{"type":"checkbox","id":"infinity_scroll_feature","label":"Enable Infinity Scroll Feature","default":true},{"type":"header","content":"Product"},{"type":"select","id":"product_name_text_transform","label":"Product Name Text Transform","options":[{"value":"none","label":"None"},{"value":"uppercase","label":"Uppercase"},{"value":"capitalize","label":"Capitalize"},{"value":"lowercase","label":"Lowercase"}],"default":"none","info":"Default Value: None"},{"type":"select","id":"product_name_text_align","label":"Product Name Text Align","options":[{"value":"center","label":"Center"},{"value":"left","label":"Left"},{"value":"right","label":"Right"}],"default":"left","info":"Default Value: Left"},{"type":"color","id":"color_title_product","label":"Color Product Title","default":"#232323"},{"type":"color","id":"color_title_product_hover","label":"Color Product Title when hover","default":"#232323"},{"type":"header","content":"Countdown"},{"type":"checkbox","id":"display_countdown","label":"Enable Countdown?","default":true},{"type":"select","id":"option_countdown","label":"Option","options":[{"value":"all_product","label":"Use for all products"},{"value":"different_product","label":"Use for different product"}],"default":"all_product"},{"type":"text","id":"count_down_timer","label":"Deal Time","default":"2020-12-25 22:11:00","info":"Use for countdown of all products, Ex: 2020\/12\/25 22:11:00 "},{"type":"header","content":"Label Sale"},{"type":"radio","id":"type_label_sale","label":"Select Label Sale Type:","options":[{"value":"label_sale","label":"Normal Label"},{"value":"discount_sale","label":"% Sale"}],"default":"label_sale"},{"type":"color","id":"sale_text","label":"Sale Text","default":"#fff"},{"type":"color","id":"bg_sale","label":"Background Sale","default":"#e95144"},{"type":"color","id":"custom_label_text","label":"Custom Label Text","default":"#fff"},{"type":"color","id":"custom_label_bg","label":"Background Custom Label","default":"#323232"},{"type":"color","id":"sold_out_text","label":"Sold out Text","default":"#fff"},{"type":"color","id":"bg_sold_out","label":"Background Sold out","default":"#c1c1c1"},{"type":"color","id":"color_price","label":"Color Price","default":"#232323"},{"type":"color","id":"color_price_sale","label":"Color Price Sale","default":"#e95144"},{"type":"color","id":"color_compare_price","label":"Color Compare Price","default":"#969696"},{"type":"color","id":"color_quick_view","label":"Color Quick View with Opacity 70%","default":"#fff"},{"type":"color","id":"bg_quick_view","label":"Background Quick View with Opacity 80%","default":"#000"},{"type":"color","id":"color_wishlist","label":"Color Wishlist Icon","default":"#232323"},{"type":"color","id":"bg_wishlist","label":"Background Wishlist Icon","default":"#ffe5e5"},{"type":"header","content":"Image"},{"type":"checkbox","id":"enable_hover_image","label":"Enable blur effect when hover over banners\/images","default":true},{"type":"header","content":"Close Icons","info":"Use for Quick View Popup, Add To Cart Popup"},{"type":"color","id":"close_color","label":"Color Close","default":"#fff"},{"type":"color","id":"close_bg","label":"Background Close","default":"#000"},{"type":"color","id":"close_color_hover","label":"Color Hover Close","default":"#fff"},{"type":"color","id":"close_bg_hover","label":"Background Hover Close","default":"#b20000"},{"type":"header","content":"Close Icons Mobile","info":"Use for Menu Popup, Customer Login Popup and Sidebar Popup"},{"type":"color","id":"close_mobile_bg","label":"Background Close Mobile","default":"#b20000"},{"type":"color","id":"close_mobile_color","label":"Color Close Mobile","default":"#ffffff"},{"type":"header","content":"Terms And Conditions Checkbox"},{"type":"checkbox","id":"enable_checkbox","label":"Show Checkbox","default":true},{"type":"text","id":"checkbox_text","label":"Terms and conditions text","default":"I agree with the terms and conditions"},{"type":"header","content":"Color Swatch"},{"type":"checkbox","id":"use_color_swatch","label":"Use Color Swatch?","default":true},{"type":"text","id":"option_color_swatch","label":"Use Color Swatch For Option","default":"Color"},{"type":"select","id":"color_swatch_style","label":"Color Swatch:","options":[{"value":"normal","label":"Color for Swatch"},{"value":"variant","label":"Variant images for Swatch"},{"value":"variant_grouped","label":"Variant Images Grouped"}],"default":"normal","info":"Variant Images Grouped doesn't work on Product Gallery and Product Fullwidth Layout"}]},{"name":"Button","settings":[{"type":"header","content":"Button 1"},{"type":"color","id":"btn_1_bg_color","label":"Button 1 Background Color","default":"#232323","info":"Default Value: #232323"},{"type":"color","id":"btn_1_border_color","label":"Button 1 Border Color","default":"#232323","info":"Default Value: #232323"},{"type":"color","id":"btn_1_text_color","label":"Button 1 Text Color","default":"#fff","info":"Default Value: #fff"},{"type":"header","content":"Button 2"},{"type":"color","id":"btn_2_bg_color","label":"Button 2 Background Color","default":"#fff","info":"Default Value: #fff"},{"type":"color","id":"btn_2_border_color","label":"Button 2 Border Color","default":"#232323","info":"Default Value: #232323"},{"type":"color","id":"btn_2_text_color","label":"Button 2 Text Color","default":"#232323","info":"Default Value: #232323"},{"type":"header","content":"Button 3"},{"type":"color","id":"btn_3_bg_color","label":"Button 3 Background Color","default":"#ef6454","info":"Default Value: #ef6454"},{"type":"color","id":"btn_3_border_color","label":"Button 3 Border Color","default":"#ef6454","info":"Default Value: #ef6454"},{"type":"color","id":"btn_3_text_color","label":"Button 3 Text Color","default":"#fff","info":"Default Value: #fff"}]},{"name":"Newsletter Popup","settings":[{"type":"checkbox","id":"display_popup_newsletter","label":"Display Newsletter Popup?","default":true},{"type":"select","id":"when_to_show","label":"When To Show","options":[{"value":"first_time","label":"With 'No, thanks' Option"},{"value":"all_the_time","label":"Without 'No, thanks' Option"}],"default":"first_time","info":"Default Value: With 'No, thanks' Option"},{"type":"text","id":"popup_newsletter_expire","label":"Newsletter Popup shows again after (days)","default":"1"},{"type":"text","id":"popup_newsletter_delay","label":"Newsletter Popup Delay Time (seconds)","default":"5"},{"type":"image_picker","id":"newsletter_image","label":"Upload a new newsletter image"},{"type":"text","id":"popup_newsletter_title","label":"Newsletter Popup Title"},{"type":"textarea","id":"popup_newsletter_des","label":"Newsletter Popup Descriptions"},{"type":"text","id":"popup_newsletter_text_note","label":"Popup Newsletter Text Note"},{"type":"text","id":"newssletter_success_text","label":"Successfully Subscribed Text","default":"You have successfully subscribed!"},{"type":"text","id":"newssletter_error_text","label":"Successfully Subscribed Text","default":"This email address is already registered!"},{"type":"header","content":"Social"},{"type":"checkbox","id":"display_popup_social","label":"Display Popup Newsletter?","default":true}]},{"name":"Wishlist","settings":[{"type":"checkbox","id":"enable_wishlist","label":"Enable wishlist","default":true}]},{"name":"Compare","settings":[{"type":"checkbox","id":"enable_compare_product","label":"Enable Compare","default":true},{"type":"checkbox","id":"enable_compare_rating","label":"Show Rating","default":true},{"type":"checkbox","id":"enable_compare_description","label":"Show Description","default":true},{"type":"checkbox","id":"enable_compare_collection","label":"Show Collection","default":true},{"type":"checkbox","id":"enable_compare_availability","label":"Show Availability","default":true},{"type":"checkbox","id":"enable_compare_product_type","label":"Show Product Type","default":true},{"type":"checkbox","id":"enable_compare_sku","label":"Show SKU","default":true},{"type":"checkbox","id":"enable_compare_size","label":"Show Size","default":true},{"type":"checkbox","id":"enable_compare_color","label":"Show Color","default":true},{"type":"checkbox","id":"enable_compare_option","label":"Show Otion","default":true}]},{"name":"Product Tab Homepage","settings":[{"type":"range","id":"slider_tab_product_limit_all","label":"Number of new products to show","min":3,"max":50,"step":1,"default":10}]},{"name":"Product Item","settings":[{"type":"checkbox","id":"image_swap","label":"Use Image Swap","default":true},{"type":"checkbox","id":"product_image_border","label":"Use border?"},{"type":"color","id":"product_image_border_color","label":"Border Color"},{"type":"checkbox","id":"product_image_resize","label":"Resize image?","info":"If your images don't have the same size, pleases turn on resize image to have better look."},{"type":"checkbox","id":"product_image_crop","label":"Crop image? (Resize Image First)","info":"All product images will have same height"},{"type":"text","id":"product_image_height","label":"Image Height (%)","default":"130","info":"Use for resize\/crop image"},{"type":"header","content":"Whislist + Quickview"},{"type":"checkbox","id":"show_product_des_top_mb","label":"Show Mobile\/Tablet","default":true},{"type":"checkbox","id":"show_product_des_top_de","label":"Show All","default":true},{"type":"header","content":"Countdown"},{"type":"checkbox","id":"show_product_countdown","label":"Disable Mobile","default":true},{"type":"header","content":"Vendor"},{"type":"checkbox","id":"show_vendor","label":"Show product vendors","default":true},{"type":"color","id":"color_vendor","label":"Color Vendor","default":"#232323"},{"type":"header","content":"Reviews"},{"type":"checkbox","id":"display_product_reviews","label":"Show Reviews","default":true},{"type":"color","id":"color_no_reviews","label":"Color No Reviews","default":"#e3e3e3"},{"type":"color","id":"color_has_reviews","label":"Color Has Reviews","default":"#e66b00"},{"type":"header","content":"Size Variant"},{"type":"checkbox","id":"display_item_size","label":"Show Size Variant","default":true},{"type":"color","id":"bg_item_size","label":"Background Size Variant","default":"#ffffff"},{"type":"color","id":"color_item_size","label":"Color Size Variant","default":"#ffffff"},{"type":"color","id":"color_item_size_hover","label":"Hover Color Size Variant","default":"#fff"},{"type":"header","content":"Color Variant"},{"type":"checkbox","id":"display_item_swatch","label":"Show Color Swatch","default":true},{"type":"color","id":"border_item_swatch","label":"Border Color Swatch","default":"#e4e4e4"},{"type":"color","id":"border_active_item_swatch","label":"Border Color active Swatch ","default":"#ef6454"},{"type":"select","id":"item_color_swatch_style","label":"Color Swatch:","options":[{"value":"normal","label":"Color for Swatch"},{"value":"variant","label":"Variant images for Swatch"}],"default":"normal"},{"type":"checkbox","id":"display_button","label":"Show Select Option\/ Add to cart Button","default":true}]},{"name":"Products Quickview","settings":[{"type":"checkbox","id":"enable_quick_view","label":"Enable quickview","default":true},{"type":"checkbox","id":"dpl_seal_logo","label":"Display Seal Logos?","default":true},{"type":"checkbox","id":"video_product","label":"Enable Video Product","default":true},{"type":"checkbox","id":"qv_display_product_reviews","label":"Display Product Reviews?","default":true},{"type":"header","content":"Count Down"},{"type":"color","id":"countdown_bg","label":"Count Down Background","default":"#000000"},{"type":"color","id":"countdown_color","label":"Count Down Color","default":"#ffffff"},{"type":"header","content":"The number of products has been sold"},{"type":"checkbox","id":"qv_show_sold_in","label":"Enabled","default":true},{"type":"textarea","id":"qv_item_prd","label":"The number of products","default":"3,5,6,7,8,10,12,15"},{"type":"text","id":"qv_item_prds","label":"Text Sold in","default":"sold in last"},{"type":"textarea","id":"qv_hours_prs","label":"Hours","default":"10,15,16,17,18,20,25,35"},{"type":"text","id":"qv_item_hours","label":"Text Hours","default":"hours"},{"type":"header","content":"Product Infor"},{"type":"checkbox","id":"display_quickview_vendor","label":"Display Product Vendor?","default":true},{"type":"text","id":"quickview_text_vendor","label":"Text Product Vendor","default":"Product Vendor"},{"type":"checkbox","id":"display_quickview_product_sku","label":"Display Product SKU?","default":true},{"type":"text","id":"text_quickview_product_sku","label":"Text Product SKU","default":"SKU:"},{"type":"checkbox","id":"display_quickview_availability","label":"Display Availability?","default":true},{"type":"text","id":"quickview_text_availability","label":"Text Availability","default":"Availability"},{"type":"checkbox","id":"display_quickview_product_type","label":"Display Product Type?","default":true},{"type":"text","id":"quickview_text_product_type","label":"Text Product Type","default":"Product Type"},{"type":"checkbox","id":"display_quickview_short_desc","label":"Display Short Description?","default":true},{"type":"checkbox","id":"display_quickview_subtotal","label":"Display Subtotal?","default":true},{"type":"header","content":"Customers viewing"},{"type":"checkbox","id":"dpl_customers_view_qv","label":"Display Customers viewing","default":true},{"type":"text","id":"title_view_qv","label":"Title","default":"customers are viewing this product"},{"type":"textarea","id":"number_view_qv","label":"Number of customers viewing","default":"283, 100, 59, 11, 14, 185, 193, 165, 50, 38, 99, 112, 46, 10, 125, 200, 250, 18","info":"Please enter the number"},{"type":"checkbox","id":"display_product_detail_share","label":"Display Product Share?","default":true}]},{"name":"Size Chart","settings":[{"type":"checkbox","id":"display_size_chart","label":"Display Size Chart?","default":true},{"type":"text","id":"size_chart_text","label":"Size Chart text","default":"Size Chart"},{"type":"radio","id":"type_size_chart","label":"Size Chart Options:","options":[{"value":"product_type","label":"Product Type"},{"value":"product_vendor","label":"Product Vendor"},{"value":"different","label":"Different for each product"},{"value":"default","label":"Use the same size chart for all products"}],"default":"default"},{"type":"text","id":"size_chart_title","label":"Size Chart Popup Title","default":"Size Charts"},{"type":"text","id":"size_chart_heading","label":"Size Chart Heading","default":"Custom title"},{"type":"textarea","id":"size_chart_content","label":"Size Chart Description"},{"type":"image_picker","id":"size_chart_img","label":"Size Chart Image"}]},{"name":"Seal Logos","settings":[{"type":"image_picker","id":"seal_logo_1_img","label":"Seal Logo 1 Image"},{"type":"url","id":"seal_logo_1_link","label":"Seal Logo 1 Link"},{"type":"image_picker","id":"seal_logo_2_img","label":"Seal Logo 2 Image"},{"type":"url","id":"seal_logo_2_link","label":"Seal Logo 2 Link"},{"type":"image_picker","id":"seal_logo_3_img","label":"Seal Logo 3 Image"},{"type":"url","id":"seal_logo_3_link","label":"Seal Logo 3 Link"},{"type":"image_picker","id":"seal_logo_4_img","label":"Seal Logo 4 Image"},{"type":"url","id":"seal_logo_4_link","label":"Seal Logo 4 Link"}]},{"name":"Ask An Expert Product Page","settings":[{"type":"checkbox","id":"enable_ask_an_expert","label":"Enable","default":true},{"type":"textarea","id":"ask_an_expert","label":"Text","default":"Ask An Expert"},{"type":"text","id":"ask_an_expert_header","label":"Header","default":"Have Questions?"},{"type":"textarea","id":"ask_an_expert_title","label":"Title","default":"Ask the Expert anything on LuxWatches"},{"type":"textarea","id":"ask_an_expert_des","label":"Descriptions","default":"We will follow up with you via email within 24-36 hours"},{"type":"textarea","id":"ask_an_expert_questions","label":"Text","default":"Please answer the following questionnaire"},{"type":"header","content":"Do You Need"},{"type":"checkbox","id":"enable_ask_do_you_need","label":"Enable","default":true},{"type":"textarea","id":"ask_do_you_need","label":"Label","default":"Do You Need"},{"type":"textarea","id":"ask_do_you_need_1","label":"Infor 1","default":"Pricing"},{"type":"textarea","id":"ask_do_you_need_2","label":"Infor 2","default":"Answers"},{"type":"textarea","id":"ask_do_you_need_3","label":"Infor 3","default":"Both"},{"type":"header","content":"Message"},{"type":"textarea","id":"ask_form_mess","label":"Label","default":"What can i help you with today ?"},{"type":"header","content":"How would you like me to contact you?"},{"type":"checkbox","id":"enable_how_would_you_like_me_to_contact_you","label":"Enable","default":true},{"type":"textarea","id":"how_would_you_like_me_to_contact_you","label":"Label","default":"How would you like me to contact you?"},{"type":"textarea","id":"contact_with_you_1","label":"Infor 1","default":"Phone"},{"type":"textarea","id":"contact_with_you_2","label":"Infor 2","default":"Email"},{"type":"textarea","id":"contact_with_you_3","label":"Infor 3","default":"Both"}]},{"name":"Custom Engraving Product Page","settings":[{"type":"checkbox","id":"enable_custom_engraving","label":"Enable","default":true},{"type":"textarea","id":"custom_engraving_title","label":"Text","default":"Add Custom Engraving"},{"type":"header","content":"Left Column"},{"type":"text","id":"custom_engraving_left_title","label":"Left Column Title","default":"Enter Text"},{"type":"text","id":"info_text","label":"Info","default":"Max 20 characters, including spaces"},{"type":"text","id":"info_character_number","label":"Character Limit","default":"20"},{"type":"text","id":"custom_engraving_place_holder_1","label":"Place Holder Text 1","default":"Line 1"},{"type":"text","id":"custom_engraving_place_holder_2","label":"Place Holder Text 2","default":"Line 2"},{"type":"textarea","id":"custom_engraving_note","label":"Notes"},{"type":"text","id":"custom_engraving_price_text","label":"Price text","default":"Total"},{"type":"text","id":"custom_engraving_price","label":"Price","default":"30.00"},{"type":"text","id":"button_text_engraving","label":"Button Text","default":"Add Customize"},{"type":"text","id":"error_value","label":"Error Text","default":"Please fill out both Line1 AND Line2"},{"type":"header","content":"Right Column"},{"type":"text","id":"custom_engraving_right_title","label":"Right Column Title","default":"Example"},{"type":"image_picker","id":"custom_engraving_img","label":"Example Image","info":"Recommended Image: Width x Height (370 x 370)PX"}]},{"name":"Register and Login Page","settings":[{"type":"textarea","id":"login_text_desc","label":"Text Description - Login Page","default":"I am a returning customer"},{"type":"textarea","id":"register_text_desc","label":"Text Description - Register Page","default":"By creating an account you will be able to shop faster, be up to date on an order's status, and keep track of the orders you have previously made."}]},{"name":"Search","settings":[{"type":"header","content":"Search Page"},{"type":"text","id":"search_1","label":"Your search for (no results html)","default":"Your search for | Ihre Suche nach"},{"type":"text","id":"search_2","label":"did not yield any results (no results html)","default":"did not yield any results. | hat keine Ergebnisse hervorgebracht. "},{"type":"text","id":"search_3","label":"Your search for (results for html)","default":"Your search for | Ihre Suche nach"},{"type":"text","id":"search_4","label":"revealed the following (results for html)","default":"revealed the following: | hat folgende Ergebnisse hervorgebracht:"},{"type":"header","content":"Trending"},{"type":"checkbox","id":"enable_search_trending","label":"Enable","default":true},{"type":"text","id":"trending_search_title","label":"Title","default":"trending","info":"==================="},{"type":"text","id":"trending_search_item_1","label":"Search Item 1","default":"dempus"},{"type":"text","id":"trending_search_item_2","label":"Search Item 2","default":"sample"},{"type":"text","id":"trending_search_item_3","label":"Search Item 3","default":"magnis"},{"type":"text","id":"trending_search_item_4","label":"Search Item 4","default":"loremous saliduar"},{"type":"text","id":"trending_search_item_5","label":"Search Item 5","default":"naminos"},{"type":"text","id":"trending_search_item_6","label":"Search Item 6","default":"dinterdum","info":"==================="},{"type":"header","content":"Popular Products"},{"type":"checkbox","id":"enable_search_popular_products","label":"Enable","default":true},{"type":"collection","id":"popular_products_collection","label":"Collection to use","info":"==================="},{"type":"range","id":"popular_products_limit","label":"Number of new products to show","min":2,"max":4,"step":1,"default":3}]},{"name":"Cart","settings":[{"type":"checkbox","id":"show_shipping_calculator","label":"Display shipping rates calculator","default":true},{"type":"text","id":"shipping_calculator_heading","label":"Shipping Rates Calculator Heading","default":"Get Shipping Estimates"},{"type":"header","content":"Dropdown Cart"},{"type":"checkbox","id":"enable_free_shipping_message","label":"Enable Free Shipping Message","default":true},{"type":"color","id":"color_text_shipping","label":"Color Text","default":"#0f0f0f"},{"type":"text","id":"free_shipping_price","label":"Enter total price of order to offer free shipping","default":"800"},{"type":"color","id":"free_shipping_color1","label":"Background Color < 30%","default":"#F44336"},{"type":"color","id":"free_shipping_color2","label":"Background Color < 60%","default":"#FF9800"},{"type":"color","id":"free_shipping_color3","label":"Background Color < 70%","default":"#69c69c"},{"type":"header","content":"Extra Options Block Cart"},{"type":"checkbox","id":"enable_extra_options1","label":"Display Extra Options block?","default":true},{"type":"collection","id":"extra_options_collection1","label":"Collection to use"},{"type":"text","id":"extra_options_title1","label":"Title of Extra Options block","default":"Add An Extra Options"},{"type":"text","id":"extra_options_products_limit1","label":"Number of Extra Options products","default":"4"},{"type":"header","content":"Extra Options Block Sidebar"},{"type":"checkbox","id":"enable_extra_options","label":"Display Extra Options block?","default":true},{"type":"collection","id":"extra_options_collection","label":"Collection to use"},{"type":"text","id":"extra_options_title","label":"Title of Extra Options block","default":"Add An Extra Options"},{"type":"text","id":"extra_options_products_limit","label":"Number of Extra Options products","default":"4"},{"type":"header","content":"Secure and Seal Logos Block"},{"type":"textarea","id":"secure_text","label":"Secure Shopping Guarantee Text","default":"Secure Shopping Guarantee."},{"type":"checkbox","id":"dpl_seal_logo_cart","label":"Display Secure and Seal Logos?","default":true},{"type":"header","content":"Ajax Cart"},{"type":"select","id":"ajax_popup_cart","label":"Popup Ajax Cart","default":"normal","options":[{"value":"normal","label":"Normal"},{"value":"none","label":"None"}]}]},{"name":"Money options","settings":[{"type":"checkbox","id":"enable_shopify_payments_currencies","label":"Enalble Shopify Payments?","info":"* Only avaiable for store has Shopify Payments. Link [here](https:\/\/help.shopify.com\/en\/manual\/payments\/shopify-payments\/multi-currency\/setup). Don't choose both of 3 options. Don't choose Shopify payment with other options."},{"type":"checkbox","id":"enable_multiple_currencies","label":"Enable Multiple Currencies"},{"type":"checkbox","id":"enable_auto_currency","label":"Enable Automatic currency?"},{"type":"text","id":"currency_1_unit","label":"Currency 1 unit Text","default":"USD"},{"type":"image","id":"i-currency-1.png","label":"Currency 1 unit Icon"},{"type":"text","id":"currency_2_unit","label":"Currency 2 unit Text","default":"EUR"},{"type":"image","id":"i-currency-2.png","label":"Currency 2 unit Icon"},{"type":"text","id":"currency_3_unit","label":"Currency 3 unit Text","default":"GBP"},{"type":"image","id":"i-currency-3.png","label":"Currency 3 unit Icon"},{"type":"text","id":"currency_4_unit","label":"Currency 4 unit Text","default":"CHF"},{"type":"image","id":"i-currency-4.png","label":"Currency 4 unit Icon"},{"type":"text","id":"currency_5_unit","label":"Currency 5 unit Text","default":"AUD"},{"type":"image","id":"i-currency-5.png","label":"Currency 5 unit Icon"},{"type":"text","id":"currency_6_unit","label":"Currency 6 unit Text","default":"CAD"},{"type":"image","id":"i-currency-6.png","label":"Currency 6 unit Icon"},{"type":"text","id":"currency_7_unit","label":"Currency 7 unit Text","default":"NZD"},{"type":"image","id":"i-currency-7.png","label":"Currency 7 unit Icon"},{"type":"text","id":"currency_8_unit","label":"Currency 8 unit Text","default":"DKK"},{"type":"image","id":"i-currency-8.png","label":"Currency 8 unit Icon"},{"type":"text","id":"currency_9_unit","label":"Currency 9 unit Text","default":"JPY"},{"type":"image","id":"i-currency-9.png","label":"Currency 9 unit Icon"},{"type":"text","id":"currency_10_unit","label":"Currency 10 unit Text","default":"SGD"},{"type":"image","id":"i-currency-10.png","label":"Currency 10 unit Icon"},{"type":"paragraph","content":"Separate your currency codes with a space. Use the ISO 4217 3-letter currency code. Click [here](http:\/\/www.xe.com\/iso4217.php) for a complete list of currency codes. Example: CAD USD."},{"type":"paragraph","content":"* For this functionality to work in your shop, you are required to edit your money formats as per [these instructions](http:\/\/help.shopify.com\/en\/themes\/customization\/currencies) (“Do tell where the money is”)."}]},{"name":"Fonts","settings":[{"type":"header","content":"Heading And Buttons"},{"type":"radio","id":"font_2","label":"Select font type:","options":[{"value":"normal_fonts","label":"Normal Fonts"},{"value":"google_fonts","label":"Google Fonts [Where do I find Google Fonts?](http:\/\/www.google.com\/fonts)"},{"value":"shopify_fonts","label":"Shopify Font"}],"default":"google_fonts"},{"type":"text","id":"fonts_name_2","label":"Fonts Name","default":"Poppins","info":"(this option uses for Normal font and Google font)"},{"type":"font_picker","id":"header_font_new","label":"Font","default":"work_sans_n6","info":"(this option uses for Shopify font)"},{"type":"header","content":"Body Text"},{"type":"radio","id":"font","label":"Select font type:","options":[{"value":"normal_fonts","label":"Normal Fonts"},{"value":"google_fonts","label":"Google Fonts [Where do I find Google Fonts?](http:\/\/www.google.com\/fonts)"},{"value":"shopify_fonts","label":"Shopify Font"}],"default":"google_fonts"},{"type":"text","id":"fonts_name","label":"Fonts Name","default":"Poppins"},{"type":"font_picker","id":"base_font_new","label":"Font","default":"work_sans_n6","info":"(this option uses for Shopify font)"}]}]