{"current":{"enable_multilang_shopify":true,"lange_name_1":"English","lange_1":"en","lange_name_2":"German","lange_2":"de","lange_name_3":"","lange_3":"","lange_name_4":"","lange_4":"","lange_name_5":"","lange_5":"","lange_name_6":"","lange_6":"","display_sticky":true,"display_sticky_mb":true,"display_countdown":true,"bg_sticky":"#fff","color_sticky":"#3c3c3c","color_variants":"#646464","social_facebook_link":"https:\/\/www.facebook.com\/shopify","social_twitter_link":"https:\/\/twitter.com\/shopify","social_vimeo_link":"","social_instagram_link":"https:\/\/www.instagram.com\/shopify\/","social_google_plus_link":"https:\/\/plus.google.com\/+shopify","social_pinterest_link":"","social_tumblr_link":"","social_snapchat_link":"https:\/\/www.snapchat.com\/add\/shopify","social_youtube_link":"","bg_menu_mb":"#fff","border_color_menu_mb":"#e5e5e5","color_menu_mb_lv1":"#34313a","color_menu_mb_lv1_hover":"#0688e2","bg_color_menu_mb_lv1_hover":"#f8f8f8","color_menu_mb_lv2":"#34313a","color_menu_mb_lv2_hover":"#0688e2","color_menu_mb_lv3":"#34313a","color_menu_mb_lv3_hover":"#0688e2","favicon":"shopify:\/\/shop_images\/favicon_32x32_100b4e10-323f-469a-914b-ff1d13bebf49.png","body_font_size":"14","enable_opengraph":true,"image_share":"shopify:\/\/shop_images\/01.png","enable_backtotop":true,"body_bg":"#fff","body_color":"#3c3c3c","link_color":"#34313a","link_color_hover":"#eb2c3c","display_breadcrumb":true,"breadcrumb_color":"#848484","breadcrumb_text_transform":"capitalize","page_title_font_size":"22","page_title_color":"#34313a","page_title_text_align":"left","enable_sidebar_multiple_choice":true,"product_name_text_transform":"none","product_name_text_align":"left","color_title_product":"#000000","color_title_product_hover":"#232323","color_vendor":"#676767","type_pr_label_sale":"discount_sale","share_text":"Share:","embed_code_share":"","sale_text":"#df3242","bg_sale":"#ffffff","custom_label_text":"#323232","custom_label_bg":"#ffffff","bundle_label_text":"#4f4c56","bundle_label_bg":"#ffffff","new_label_text":"#06bfe2","new_label_bg":"#ffffff","sold_out_text":"#c2c2c2","bg_sold_out":"#ffffff","color_price":"#000000","color_price_sale":"#df3242","color_from_text":"#969696","color_compare_price":"#969696","color_quick_view":"#000000","bg_quick_view":"#ffffff","bg_quick_boxshadow":"#afafaf","color_wishlist":"#37353c","enable_hover_image":true,"enable_hover_product_image":true,"display_product_countdown":true,"option_countdown":"all_product","text_countdown":"Limited-Time Offers, End in:","count_down_timer":"2020-12-25 22:11:00","use_color_swatch":true,"option_color_swatch":"Color","show_product_color_img":false,"color_swatch_style":"normal","btn_1_bg_color":"#f14156","btn_1_border_color":"#f14156","btn_1_text_color":"#fff","btn_1_bg_color_hover":"#fff","btn_1_border_color_hover":"#f14156","btn_1_text_color_hover":"#f14156","btn_2_bg_color":"#37353c","btn_2_border_color":"#37353c","btn_2_text_color":"#ffffff","btn_2_bg_color_hover":"#ffffff","btn_2_border_color_hover":"#37353c","btn_2_text_color_hover":"#37353c","btn_3_bg_color":"#f14156","btn_3_border_color":"#eb2c3c","btn_3_text_color":"#fff","display_popup_newsletter":true,"popup_newsletter_delay":"5","popup_newsletter_expire":"2","newsletter_img":"shopify:\/\/shop_images\/5_2.jpg","popup_newsletter_title":"Join Our Mailing List","popup_newsletter_des":"Enter your email below to receive special offers, exclusive \ndiscounts and more!","display_newsletter_text_note":true,"popup_newsletter_text_note":"Do not display again","newssletter_success_text":"You have successfully subscribed!","newssletter_error_text":"This email has been registered","display_popup_social":true,"color_social_newl":"#646464","social_color_hover_newl":"#eb2c3c","enable_wishlist":true,"enable_wishlist_mb":false,"image_swap":true,"product_image_border":false,"product_image_border_color":"#e6e6e6","product_image_resize":false,"product_image_crop":false,"product_image_height":"130","show_vendor":true,"display_product_reviews":true,"embed_code_review":"","display_item_size":true,"display_item_swatch":true,"display_button":true,"collection_infinite_scrolling":false,"enable_quick_view":true,"enable_quick_view_mb":false,"qv_display_product_reviews":true,"qv_show_sold_in":false,"qv_item_prd":"3,5,6,7,8,10,12,15","qv_item_prds":"sold in last","qv_hours_prs":"10,15,16,17,18,20,25,35","qv_item_hours":"hours","display_quickview_vendor":true,"quickview_text_vendor":"Product Vendor","display_quickview_product_sku":false,"text_quickview_product_sku":"SKU:","display_quickview_availability":true,"quickview_text_availability":"Availability","display_quickview_product_type":true,"quickview_text_product_type":"Product Type","display_quickview_short_desc":true,"display_quickview_subtotal":true,"dpl_customers_view_qv":true,"title_view_qv":"customers are viewing this product","number_view_qv":"283, 100, 59, 11, 14, 185, 193, 165, 50, 38, 99, 112, 46, 10, 125, 200, 250, 18","display_product_detail_share":true,"display_trust_img":true,"img_trust":"shopify:\/\/shop_images\/trust_800x-compressor_800x_16ab00e9-0de8-44f6-83b1-01828131d1a2.png","display_size_chart":true,"display_size_chart_at":"Size","size_guide_text":"Size Chart","custom_size_chart_header":"Guide to watch case sizing","color_title_sc":"#fff","back_title_sc":"#37353c","custom_size_chart_content":"Use this guide to help understand how different watch case sizes will look on your wrist","color_sub_title_sc":"#37353c","back_sub_title_sc":"#f0f0f0","size_chart":"none","custom_size_chart":"shopify:\/\/shop_images\/size-chart-compressor.png","ajax_popup_cart":"normal","show_shipping_calculator":true,"shipping_calculator_heading":"Get shipping estimates","shipping_calculator_default_country":"United States","register_text_desc":"Sign up for a free account at WATCHTICA","login_text_desc":"Register with us for a faster checkout, to track the status of your order and more.","search_1":"Your search for | Ihre Suche nach","search_2":"did not yield any results. | hat keine Ergebnisse hervorgebracht.","search_3":"Your search for | Ihre Suche nach","search_4":"revealed the following: | hat folgende Ergebnisse hervorgebracht:","enable_search_trending":true,"trending_search_title":"trending","trending_search_item_1":"Mango","trending_search_item_2":"Anna","trending_search_item_3":"Burberry","trending_search_item_4":"Namdos Hempus","trending_search_item_5":"Paul Smith","trending_search_item_6":"Coco Lee","enable_search_popular_products":true,"popular_products_search_title":"Popular Products","popular_products_collection":"lorem-et-dorus","popular_products_limit":3,"enable_shopify_payments_currencies":false,"enable_multiple_currencies":true,"enable_auto_currency":false,"currency_1_unit":"USD","currency_2_unit":"EUR","currency_3_unit":"GBP","currency_4_unit":"CHF","currency_5_unit":"","currency_6_unit":"","currency_7_unit":"","currency_8_unit":"","currency_9_unit":"","currency_10_unit":"","font_2":"google_fonts","fonts_name_2":"Muli","header_font_new":"muli_n4","font":"google_fonts","fonts_name":"Muli","base_font_new":"muli_n4","checkout_header_image":"shopify:\/\/shop_images\/banner-checkout-compressor.png","checkout_logo_image":"shopify:\/\/shop_images\/logo.png","checkout_logo_position":"left","checkout_logo_size":"medium","checkout_body_background_image":"","checkout_body_background_color":"#fff","checkout_input_background_color_mode":"white","checkout_sidebar_background_image":"","checkout_sidebar_background_color":"#fafafa","checkout_heading_font":"-apple-system, BlinkMacSystemFont, 'Segoe UI', Roboto, Helvetica, Arial, sans-serif, 'Apple Color Emoji', 'Segoe UI Emoji', 'Segoe UI Symbol'","checkout_body_font":"-apple-system, BlinkMacSystemFont, 'Segoe UI', Roboto, Helvetica, Arial, sans-serif, 'Apple Color Emoji', 'Segoe UI Emoji', 'Segoe UI Symbol'","checkout_accent_color":"#197bbd","checkout_button_color":"#197bbd","checkout_error_color":"#e32c2b","enable_multilang":false,"quickview_text_countdown":"Limited-Time Offers, End in:","currency_1_unit_name":"dollar","currency_2_unit_name":"euro","currency_3_unit_name":"pound","currency_4_unit_name":"franc","currency_5_unit_name":"","currency_6_unit_name":"","currency_7_unit_name":"","currency_8_unit_name":"","currency_9_unit_name":"","currency_10_unit_name":"","type_label_sale":"label_sale","infinity_scroll_feature":true,"product_layout":"default","footer_layout":"default","password_layout":"default","color_menu_mb":"#323232","newsletter":"shopify:\/\/shop_images\/newsletter-compressor.png","enable_ask_an_expert":true,"ask_an_expert":"Have Questions? Ask An Expert","ask_an_expert_header":"Have Questions?","ask_an_expert_title":"Ask the Fashion Expert anything on Ella Boutique","ask_an_expert_des":"We will follow up with you via email within 24-36 hours","ask_an_expert_questions":"Please answer the following questionnaire","enable_ask_do_you_need":true,"ask_do_you_need":"Do You Need","ask_do_you_need_1":"Pricing","ask_do_you_need_2":"Answers","ask_do_you_need_3":"Both","ask_form_mess":"What can i help you with today ?","enable_how_would_you_like_me_to_contact_you":true,"how_would_you_like_me_to_contact_you":"How would you like me to contact you?","contact_with_you_1":"Phone","contact_with_you_2":"Email","contact_with_you_3":"Both","cart_popup_related_title":"You May Also Like","secure_text":"Secure Shopping Guarantee.","category_layout":"default","bg_wishlist":"#ffe5e5","layout_body":"default","bg_body_boxed":"#f8f8f8","header_layout":"default","list_collections_layout":"collections_01_grid","blog_layout":"default","sections":{"header":{"type":"header","settings":{"display_header_top":true,"top_message_text":"Summer Sale up to 60% OFF selected items","bg_header_top":"#4f4c56","text_header_top_color":"#f8f8f8","bg_header_bottom_color":"#37353c","header_bottom_color":"#fff","display_customer_service":true,"customer_service_text":"(1800) 000 8808 or","contact_name":"Contact us","contact_link":"shopify:\/\/pages\/contact","display_free_shipping":true,"free_shipping_text1":"Free Shipping On All Orders.","free_shipping_text2":"No Minimum Purchase","color_border_freeshipping":"#87868a","brand_type":"image","brand_text":"Watch Tica","logo_text_color":"#fff","logo_text_color_mb":"#37353c","logo_text_size":"25px","logo_text_size_mb":"18px","logo_svg_color_mb":"#37353c","logo_svg_color":"#fff","logo_svg_size":"40px","logo_svg_size_mb":"30px","logo":"shopify:\/\/shop_images\/watchtica-b-logo-compressor.png","max_height_logo_mb":"40px","logo_pc":"shopify:\/\/shop_images\/watchtica-w-logo-compressor.png","max_height_logo_pc":"50px","bg_search_color_input":"#ffffff","search_color_input":"#6e6e6e","bg_search_color_btn":"#9f9aab","search_color_btn":"#fff","search_btn_border_color":"#8c8798","bg_cart_color":"#f14156","cart_border_color":"#eb2c3c","cart_color":"#ffffff","dropdowncart_type":"hover","dropdown_bck":"#ffffff","dropdown_color":"#34313a","bck_menu_mb":"#fff","text_menu_mb":"#4f4c56","back_item_cart":"#f14156","color_item_cart":"#fff"}},"navigation":{"type":"navigation","blocks":{"1566560353490":{"type":"style_4","settings":{"megamenu_items_4":"collections","banner_first_style_4":"shopify:\/\/shop_images\/6.jpg","link_banner_first_style_4":""}},"1566564622021":{"type":"style_3","settings":{"megamenu_items_3":"shop"}},"1566968058266":{"type":"style_2","settings":{"megamenu_items_2":"LOOKBOOK","banner_first_style_2":"shopify:\/\/shop_images\/m-menu-1.jpg","link_banner_first_style_2":"","banner_second_style_2":"shopify:\/\/shop_images\/m-menu-2.jpg","link_banner_second_style_2":"","banner_third_style_2":"shopify:\/\/shop_images\/m-menu-3.jpg","link_banner_third_style_2":""}},"1566974888022":{"type":"style_1","settings":{"megamenu_items_1":"INSTAGRAM GALLERY","title_featured_product":"Featured","featured_product_1_1":"nullam-commodo-merato-dano-cosmopolis","featured_product_2_1":"naminos-lementum-disus-an-cras-damos-dincidunts-1","featured_product_3_1":"gempus-cosmo-de-milancelos","banner_first_style_1":"shopify:\/\/shop_images\/m-menu-4.jpg","link_banner_first_style_1":"#"}}},"block_order":["1566560353490","1566564622021","1566968058266","1566974888022"],"settings":{"horizontal_linklist":"main-menu","display_fixtop_menu":true,"logo_fix":"shopify:\/\/shop_images\/watchtica-b-logo-compressor.png","bg_menu":"#f3f3f3","bg_dropdown_menu":"#fff","color_menu_lv1":"#34313a","hover_color_mnu_lv1":"#34313a","font_size_mnu_lv1":"14px","color_menu_lv2":"#3c3c3c","hover_color_mnu_lv2":"#eb2c3c","font_size_mnu_lv2":"14px","color_menu_lv3":"#3c3c3c","hover_color_mnu_lv3":"#eb2c3c","font_size_mnu_lv3":"14px","enable_sale":true,"lb_sale":"Sale","sale_item":"collections","bg_lb_sale":"#ef6454","color_lb_sale":"#fff","enable_new":true,"lb_new":"New","new_item":"demo","bg_lb_new":"#06bfe2","color_lb_new":"#fff","enable_hot":true,"lb_hot":"Hot","hot_item":"lookbook","bg_lb_hot":"#ffbb49","color_lb_hot":"#fff","display_megamenu":true}},"footer":{"type":"footer","blocks":{"1565148185763":{"type":"link_list","settings":{"title":"Shop","menu":"footer-shop"}},"1565149052875":{"type":"link_list","settings":{"title":"Information","menu":"information"}},"1565149082863":{"type":"link_list","settings":{"title":"Customer Service","menu":"footer-customer-service"}},"1565149140799":{"type":"link_list","settings":{"title":"Information","menu":"footer-information"}}},"block_order":["1565148185763","1565149052875","1565149082863","1565149140799"],"settings":{"footer_newsletter_enable":true,"bg_newsletter_color":"#f3f3f3","footer_newsletter_title":"Join Our Mailing List","footer_newsletter_title_color":"#000","footer_newsletter_des":"Enter your email below to receive special offers, exclusive discounts and more!","footer_newsletter_des_color":"#676767","footer_newsletter_input_color":"#b1b1b1","footer_newsletter_input_bgcolor":"#fff","footer_newsletter_input_bordercolor":"#e3e3e3","footer_newsletter_btn_color":"#fff","footer_newsletter_btn_bgcolor":"#37353c","footer_newsletter_btn_color_hover":"#ffffff","footer_newsletter_btn_bgcolor_hover":"#f14156","footer_linklist_bgcolor":"#37353c","footer_linklist_color_title":"#fff","footer_linklist_color":"#fff","footer_store_location_enable":true,"footer_store_location_title":"Store Location","footer_store_location_des":"<li>9087S Divamus Faucibus Str.,<\/li>\n<li>City name, Postal Code,<\/li>\n<li>CA 90896, United States.<\/li>\n<br>\n<li class=\"call_ft\">Call us at (1800) 000 8808<\/li>\n<li>contact@domain.com<\/li>","footer_social_enable":true,"soicial_color":"#ffffff","soicial_color_hv":"#eb2c3c","enable":true,"bg_footer_bottom_color":"#000","footer_bottom_color":"#cbcbcb","footer_address_code":"Watchtica. eCommerce Software by Shopify. <a href=\"https:\/\/www.halothemes.com\/template_category\/shopify-templates\/\" title=\"Shopify Themes\">Shopify Themes<\/a>","show_payment_icons":true,"footer_payment_bgcolor":"#fff","footer_payment_color":"#676767","payment_display_visa":true,"payment_display_visa_electron":true,"payment_display_american_express":true,"payment_display_master":true,"payment_display_maestro":true,"payment_display_solo":true,"payment_display_paypal":true,"payment_display_amazon_payments":false,"payment_display_apple_pay":false,"payment_display_bitcoin":false,"payment_display_cirrus":false,"payment_display_dankort":false,"payment_display_diners_club":false,"payment_display_discover":false,"payment_display_dogecoin":false,"payment_display_dwolla":false,"payment_display_forbrugsforeningen":false,"payment_display_interac":false,"payment_display_jcb":false,"payment_display_litecoin":false,"payment_display_stripe":false,"payment_display_sage":false,"payment_display_wallet":false,"icon_visa":"shopify:\/\/shop_images\/visa-payment.png","icon_visa_electron":"shopify:\/\/shop_images\/visa-electron-icon.png","icon_master":"shopify:\/\/shop_images\/master-cart-icon.png","icon_american_express":"shopify:\/\/shop_images\/america-icon.png","icon_maestro":"shopify:\/\/shop_images\/masterpro-icon.png","icon_solo":"shopify:\/\/shop_images\/s-payment.png","icon_paypal":"shopify:\/\/shop_images\/paypal-icon.png","icon_amazon_payments":"","icon_apple_pay":"","icon_bitcoin":"","icon_cirrus":"","icon_dankort":"","icon_diners_club":"","icon_discover":"","icon_dogecoin":"","icon_dwolla":"","icon_forbrugsforeningen":"","icon_interac":"","icon_jcb":"","icon_litecoin":"","icon_stripe":"","icon_sage":"","icon_wallet":""}},"someone-purchased":{"type":"someone-purchased","blocks":{"1566555655170":{"type":"image","settings":{"product":"cosmo-de-milancelos-gempus","from_ago":"from Blackburn, UK","time_ago":"20 minutes ago"}},"1566555663399":{"type":"image","settings":{"product":"naminos-lementum-disus-an-cras-damos-dincidunts-1","from_ago":"from Blackburn, UK","time_ago":"20 minutes ago"}},"1566556651489":{"type":"image","settings":{"product":"naminos-lementum-disus-an-cras-damos-dincidunts-6","from_ago":"from Blackburn, UK","time_ago":"2 minutes ago"}}},"block_order":["1566555655170","1566555663399","1566556651489"],"settings":{"display_someone-purchased":true,"display_someone-purchased_mb":true,"show_someone-purchased":"right","someone_speed":"7000","text":"Someone recently bought a","time_location_text":"[time], from [location]"}},"GDPR-modal":{"type":"GDPR-modal","settings":{"display_gdpr":true,"show_gdp":"left","bg_color":"#37353c","text_color":"#fff","privacy_policy_color":"#818181","content":"The cookie settings on this website are set to 'allow all cookies' to give you the very best experience. Please click Accept Cookies to continue to use the site.","privacy_policy_text":"privacy policy","privacy_policy_link":"https:\/\/policies.google.com\/","accept_cookies_text":"accept"}},"policy-shipping":{"type":"policy-shipping","blocks":{"1565173016626":{"type":"text","settings":{"icon_policy":"<i class=\"fa fa-globe\" aria-hidden=\"true\"><\/i>","color_icon":"#999999","des_policy":"Worldwide Delivery","color_des":"#646464"}},"1565173142180":{"type":"text","settings":{"icon_policy":"<i class=\"fa fa-gift\" aria-hidden=\"true\"><\/i>","color_icon":"#999999","des_policy":"Gift with Purchase","color_des":"#646464"}},"1565173167055":{"type":"text","settings":{"icon_policy":"<i class=\"fa fa-star\" aria-hidden=\"true\"><\/i>","color_icon":"#999999","des_policy":"Genuine Product Guarantee","color_des":"#646464"}},"1565173249047":{"type":"text","settings":{"icon_policy":"<i class=\"fa fa-usd\" aria-hidden=\"true\"><\/i>","color_icon":"#999999","des_policy":"Money Back Guarantee","color_des":"#646464"}}},"block_order":["1565173016626","1565173142180","1565173167055","1565173249047"],"settings":{"enable":true,"back_policy":"#fff"}},"1565229846311":{"type":"home-slideshow","blocks":{"1565238967542":{"type":"image","settings":{"dpl_slide_img":true,"image_slide":"shopify:\/\/shop_images\/Slide2.jpg","image_slide_mb":"","alignment":"right","sub_heading":"Luminor Panerai","sub_font_size_heading":"14px","sub_color_heading":"#ffffff","heading":"Loremou'r","font_size_heading":"50px","color_heading":"#fff","slide-des":"Quisque vestibulum risus vel lacus porttitor an blandit morbi ornare metus sedous mollis an milancelos de loremous.","font_size_des":"14px","color_des":"#fff","button_slide":"Shop Collection","link":"","bg_button":"transparent","border_button":"#f14156","color_button":"#fff"}},"1565246964963":{"type":"image","settings":{"dpl_slide_img":true,"image_slide":"shopify:\/\/shop_images\/Slide3.jpg","image_slide_mb":"","alignment":"right","sub_heading":"Luminor Panerai","sub_font_size_heading":"14px","sub_color_heading":"#ffffff","heading":"Loremou'r","font_size_heading":"50px","color_heading":"#fff","slide-des":"Quisque vestibulum risus vel lacus porttitor an blandit morbi ornare metus sedous mollis an milancelos de loremous.","font_size_des":"14px","color_des":"#fff","button_slide":"Shop Collection","link":"","bg_button":"transparent","border_button":"#f14156","color_button":"#ffffff"}},"1565252474080":{"type":"image","settings":{"dpl_slide_img":true,"image_slide":"shopify:\/\/shop_images\/Slide1.jpg","image_slide_mb":"","alignment":"left","sub_heading":"Luminor Panerai","sub_font_size_heading":"14px","sub_color_heading":"#ffffff","heading":"Loremou'r","font_size_heading":"50px","color_heading":"#fff","slide-des":"Quisque vestibulum risus vel lacus porttitor an blandit morbi ornare metus sedous mollis an milancelos de loremous.","font_size_des":"14px","color_des":"#fff","button_slide":"Shop Collection","link":"","bg_button":"transparent","border_button":"#f14156","color_button":"#fff"}}},"block_order":["1565238967542","1565246964963","1565252474080"],"settings":{"layout":"default","margin_bottom_mb":20,"margin_bottom_tab":20,"margin_bottom":30,"autoplay":true,"slideshow_speed":"5000","slideshow_transition":"true","arrow_enable":true,"dots":"false","dots_color":"#707979","dots_active_color":"#505656","dots_opacity":false,"arrow_color":"#34313a","arrow_border_color":"rgba(0,0,0,0)","arrow_bg_color":"rgba(0,0,0,0)","position_slick_arrow":"2%","min_width_banner_button":"","bg_video":"#866965","bg_overlay_opacity":40,"video_height":"41.7%","auto_playvideo":true}},"1565256077424":{"type":"home-sub-banner","blocks":{"1565256077424-0":{"type":"image","settings":{"image":"shopify:\/\/shop_images\/small-b-w-1.jpg","sub_title":"Men's Watches","color_sub":"#fff","title":"Milancelos","color_title":"#fff","content":"Quisque destibulum risus cosmopolis","color_content":"#fff","link":""}},"1565256077424-1":{"type":"image","settings":{"image":"shopify:\/\/shop_images\/small-b-w-2.jpg","sub_title":"Ladies' watches","color_sub":"#fff","title":"vestibulum","color_title":"#fff","content":"Quisque destibulum risus melous","color_content":"#fff","link":""}},"1565256077424-2":{"type":"image","settings":{"image":"shopify:\/\/shop_images\/sub-banner-3.png","sub_title":"Summer sale","color_sub":"#fff","title":"upto 60% off","color_title":"#fff","content":"Quisque destibulum risus helous","color_content":"#fff","link":""}},"1565256077424-3":{"type":"image","settings":{"image":"shopify:\/\/shop_images\/small-b-w-4.jpg","sub_title":"Luxury Collection","color_sub":"#fff","title":"gentleman","color_title":"#fff","content":"Quisque destibulum risus cosmopolis","color_content":"#fff","link":""}}},"block_order":["1565256077424-0","1565256077424-1","1565256077424-2","1565256077424-3"],"settings":{"display_sub_banner":true,"margin_bottom_mb":0,"margin_bottom_tab":0,"margin_bottom":0,"color_border":"#c4c2c3","display_padding":true}},"1565316607101":{"type":"home-page-block-one-banner","blocks":{"1565323696723":{"type":"text","settings":{"link_title":"Shop Tag Heuer Watches","link":"shopify:\/\/collections\/comos-de-milano"}},"1565323711822":{"type":"text","settings":{"link_title":"Custom Link","link":"shopify:\/\/collections"}},"1565323714349":{"type":"text","settings":{"link_title":"Custom Link","link":"shopify:\/\/collections\/lynn-cosmopolis"}},"1565323715748":{"type":"text","settings":{"link_title":"Custom Link","link":"shopify:\/\/collections\/lorem-et-dorus"}}},"block_order":["1565323696723","1565323711822","1565323714349","1565323715748"],"settings":{"enable":true,"enable_border":true,"color_border":"#eeeeee","margin_bottom_mb":15,"margin_bottom_tab":30,"margin_bottom":40,"image":"shopify:\/\/shop_images\/img-m-w.jpg","sub_title":"New Collections","sub_title_color":"#34313a","title":"Watches","title_color":"#34313a","banner_des":"Quisque convallis varius odio sed aliquet. Aenean ac rutrum ante. Sed sed massa laoreet finibus sem at, interdum nisi. Morbi porttitor lobortis tortor an euismod dolor congue eu. Maecenas ut augue tincidunt scelerisque dui an viverra quam. Mauris de loremous an vitae justo tempor mollis...","des_color":"#34313a","text_button":"Shop All Branrd","link_button":"shopify:\/\/collections\/accessorius","text_button_color":"#fff","back_button":"#34313a","bor_color":"#34313a","color_title":"#34313a","color_title_hv":"#eb2c3c"}},"1565335897792":{"type":"home-about-us","settings":{"display_border_top":true,"title":"About Watchtica Shopify Template","color_title":"#34313a","des":"Quisque convallis varius odio sed aliquet. Aenean ac rutrum ante. Sed sed massa laoreet finibus sem at, interdum nisi. Morbi porttitor lobortis tortor an euismod dolor congue eu. Maecenas ut augue tincidunt scelerisque dui an viverra quam. Mauris de loremous an vitae justo tempor mollis...","color_des":"#34313a","margin_bottom":54}},"1565339682070":{"type":"home-brands","blocks":{"1565339682070-0":{"type":"image","settings":{"image":"shopify:\/\/shop_images\/brand_1-compressor.png","title":"Loremous","link":""}},"1568600781101":{"type":"image","settings":{"image":"shopify:\/\/shop_images\/brand_2.png","title":"Loremous","link":""}},"1568600758839":{"type":"image","settings":{"image":"shopify:\/\/shop_images\/brand_3.png","title":"Loremous","link":""}},"1565339682070-3":{"type":"image","settings":{"image":"shopify:\/\/shop_images\/brand_4-compressor.png","title":"fermends","link":""}},"1565343091611":{"type":"image","settings":{"image":"shopify:\/\/shop_images\/brand_5-compressor.png","title":"conseQaur","link":""}}},"block_order":["1565339682070-0","1568600781101","1568600758839","1565339682070-3","1565343091611"],"settings":{"margin_bottom_mb":0,"margin_bottom_tab":0,"margin_bottom":0,"enbale_border":true,"border_top_color":"#eeeeee","brand_title":"Popular Brands","brand_title_color":"#34313a","view_all":"Show All Brands","view_all_color":"#34313a","link_view_all":"shopify:\/\/pages\/brands","brand_rows":"5"}},"lookbook":{"type":"lookbook","blocks":{"1565606983741":{"type":"image","settings":{"dpl_slide_img":true,"image_slide":"shopify:\/\/shop_images\/slide-show-1.png","alignment":"right","sub_heading":"Luminor Panerai","sub_font_size_heading":"14px","color_sub_heading":"#fff","heading":"Loremou'r","font_size_heading":"50px","color_heading":"#fff","slide-des":"Quisque vestibulum risus vel lacus porttitor an blandit morbi ornare metus sedous mollis an milancelos de loremous.","font_size_des":"14px","color_des":"#fff","button_slide":"Shop The Collection","link":"","bg_button":"transparent","border_button":"#fff","color_button":"#fff","lb_product_1":"cosmo-de-milancelos-gempus","top_position_1":"30","left_position_1":"50","dots_color_1":"#ffffff","dots_bg_color_1":"#323232","dots_shadow_color_1":"#fff","lb_product_2":"gempus-cosmo-de-milancelos","top_position_2":"60","left_position_2":"20","dots_color_2":"#fff","dots_bg_color_2":"#323232","dots_shadow_color_2":"#fff","lb_product_3":"naminos-lementum-disus-an-cras-damos-dincidunts-2","top_position_3":"60","left_position_3":"80","dots_color_3":"#fff","dots_bg_color_3":"#323232","dots_shadow_color_3":"#fff"}},"1565607016356":{"type":"image","settings":{"dpl_slide_img":true,"image_slide":"shopify:\/\/shop_images\/slide-show-2.png","alignment":"left","sub_heading":"Luminor Panerai","sub_font_size_heading":"14px","color_sub_heading":"#fff","heading":"Loremou'r","font_size_heading":"50px","color_heading":"#fff","slide-des":"Quisque vestibulum risus vel lacus porttitor an blandit morbi ornare metus sedous mollis an milancelos de loremous.","font_size_des":"14px","color_des":"#fff","button_slide":"Shop The Collection","link":"","bg_button":"transparent","border_button":"#fff","color_button":"#fff","lb_product_1":"gempus-cosmo-de-milancelos","top_position_1":"40","left_position_1":"30","dots_color_1":"#fff","dots_bg_color_1":"#323232","dots_shadow_color_1":"#fff","lb_product_2":"","top_position_2":"10","left_position_2":"10","dots_color_2":"#fff","dots_bg_color_2":"#323232","dots_shadow_color_2":"#fff","lb_product_3":"","top_position_3":"10","left_position_3":"10","dots_color_3":"#fff","dots_bg_color_3":"#323232","dots_shadow_color_3":"#fff"}},"1565607033643":{"type":"image","settings":{"dpl_slide_img":true,"image_slide":"shopify:\/\/shop_images\/slide-show-3.png","alignment":"right","sub_heading":"Luminor Panerai","sub_font_size_heading":"14px","color_sub_heading":"#fff","heading":"Loremou'r","font_size_heading":"50px","color_heading":"#fff","slide-des":"Quisque vestibulum risus vel lacus porttitor an blandit morbi ornare metus sedous mollis an milancelos de loremous.","font_size_des":"14px","color_des":"#fff","button_slide":"Shop The Collection","link":"","bg_button":"transparent","border_button":"#fff","color_button":"#fff","lb_product_1":"","top_position_1":"10","left_position_1":"10","dots_color_1":"#fff","dots_bg_color_1":"#323232","dots_shadow_color_1":"#fff","lb_product_2":"","top_position_2":"10","left_position_2":"10","dots_color_2":"#fff","dots_bg_color_2":"#323232","dots_shadow_color_2":"#fff","lb_product_3":"","top_position_3":"10","left_position_3":"10","dots_color_3":"#fff","dots_bg_color_3":"#323232","dots_shadow_color_3":"#fff"}}},"block_order":["1565606983741","1565607016356","1565607033643"],"settings":{"enable":true,"footer_social_enable":true,"social_color":"#646464","button":"Shop it.","link":"","autoplay":false,"speed":"5000","transition":"true","position_slick_arrow":"2%"}},"404-section":{"type":"404-section","settings":{"background":"","overlay_color":"#fff","overlay_opacity":"0.35","number_size":"200","subtitle":"Oops... the page you looking for clocked out!","subtitle_size":"16","text_color":"#232323","btn_bgc":"#232323","btn_txtc":"#fff","btn_bdc":"#232323","btn_bgc_h":"#fff","btn_txtc_h":"#232323","btn_bdc_h":"#232323","btn_link_1":"\/","btn_text_1":"Return to Store"}},"contact-template":{"type":"contact-template","settings":{"display_google_map":true,"google_map_code":"<iframe src=\"https:\/\/www.google.com\/maps\/embed?pb=!1m18!1m12!1m3!1d3919.2571762419357!2d106.70024671526036!3d10.791604361863126!2m3!1f0!2f0!3f0!3m2!1i1024!2i768!4f13.1!3m3!1m2!1s0x31752f3454709dd3%3A0xa4adeb3a6fe63461!2sIndochina+Park+Tower!5e0!3m2!1svi!2s!4v1565662325655!5m2!1svi!2s\" width=\"600\" height=\"450\" frameborder=\"0\" style=\"border:0\" allowfullscreen=\"\"><\/iframe>","contact_title":"Drop Us A Line","contact_text_desc":"Comodous et accusamus et iusto odios un dignissimos ducimus qui blan ditiis prasixer esentium voluptatum un deleniti atqueste sites excep turiitate non providentsimils. Nemo enim ipsam voluptatem quia voluptas sit aspernatur aut odit aut fugit, consequunturser magni <strong>halothemes - premium shopify templates & themes.<\/strong>","contact_your_name":"","contact_phone_number":"","contact_your_email":"","display_location":true,"title_location":"Please do get in touch!","location_code":"<p>We'd love to hear from you - please use the<br> form tosend us your message or ideas. Or <br> simply pop in for acup of fresh tea and a <br>cookie:<\/p>\n<p>8808 Ave Dermentum, Onsectetur Adipiscing  <br> Tortor Sagittis, CA 880986, <br> United States<\/p>\n<p class=\"infor\">Mail: stores@domain.com<br>Toll-free: (1800) 000 8808<\/p>\n<p class=\"open-hours\"><strong>Opening Hours:<\/strong><br>Monday to Saturday: 9am - 10pm<br>Sundays: 10am - 6pm<\/p>"}},"sidebar-blog":{"type":"sidebar-blog","blocks":{"1568897026107":{"type":"product","settings":{"enable":true,"title":"FEATURED PRODUCTS","collection":"lorem-et-dorus","limit":"8"}},"1565688937004":{"type":"image","settings":{"enable":true,"image":"shopify:\/\/shop_images\/m-menu-3.jpg","link":"shopify:\/\/blogs\/blog"}},"1565689751811":{"type":"image","settings":{"enable":true,"image":"shopify:\/\/shop_images\/m-menu-2.jpg","link":"shopify:\/\/blogs\/blog"}},"1565691912737":{"type":"quote","settings":{"enable":true,"title":"Custom Block","quote":"Custom CMS block displayed at the left sidebar on the Catalog Page. Put your own content here: text, html, images, media... whatever you like. <br><br>\nThere are many similar sample content placeholders across the store. All editable from admin panel."}}},"block_order":["1568897026107","1565688937004","1565689751811","1565691912737"],"settings":{"display_sidebar_blog_page":true,"back_sidebar":"#fff","color_sidebar":"#34313a","back_sidebar_top":"#f5f5f5","show_sidebar":"left","sidebar_recent_art":true,"sidebar_blog_tags":false}},"blog-template":{"type":"blog-template","settings":{"blog_post":"3","blog_text_align":"left","blog_show_author":true,"blog_show_date":true}},"article-template":{"type":"article-template","settings":{"blog_show_author":true,"blog_show_date":true}},"list-collections-template":{"type":"list-collections-template","blocks":{"1565782191030":{"type":"collection","settings":{"image":"shopify:\/\/shop_images\/04.jpg","collection":"lorem-et-dorus"}},"1566783387510":{"type":"collection","settings":{"image":"shopify:\/\/shop_images\/19_1024x1024_e6b895a7-f421-4ccb-bbb8-ef425959f684.jpg","collection":"milancelos-a-lanos"}},"1566783429708":{"type":"collection","settings":{"image":"shopify:\/\/shop_images\/18_1024x1024_16a3441c-1173-4648-8dc3-5e1e20ea366a.jpg","collection":"lynn-cosmopolis"}},"1566783797620":{"type":"collection","settings":{"image":"","collection":"comos-de-milano"}},"1566783850066":{"type":"collection","settings":{"image":"shopify:\/\/shop_images\/10.jpg","collection":"nor-loremirus"}},"1566783939154":{"type":"collection","settings":{"image":"","collection":"accessorius"}}},"block_order":["1565782191030","1566783387510","1566783429708","1566783797620","1566783850066","1566783939154"],"settings":{"list_collection_results_per_row":"3","list_collection_title_size":"18","style_categories":"style_little"}},"1565836506679":{"type":"home-new-arrivals","settings":{"enable_border":true,"color_border":"#eeeeee","new_arrivals_title":"New Products","color_title":"#34313a","product_list_collection":"comos-de-milano","product_list_limit_all":10,"display_infinite_scrolling_homepage":true,"product_list_limit":"5","collection_results_per_row1":"5","margin_bottom_mb":40,"margin_bottom_tab":40,"margin_bottom":50}},"1565841624512":{"type":"home-featured-products","settings":{"enable_border":true,"color_border":"#eeeeee","featured_products_title":"Featured Products","color_title":"#34313a","show_slider_featured_collection":"lynn-cosmopolis","slider_featured_limit_all":10,"collection_results_per_row1":"5","margin_bottom_mb":40,"margin_bottom_tab":40,"margin_bottom":25}},"1565924197160":{"type":"hompe-block-four-banners","settings":{"enable":true,"enable_border":true,"color_border":"#eeeeee","margin_bottom_mb":15,"margin_bottom_tab":15,"margin_bottom":40,"image_top":"shopify:\/\/shop_images\/watch-1.jpg","image_logo_1":"","title":"Loremous Cosmo","title_color":"#fff","des":"Quisque destibulum risus cosmopolis an cosmodous","des_color":"#fff","link_text":"Quisque destibulum risus","link_color":"#fff","link":"","image_2":"shopify:\/\/shop_images\/watchtica_2.jpg","image_logo_2":"","title_2_top":"timeless.","color_sub_2":"#fff","title_2":"Cosmolis","color_title_2":"#fff","des_2":"Quisque destibulum risus cosmopolis","color_des_2":"#fff","link_text_2":"shop collectoins","link_color_2":"#fff","link_2":"","image_3":"shopify:\/\/shop_images\/watchtica_3.jpg","image_logo_3":"","title_3":"Metrolis","color_title_3":"#fff","des_3":"Quisque destibulum risus cosmopolis","color_des_3":"#fff","link_3":"","image_4":"shopify:\/\/shop_images\/watchtica_5.jpg","image_logo_4":"","title_4":"Luxurious","color_title_4":"#fff","des_4":"Quisque destibulum risus cosmopolis","color_des_4":"#fff","link_4":""}},"sidebar-filter":{"type":"sidebar-filter","blocks":{"1566270795107":{"type":"filter_color","settings":{"enable":true,"title":"Color","list_tags":"Gold,Red,White,Pink,Blue,Gray,Black,blue","show_product_color_img":true}},"1566270506725":{"type":"filter_text","settings":{"enable":true,"title":"Size | Größe","list_tags":"XS, M,XL,S,L,XXL"}},"1566271131327":{"type":"filter_text","settings":{"enable":true,"title":"Price","list_tags":"Less than $300,$300-$800,Above $800"}},"1566271234173":{"type":"filter_text","settings":{"enable":true,"title":"Brand","list_tags":"Dincidunteros,\nNectellus,\nSolutmades,\nLoremous Comodous,\nNamdos Hempus,\nCosmopolis"}},"1566271291919":{"type":"filter_text","settings":{"enable":true,"title":"Product Type","list_tags":"Dincidunteros,\nCosmopolis,\nSolutmades,\nLoremous Comodous"}}},"block_order":["1566270795107","1566270506725","1566271131327","1566271234173","1566271291919"],"settings":{"display_sidebar":true,"back_sidebar":"#fff","color_sidebar":"#34313a","show_sidebar":"left","enable_categories":true,"back_sidebar_top":"#f5f5f5","title_categories":"Categories","style_categories":"style_little","link_list":"menu-categories","enable_product":true,"title_product":"Featured Products","collection":"lorem-et-dorus","limit":"8","enable_img_1":true,"image_img_1":"shopify:\/\/shop_images\/m-menu-3.jpg","link_img_1":"shopify:\/\/collections\/lorem-et-dorus","enable_img_2":true,"image_img_2":"shopify:\/\/shop_images\/m-menu-2.jpg","link_img_2":"shopify:\/\/collections\/lynn-cosmopolis","enable_custom_block":true,"title_custom_block":"Custom Block","quote_custom_block":"Custom CMS block displayed at the left sidebar on the Catalog Page. Put your own content here: text, html, images, media... whatever you like. <br><br>\nThere are many similar sample content placeholders across the store. All editable from admin panel."}},"recently-viewed-products":{"type":"recently-viewed-products","settings":{"display_recently_viewed_products":true,"recently_viewed_products_title":"Recently Viewed Products","number_of_recently_viewed_products":"8"}},"collection-template":{"type":"collection-template","settings":{"display_collection_image":true,"display_image_cls":"image_category","collection_image":"shopify:\/\/shop_images\/Screenshot_1-compressor.jpg","display_collection_des":true,"limited_view":true,"sort_enable":true,"collection_results_per_row":"4","collection_results_per_page":"20","enable_img":true,"img_col":"shopify:\/\/shop_images\/Banner-collections-compressor.png","linnk_img":"\/cart","redirect_button":"link_to","link_to_redirect":"shopify:\/\/collections\/all"}},"cart-template":{"type":"cart-template","settings":{"cart_notes":true,"display_trust_img":true,"img_trust":"shopify:\/\/shop_images\/trust_800x-compressor_800x_16ab00e9-0de8-44f6-83b1-01828131d1a2.png"}},"sidebar-section":{"type":"sidebar-section","blocks":{"1566785050143":{"type":"menu","settings":{"enable":true,"title":"categories","style_categories":"style_little","link_list":"menu-categories"}},"1566785105794":{"type":"product","settings":{"enable":true,"title":"Featured Products","collection":"mens-wachticaes","limit":"8"}},"1566785140752":{"type":"image","settings":{"enable":true,"image":"shopify:\/\/shop_images\/m-menu-3.jpg","link":""}},"1566785164710":{"type":"image","settings":{"enable":true,"image":"shopify:\/\/shop_images\/m-menu-2.jpg","link":""}},"1566785175917":{"type":"quote","settings":{"enable":true,"title":"Custom Block","quote":"Custom CMS block displayed at the left sidebar on the Catalog Page. Put your own content here: text, html, images, media... whatever you like. <br><br>\nThere are many similar sample content placeholders across the store. All editable from admin panel."}}},"block_order":["1566785050143","1566785105794","1566785140752","1566785164710","1566785175917"],"settings":{"display_sidebar":true,"back_sidebar":"#fff","color_sidebar":"#34313a","back_sidebar_top":"#f5f5f5","show_sidebar":"left"}},"product-template":{"type":"product-template","blocks":{"1568282107724":{"type":"image","settings":{"main_pr_look":"","image_1":"shopify:\/\/shop_images\/02.jpg","image_2":"shopify:\/\/shop_images\/10.jpg","image_3":"shopify:\/\/shop_images\/07.jpg","image_4":"shopify:\/\/shop_images\/04.jpg","image_5":"shopify:\/\/shop_images\/07_95ffadf5-127a-43ba-9e2b-24a6e2bb4a27.jpg","image_6":"shopify:\/\/shop_images\/10_33fd05e4-5fdf-44f3-9478-4470ad41f701.jpg","image_7":"","image_8":"","image_9":"","image_10":""}}},"block_order":["1568282107724"],"settings":{"style_moreview":"horizontal","enable_payment_button":false,"video_product":true,"video_product_icon":"#c1c1c1","show_sold_in":false,"item_prd":"3,5,6,7,8,10,12,15","item_prds":"sold in last","hours_prs":"10,15,16,17,18,20,25,35","item_hours":"hours","display_vendor":true,"text_vendor":"Vendor:","display_availability":true,"text_availability":"Availability:","display_product_type":true,"text_product_type":"Product Type:","display_text_zoom":true,"text_zoom_image":"Zoom the image with the mouse","dpl_customers_view":true,"title_view":"customers are viewing this product","number_view":"243, 100, 59, 11, 14, 185, 193, 165, 50, 38, 99, 112, 46, 10, 125, 200, 250, 18","show_desc":"short","display_subtotal":true,"display_product_detail_tag":false,"display_product_detail_share":true,"display_trust_img":true,"img_trust":"shopify:\/\/shop_images\/trust_800x-compressor_800x_16ab00e9-0de8-44f6-83b1-01828131d1a2.png","show_tab":"horizontal","display_product_detail_description":true,"product_description_title":"Description","display_product_reviews":true,"product_review_title":"Customer Reviews","display_shipping_returns":true,"shipping_returns_title":"Shipping & Returns","shipping_returns_content":"<div>\n                <h4>RETURNS POLICY<\/h4>\n<p>Lorem ipsum dolor sit amet, consectetur adipiscing elit. Morbi ut blandit risus. Donec mollis nec tellus et rutrum. Orci varius natoque penatibus et magnis dis parturient montes, nascetur ridiculus mus. Ut consequat quam a purus faucibus scelerisque. Mauris ac dui ante. Pellentesque congue porttitor tempus. Donec sodales dapibus urna sed dictum. Duis congue posuere libero, a aliquam est porta quis.<\/p>\n<p>\nDonec ullamcorper magna enim, vitae fermentum turpis elementum quis. Interdum et malesuada fames ac ante ipsum primis in faucibus. <\/p>\n<p>\nCurabitur vel sem mi. Proin in lobortis ipsum. Aliquam rutrum tempor ex ac rutrum. Maecenas nunc nulla, placerat at eleifend in, viverra etos sem. Nam sagittis lacus metus, dignissim blandit magna euismod eget. Suspendisse a nisl lacus. Phasellus eget augue tincidunt, sollicitudin lectus sed, convallis desto. Pellentesque vitae dui lacinia, venenatis erat sit amet, fringilla felis. Nullam maximus nisi nec mi facilisis.<\/p>\n<h4>SHIPPING<\/h4>\n<p>Lorem ipsum dolor sit amet, consectetur adipiscing elit. Morbi ut blandit risus. Donec mollis nec tellus et rutrum. Orci varius natoque penatibus et magnis dis parturient montes, nascetur ridiculus mus. Ut consequat quam a purus faucibus scelerisque. Mauris ac dui ante. Pellentesque congue porttitor tempus. Donec sodales dapibus urna sed dictum. Duis congue posuere libero, a aliquam est porta quis.<\/p>\n<p>\nDonec ullamcorper magna enim, vitae fermentum turpis elementum quis. Interdum et malesuada fames ac ante ipsum primis in faucibus. <\/p>\n<p>\nCurabitur vel sem mi. Proin in lobortis ipsum. Aliquam rutrum tempor ex ac rutrum. Maecenas nunc nulla, placerat at eleifend in, viverra etos sem. Nam sagittis lacus metus, dignissim blandit magna euismod eget. Suspendisse a nisl lacus. Phasellus eget augue tincidunt, sollicitudin lectus sed, convallis desto. Pellentesque vitae dui lacinia, venenatis erat sit amet, fringilla felis. Nullam maximus nisi nec mi facilisis.<\/p>\n            <\/div>","display_custom_tab":true,"custom_tab_title":"Custom Product Tab","custom_tab_type":"specified","custom_tab_content":"","display_related_products":true,"related_products_title":"Related Products","number_of_related_products":"8","dpl_lookbook_description":true,"style_lookbook_description":"all_product","quote_title_1a":"Sample Image Gallery","quote_title":"Sample Block Quote","quote_des":"Nam tempus turpis at metus scelerisque placerat nulla deumantos solicitud felis. Pellentesque diam dolor, elementum etos lobortis des mollis ut risus. Sedcus faucibus an sullamcorper mattis drostique.","quote_title_2":"Sample Paragraph Text","quote_des_2":"Nam tempus turpis at metus scelerisque placerat nulla deumantos solicitud felis. Pellentesque diam dolor, elementum etos lobortis des mollis ut risus. Sedcus faucibus an sullamcorper mattis drostique des commodo pharetras loremos.Donec pretium egestas sapien et mollis. Quisque de imperdiet massa nec pretium faucibus. Sed sodales nisl eget eros hendrerit del vestibulum nisl rhoncus.","dpl_gallery_lookbook":true,"style_lookbook_gallery":"all_product","dpl_grouped_product":true,"grouped_title":"Frequently Bought Together","grouped_choose_options_text":"Please choose options for all selected products","choose_options":"Select Options","enable_bundle_discount":true,"bundle_discount_text":"Get a [discount]% discount buying these products together | Erhalten Sie einen Rabatt von [discount]%, wenn Sie diese Produkte zusammen kaufen"}},"shop-instagram":{"type":"shop-instagram","blocks":{"1589959243507":{"type":"instagram_block","settings":{"instagram_image":"shopify:\/\/shop_images\/1_70ff04bb-7d98-4879-b734-338604e45748.jpg"}},"1589959253323":{"type":"instagram_block","settings":{"instagram_image":"shopify:\/\/shop_images\/2.jpg"}},"1589959255565":{"type":"instagram_block","settings":{"instagram_image":"shopify:\/\/shop_images\/3.jpg"}},"1589959256988":{"type":"instagram_block","settings":{"instagram_image":"shopify:\/\/shop_images\/7.jpg"}},"1589959259602":{"type":"instagram_block","settings":{"instagram_image":"shopify:\/\/shop_images\/4.jpg"}},"1589959261431":{"type":"instagram_block","settings":{"instagram_image":"shopify:\/\/shop_images\/5.jpg"}},"1589959263411":{"type":"instagram_block","settings":{"instagram_image":"shopify:\/\/shop_images\/6_ebe5f817-2184-4883-9650-48446c03648b.jpg"}},"1589959387257":{"type":"instagram_block","settings":{"instagram_image":"shopify:\/\/shop_images\/8.jpg"}},"1589959388788":{"type":"instagram_block","settings":{"instagram_image":"shopify:\/\/shop_images\/9.jpg"}},"1589959389849":{"type":"instagram_block","settings":{"instagram_image":"shopify:\/\/shop_images\/10_4470fea0-2f93-444b-9910-14665a4c4afa.jpg"}},"1589959431820":{"type":"instagram_block","settings":{"instagram_image":"shopify:\/\/shop_images\/11.jpg"}},"1589959439225":{"type":"instagram_block","settings":{"instagram_image":"shopify:\/\/shop_images\/12.jpg"}},"1589959442267":{"type":"instagram_block","settings":{"instagram_image":"shopify:\/\/shop_images\/13.jpg"}},"1589959445482":{"type":"instagram_block","settings":{"instagram_image":"shopify:\/\/shop_images\/14.jpg"}},"1589959468025":{"type":"instagram_block","settings":{"instagram_image":"shopify:\/\/shop_images\/15.jpg"}},"1589960442700":{"type":"instagram_block","settings":{"instagram_image":"shopify:\/\/shop_images\/16.jpg"}}},"block_order":["1589959243507","1589959253323","1589959255565","1589959256988","1589959259602","1589959261431","1589959263411","1589959387257","1589959388788","1589959389849","1589959431820","1589959439225","1589959442267","1589959445482","1589959468025","1589960442700"],"settings":{"show_instagram":true,"instagram_option":"block","accessToken":"<script src=\"https:\/\/snapppt.com\/widgets\/widget_loader\/8098498b-d46d-4c37-a43b-c18195918f41\/grid.js\" defer class=\"snapppt-widget\"><\/script>","col_list_show_first":14,"show_load_more":true,"instagram_load_text":"Load More...","display_instagram_button":true,"instagram_button_text":"Follow @Watchtica","instagram_button_link":""}},"about-us-slideshow":{"type":"about-us-slideshow","blocks":{"1567666185031":{"type":"content","settings":{"title":"Cosmopolis de Milance","content":"Quisquemos sodales suscipit tortor ditaemcos condimentum de cosmo lacus meleifend menean diverra loremous. Nullam sit amet orci rutrum risus laoreet semper vel non magna. Mauris vel sem a lectus vehicula ultricies. Etiam semper sollicitudin lectus indous scelerisque. Curabitur vel tristique lacus. Nam risus mauris, accumsan et eleifend vitae, dignissim at eros. Vivamus pellentesque dui ex, a interdum orci dignissim vel.","dpl_qoute":true,"profile_picture":"shopify:\/\/shop_images\/user-icon-compressor.png","qoute_heading":"Managing Director","name":"Anne.l","qoute_content":"Quisquemos sodales suscipit tortor ditaemcos condimentum de cosmo lacus meleifend menean diverra loremous. Nullam sit amet orci rutrum risus laoreet semper vel non magna. Mauris vel sem a lectus vehicula ultricies...","button_text":"Meet The Team","button_link":"shopify:\/\/collections\/accessorius"}},"1567666247637":{"type":"content","settings":{"title":"Excepteur sint occaecat","content":"condimentum de cosmo lacus meleifend menean diverra loremous. Nullam sit amet orci rutrum risus laoreet semper vel non magna. Mauris vel sem a lectus vehicula ultricies. Etiam semper sollicitudin lectus indous scelerisque. Curabitur vel tristique lacus. Nam risus mauris, accumsan et eleifend vitae, dignissim at eros. Vivamus pellentesque dui ex, a interdum orci dignissim vel.","dpl_qoute":true,"profile_picture":"shopify:\/\/shop_images\/user-icon-compressor.png","qoute_heading":"Managing Director","name":"Anne.l","qoute_content":"Quisquemos sodales suscipit tortor ditaemcos condimentum de cosmo lacus meleifend menean diverra loremous. Nullam sit amet orci rutrum risus laoreet semper vel non magna. Mauris vel sem a lectus vehicula ultricies...","button_text":"Meet The Team","button_link":""}},"1567668180405":{"type":"content","settings":{"title":"Cosmopolis de Milance","content":"Quisquemos sodales suscipit tortor ditaemcos condimentum de cosmo lacus meleifend menean diverra loremous. Nullam sit amet orci rutrum risus laoreet semper vel non magna. Mauris vel sem a lectus vehicula ultricies. Etiam semper sollicitudin lectus indous scelerisque. Curabitur vel tristique lacus. Nam risus mauris, accumsan et eleifend vitae, dignissim at eros. Vivamus pellentesque dui ex, a interdum orci dignissim vel.","dpl_qoute":true,"profile_picture":"shopify:\/\/shop_images\/user-icon-compressor.png","qoute_heading":"Managing Director","name":"Anne.l","qoute_content":"Quisquemos sodales suscipit tortor ditaemcos condimentum de cosmo lacus meleifend menean diverra loremous. Nullam sit amet orci rutrum risus laoreet semper vel non magna. Mauris vel sem a lectus vehicula ultricies...","button_text":"Meet The Team","button_link":""}}},"block_order":["1567666185031","1567666247637","1567668180405"],"settings":{"autoplay":true,"slideshow_speed":"5000","background_image":"","text_color":"#fff","title_size":"40","button_bg_color":"rgba(0,0,0,0)","button_text_color":"#fff","button_bd_color":"#fff","button_bg_color_h":"#4f4c56","button_text_color_h":"#fff","button_bd_color_h":"#fff"}},"about-us-content":{"type":"about-us-content","settings":{"left_heading":"About Store","left_content":"Quisquemos sodales suscipit tortor ditaemcos condimentum de cosmo lacus meleifend menean diverra loremous. Nullam sit amet orci rutrum risus laoreet semper vel non magna. Mauris vel sem a lectus vehicula ultricies. Etiam semper sollicitudin lectus indous scelerisque. Curabitur vel tristique lacus. Nam risus mauris, accumsan et eleifend vitae, dignissim at eros. Vivamus pellentesque duiex a interdum.","right_heading":"Contact Us","right_content":"Quisquemos sodales suscipit tortor ditaemcos condimentum de cosmo lacus meleifend menean diverra loremous. Nullam sit amet orci rutrum risus laoreet semper vel non magna. Mauris vel sem a lectus vehicula ultricies. Etiam semper sollicitudin lectus indous scelerisque. Curabitur vel tristique lacus. Nam risus mauris, accumsan et eleifend vitae, dignissim at eros. Vivamus pellentesque duiex a interdum."}},"faq-page":{"type":"faq-page","blocks":{"1567669056424":{"type":"text","settings":{"question_faqs":"Will your template be fully compatible with Shopify?","answer_faqs":"Yes it is."}},"1567669115198":{"type":"text","settings":{"question_faqs":"I cannot upload the theme to my Shopify store \/ Shopify alerts that the file is too big to upload, what is the problem?","answer_faqs":"<p>Please make sure that you follow below steps:<\/p>\n\n<p>1\/ Download the package from themeforest.net (the file is in zip format)\n<br>\n<br>\n2\/ Extract the file you've just downloaded.\n<br>\n<br>\n3\/ Find this file: watchtica-1.0.0-sections-ready.zip in the folder Watchtica Sections Ready 1.0.0, then you just need to upload watchtica-1.0.0-sections-ready.zip file to your Shopify store.\n<\/p>"}},"1567669167303":{"type":"text","settings":{"question_faqs":"What I have to do when I need your support?","answer_faqs":"<p>To save your time and reach our support quickly, please follow below steps:\n<\/p><p>1\/ Create a staff account for us (with Themes permission and Settings permission) <a href=\"http:\/\/docs.shopify.com\/manual\/settings\/account\/staff-members\" target=\"_blank\" style=\"color: #e66f65;\" rel=\"noopener noreferrer\">http:\/\/docs.shopify.com\/manual\/settings\/account\/staff-members<\/a><\/p>\n<p>2\/ Capture screenshot or video for the issue you get.<\/p>\n<p>3\/ Specify which template and version you are using.<\/p>\n<p>4\/ Describe clearly how to reproduce the issue.<\/p>\n<p>5\/ Send all information (staff account, screenshot, video, template name and version, description of the issues, link) to <a href=\"mailto:support@halothemes.com\" target=\"_blank\" style=\"color: #e66f65;\" rel=\"noopener noreferrer\">support@halothemes.com<\/a><\/p>\n<p><\/p>"}},"1567669224796":{"type":"text","settings":{"question_faqs":"Would assistance be available to upload the template if needed?","answer_faqs":"Yes, we will assist you to install the template if needed"}},"1567669272509":{"type":"text","settings":{"question_faqs":"Do you guys offer customisation services for your themes?","answer_faqs":"Yes, we do. Please send your customisation requests to support@halothemes.com, we will give you our quote. Thank you."}},"1567669290357":{"type":"text","settings":{"question_faqs":"Can I turn on\/off Lazy Loading Image \/ Item Animation \/ Fade Up on the page?","answer_faqs":"Yes. You can turn on\/off the animation in the Setting page."}},"1567669321796":{"type":"text","settings":{"question_faqs":"Can I turn on\/off some blocks on the page?","answer_faqs":"Yes. You can turn on\/off almost any blocks on the page (featured products, slideshow, banners, related products, recent products,...)."}},"1567669345965":{"type":"text","settings":{"question_faqs":"I want to have the dropdown cart displayed automatically every time clients hover over it (instead of clicking on it). Is it possible?","answer_faqs":"Yes, we have a setting for you to switch between these two options: Display on Hover and Display on Click."}},"1567669371726":{"type":"text","settings":{"question_faqs":"What is included in the theme package?","answer_faqs":"The theme package includes theme source, Photoshop design files, sample data and manual guide."}},"1567669396048":{"type":"text","settings":{"question_faqs":"I notice that the images used in the theme are all portrait. Will that be a problem if I use square images for our products? How will they be displayed in the theme?","answer_faqs":"That is not a problem. You just need to modify the width\/height ratio in theme settings."}},"1567669424600":{"type":"text","settings":{"question_faqs":"Does the theme support image resizing and cropping?","answer_faqs":"Yes. Normally, the theme will resize images to a default size (based on your width\/height ratio setting). We also have Crop setting if you don’t want to scale the image."}},"1567669444887":{"type":"text","settings":{"question_faqs":"Can I add borders around our product images?","answer_faqs":"Yes, you can. Just simply follow the instructions in our Manual Guide, you will be able to easily create a multi-level menu."}},"1567669468873":{"type":"text","settings":{"question_faqs":"Do you guys provide customer support during weekends \/ holidays?","answer_faqs":"Normally we don't provide support during weekends, except for urgent cases. In these cases, you only need to mark “Urgent” in your email, we will get back to you ASAP."}},"1567669489008":{"type":"text","settings":{"question_faqs":"Does the theme support Variant Image?","answer_faqs":"Yes, it does. Please check it out here to see how it works: https:\/\/sneake-demo.myshopify.com\/products\/sample-proin-de-corper-nulla-dan-melementum-1?variant=10214763888684"}}},"block_order":["1567669056424","1567669115198","1567669167303","1567669224796","1567669272509","1567669290357","1567669321796","1567669345965","1567669371726","1567669396048","1567669424600","1567669444887","1567669468873","1567669489008"],"settings":{"des_faqs":"Below FAQ are some common concerns of our clients before purchasing the theme, if you have other questions, please just send it to <a href=\"mailto:support@halothemes.com\" target=\"_blank\">support@halothemes.com<\/a>","contact_text":"Unable to find satisfactory answers ?","contact_link_text":"Contact Support","contact_link":"shopify:\/\/pages\/contact","icon_faqs":"Question","bg_icon_qs":"#9f9aab","color_icon_qs":"#fff","bg_question":"#f5f5f5","color_question":"#000000","font_size_qs":"15","bg_question_acitve":"#4f4c56","color_question_acitve":"#fff","icon_answer":"Answer","bg_icon_answer":"#f14156","color_icon_answer":"#ffffff","color_question_answer":"#000","font_size_answer":"14","color_question_link":"#0688e2"}},"brands-page":{"type":"brands-page","blocks":{"1568174758544":{"type":"image","settings":{"image":"shopify:\/\/shop_images\/brand_1-compressor_80a73954-0c40-4896-8a63-f56738b38bc8.png","title":"Benjamin Button","link":""}},"1568175412058":{"type":"image","settings":{"image":"shopify:\/\/shop_images\/brand_2.png","title":"Benjamin Button","link":""}},"1568175413599":{"type":"image","settings":{"image":"shopify:\/\/shop_images\/brand_3.png","title":"Benjamin Button","link":""}},"1568175415456":{"type":"image","settings":{"image":"shopify:\/\/shop_images\/brand_4-compressor_e80cbf40-459a-4b49-9d12-aeb11af8c8b6.png","title":"Benjamin Button","link":""}},"1568175417221":{"type":"image","settings":{"image":"shopify:\/\/shop_images\/brand_5-compressor_38728d1f-31ae-4111-9352-4013338c7697.png","title":"Benjamin Button","link":""}},"1568175418621":{"type":"image","settings":{"image":"shopify:\/\/shop_images\/brand-3-compressor_200x_1.jpg","title":"Benjamin Button","link":""}}},"block_order":["1568174758544","1568175412058","1568175413599","1568175415456","1568175417221","1568175418621"],"settings":{"display_brand":true}}},"content_for_index":["1565229846311","1565256077424","1565836506679","1565316607101","1565339682070","1565841624512","1565924197160","1565335897792"]}}